point_id,emission,lat,lon,river_name
251,1.27251,-16.942083333726316,145.77958333332492,Smiths Creek
450,0.543931,-11.275416666918147,159.7620833333242,
687,0.203311,-9.735416666880894,160.76374999999075,
688,0.496105,-9.727083333547398,124.8579166666592,
689,1.7207,-9.722083333547232,147.4579166666582,
690,7.72064,-9.717500000845405,119.11208333332604,
691,0.210539,-9.717083333547125,120.5745833333258,Luku Wera
692,2.71286,-9.710416666880237,123.68458333332616,
693,0.523692,-9.705416666880184,160.69541666665782,
694,0.695211,-9.698750000213352,124.88874999999246,Sungai Benanain
695,4.85678,-9.698750000213296,150.04958333332456,
696,0.46632,-9.691250000213133,124.9012499999924,Sungai Benanain
697,0.105232,-9.689583333546466,159.71708333332413,
698,0.682728,-9.687916666879744,123.6837499999923,
699,0.927453,-9.686250000213022,120.50458333332595,Luku Kadumbul
700,3.42968,-9.681250000212856,150.7970833333245,Salamo River
701,0.13694,-9.677916666879526,119.03208333332589,
702,0.155589,-9.677916666879526,161.5220833333242,
703,0.837986,-9.66875000021264,120.32124999999267,Luku Kambaniru
704,1.80483,-9.66875000021264,160.65791666665768,
705,0.156179,-9.667083333545918,150.76458333332448,Salamo River
706,1.46289,-9.664999999838583,120.3333333317688,Luku Palangamili
707,0.124616,-9.66291666687914,150.85458333332463,Kedidia Creek
708,2.14878,-9.66041666687903,120.30958333332605,Luku Kambaniru
709,0.281305,-9.66041666687903,161.4729166666575,
710,1.18766,-9.657916666879032,147.40458333332492,
711,0.135217,-9.65541667014105,119.0158333333261,
712,0.286629,-9.652916670141508,161.5041666666575,
713,0.277383,-9.650416666878812,161.4312499999911,
714,1.04917,-9.649583333545536,150.01124999999126,
715,0.527872,-9.648750000212146,123.67208333332589,
716,0.172876,-9.647083333545424,120.38874999999268,Luku Yumbu
717,3.22842,-9.642916670142483,120.26333333332605,
718,0.302895,-9.642083333545258,149.90124999999125,
719,1.13145,-9.642083333545258,160.66124999999113,
720,0.430675,-9.641250000211985,120.25208333332604,Luku Temu
721,8.22304,-9.637916666878482,149.86791666665795,
722,0.224269,-9.634583333545097,161.4829166666575,
723,2.65187,-9.629583333544929,119.00458333332584,
724,0.608838,-9.6299999998335,161.4708333317675,
725,29.9522,-9.622916666878211,124.98624999999254,Sungai Benanain
726,0.521118,-9.622916666878211,160.6462499999909,
727,0.208869,-9.617916666878044,161.40791666665746,
728,0.518974,-9.617083333544713,159.66958333332434,
729,0.524949,-9.617083333544713,161.54624999999078,
730,1.85705,-9.612083333544549,124.98624999999232,
731,1.5961,-9.612083333544549,149.45458333332454,
732,1.35175,-9.611250000211156,149.66708333332463,
733,0.306195,-9.611250000211273,149.69208333332483,
734,0.767139,-9.610416666877882,149.59291666665786,
735,4.14252,-9.610416666877882,160.6370833333242,
736,3.23242,-9.60958333681276,118.98583333332613,
737,1.35686,-9.609583333544547,149.66624999999135,
738,2.13439,-9.603750000211107,160.63541666665742,
739,4.06698,-9.597916666877666,149.54208333332463,
740,0.435625,-9.59708333354422,118.97208333332584,
741,0.268287,-9.596250000210771,149.48791666665807,
742,0.494248,-9.58958333681477,150.87166666665803,Asapoi River
743,0.297882,-9.587916666877334,159.65458333332435,
744,4.06588,-9.587916666877334,160.61541666665744,
745,0.583452,-9.582083333543892,147.36291666665807,
746,0.110645,-9.58041666687717,161.41041666665762,
747,0.980017,-9.570416666876838,123.73374999999236,
748,1.24431,-9.569583333543562,160.5987499999908,
749,0.959371,-9.56708333681729,161.41083333332426,
750,2.25361,-9.565416666876786,149.41708333332474,
751,0.135983,-9.5620833335434,150.50208333332455,
752,0.552787,-9.557916666876622,159.63458333332449,
753,2.96164,-9.553333333156049,149.41000000154793,
754,2.0228,-9.55208333354318,124.97874999999226,
755,0.122791,-9.54916666749591,160.56791666665754,
801,0.378512,-9.445416666873824,150.18624999999133,Goiala Creek
802,0.641392,-9.443750000207215,120.06124999999248,Luku Rambangaru
803,0.886016,-9.44125000020722,161.33791666665752,
804,0.97251,-9.436250000207052,123.8970833333259,
805,14.3845,-9.434583333540331,159.96624999999108,
806,0.691536,-9.432083333540165,150.67041666665796,Buani River
807,0.443611,-9.432083333540165,160.1120833333241,Tenaru River
808,0.257039,-9.431250000206887,125.11708333332592,
809,0.655213,-9.430416666873612,159.99208333332444,Mataniko River
810,3.5827,-9.430416666873612,160.3879166666577,
811,2.52679,-9.429166667484369,160.08374999999114,Block Four River
812,0.568234,-9.42875000020689,161.4054166666574,
813,2.30903,-9.427916666873555,159.9454166666576,Rove Creek
814,1.22292,-9.42708333354011,150.65791666665802,Buani River
815,0.508827,-9.42708333354011,160.0787499999908,Tenaru River
816,1.57738,-9.426250000206837,147.08291666665832,
817,0.242652,-9.426250000206837,159.9070833333244,Hove Creek
818,1.10469,-9.422916666873448,150.72708333332469,Daguala Creek
819,2.34769,-9.423333334150584,159.92291666665756,Tautu River
820,1.62793,-9.422500000817138,160.3204166666576,
821,0.974397,-9.421250000206667,147.11458333332462,Puma Energy Royal Papua New Guinea Yacht Club
822,1.52051,-9.421250000206667,149.1912499999912,
823,0.212802,-9.417916666873282,159.90041666665752,Poha River
824,0.640499,-9.41625000020656,125.14791666665906,Linha de água
825,4.54164,-9.415416666873284,160.19708333332414,
826,3.9298,-9.415416666873284,160.2729166666575,
827,4.21813,-9.415416666873227,160.2770833333243,
828,0.601858,-9.413750000206504,125.15874999999257,Linha de água
829,1.32152,-9.411250000206394,119.1137499999926,
830,0.169099,-9.411250000206394,125.17791666665936,Linha de água
831,0.286861,-9.410833334149345,159.89624999999114,Poha River
832,7.70001,-9.40791667163876,160.03624999999113,Lungga River
833,3.93584,-9.407083333539674,160.15208333332407,Ngalibiu River
834,0.372815,-9.402083333539622,119.12708333332604,
835,0.196599,-9.39958333353951,119.78958333332616,Anak Sungai
836,0.232698,-9.39958333353951,150.37624999999127,Ufaifa Creek
837,1.79463,-9.398750000206064,123.94124999999246,
838,3.60833,-9.397083333539513,120.03208333332624,Luku Kadahang
839,0.218217,-9.39625000020618,161.3920833333243,
840,3.56281,-9.391666666467302,119.21833333488088,
841,0.263236,-9.38708333353918,149.18041666665818,
842,0.221245,-9.38708333353918,150.62291666665828,Bunai River
843,0.868133,-9.386250000205736,119.23041666665928,KALI MATA
844,3.14299,-9.386250000205736,119.75958333332608,Anak Sungai Lenang
845,1.25907,-9.38541666687246,119.70541666665918,Sungai Ngadu Bolu
846,0.110755,-9.38541666687246,120.01124999999251,Luku Lindi
847,0.447562,-9.382083333539017,119.81958333332592,Anak Sungai Lenang
848,0.150546,-9.377916666872297,119.6762499999926,Sungai Watu Asa
849,0.116509,-9.377916666872297,159.59708333332424,
850,0.131424,-9.377916666872297,161.29874999999095,
851,2.97651,-9.377083333538964,119.34874999999296,
852,4.04605,-9.37583333414591,119.42624999999248,Sungai Wandewa Barat
853,4.92448,-9.37541666687224,119.54124999999294,kali
854,0.268731,-9.37541666687224,159.8687499999911,Poha River
855,13.7929,-9.37012131775873,125.25012209425472,Hasan We Inan
856,0.724143,-9.3695833335388,150.36291666665784,Ufaifa Creek
857,0.170228,-9.3695833335388,150.42624999999134,Ufaifa Creek
858,0.198487,-9.369166666464366,161.17749999843636,
859,0.111411,-9.367916666871963,119.26958333332595,Kali Oro
860,0.459658,-9.367916666871963,119.6562499999925,Sungai Watu Asa
861,1.1805,-9.36708333353863,119.31541666665942,Kali Oro
862,2.41402,-9.36708333353863,119.4895833333262,Sungai Susu Wandewa
863,1.54557,-9.366250000205357,150.56958333332466,Mwadeia River
864,0.478537,-9.360833334144502,119.83958333332625,Sungai.....
865,1.57737,-9.357916666871745,159.85041666665768,Mayo River
866,7.99032,-9.351250000205027,125.27041666665924,Hasan We Inan
867,0.634777,-9.351250000205027,161.14208333332408,
868,0.16902,-9.348750000204973,119.85791666665932,Sungai.....
869,0.148269,-9.34625000020486,119.60874999999272,Sungai Watu Asa
870,0.175406,-9.345416666871586,124.01374999999234,Linha de água
871,0.146485,-9.34499999979448,150.53083333487905,Mwadeia River
872,1.10678,-9.343750000204864,119.86541666665914,Sungai .....
873,1.05055,-9.34375000350616,161.1391666666575,
874,0.340453,-9.339583333537972,161.10041666665757,
875,1.27225,-9.338750000204698,150.35874999999123,Ufaifa Creek
876,0.568074,-9.337083333537976,159.82708333332425,Umasani River
877,5.11755,-9.324583333537646,124.07791666665923,Vala de regadio
878,8.54598,-9.32500000080779,125.29791666665926,We Laleti Lagoon
879,0.149831,-9.32500000080779,159.81208333332427,Umasani River
880,0.173677,-9.321250000204202,159.806249999991,Sombi Creek
881,7.51585,-9.318750000204204,125.30541666665908,We Laleti Lagoon
882,0.548647,-9.318750000204204,161.0837499999907,
883,0.487985,-9.317083333537482,161.2429166666575,
884,0.197277,-9.316250000204208,159.80124999999111,Sombi Creek
885,0.335125,-9.302916670176614,159.78916666665793,Sombi Creek
886,0.425877,-9.298750000203713,149.2212499999914,
887,3.02078,-9.298750000203713,161.06208333332438,
888,0.334291,-9.297916666870378,124.1370833333259,Linha de água
889,4.89505,-9.297083333536987,125.33958333332588,Linha de água
890,3.31895,-9.29500000080492,150.34458333332464,
891,0.266625,-9.290416666870216,159.7720833333242,Togo Creek
892,0.155464,-9.2904166668701,161.24624999999082,
893,3.87618,-9.289583333536768,142.52624999999182,
894,0.525303,-9.287916666870046,150.3412499999913,Dokala River
895,1.08275,-9.28708333353677,125.3529166666591,Linha de água
896,0.251043,-9.284583333536771,124.16791666665904,Linha de água
897,0.228706,-9.282083333536718,159.75541666665788,Sombi Creek
898,0.10704,-9.280416666869884,161.2145833333243,
899,0.594844,-9.277500000803172,159.73958333332416,Puila Creek
900,2.82245,-9.274583333536556,161.22458333332452,
901,3.24285,-9.271250000203167,125.37541666665912,Linha de água
902,0.107966,-9.26458333353628,161.01124999999115,
903,15.6246,-9.25875000351391,125.4174999999924,Linha de água
904,8.475,-9.255416666869335,125.44541666665918,Linha de água
905,4.21177,-9.247083333535784,161.0062499999908,
906,1.46611,-9.239166667466236,124.22208333332604,Bocos Taiboco
907,0.869298,-9.232083333535456,149.23958333332484,
908,3.70286,-9.221666667464548,125.51458333332585,Linha de água
909,42.9489,-9.220416666868516,125.5212499999925,Linha de água
910,0.721634,-9.21958333353524,161.23458333332428,
911,35.9269,-9.211250003518105,124.30333333332578,Lalisuk-Mataunome
912,0.402423,-9.210416666868356,150.1745833333248,Wauma River
913,0.103565,-9.210416666868356,160.96541666665755,
914,2.45692,-9.208750000201462,150.24124999999117,Adegdela Creek
915,0.165736,-9.207916666868186,161.23374999999078,
916,0.127176,-9.205416666868189,160.96541666665755,
917,1.69677,-9.204583333534856,141.6137499999919,
918,0.651883,-9.204583333534856,150.18791666665788,Wauma River
919,0.168695,-9.203750000201468,125.56624999999258,Linha de água
920,0.312902,-9.197916666867968,152.91458333332469,Sinkwarai River
921,0.166826,-9.1941666674619,160.95041666665793,
922,43.5892,-9.19291666686786,125.70124999999246,Linha de água
923,0.731917,-9.192083333534526,125.58374999999228,Linha de água
924,0.568159,-9.190416666867804,141.93208333332495,
925,0.277747,-9.188333334127949,160.94124999999076,
926,0.88885,-9.185416666867638,125.61874999999236,Linha de água
927,0.374346,-9.183750003520288,161.23833333332425,
928,0.708537,-9.181250003520743,124.40499999999258,Linha de água
929,0.434328,-9.181250000200976,160.34624999999096,
930,1.82817,-9.17625000020081,124.56208333332596,
931,0.178205,-9.175416666867363,152.9470833333247,Lufuai River
932,0.166815,-9.174583333534088,160.8970833333243,
933,26.428,-9.171250000200644,141.2979166666587,
934,0.863492,-9.170416666867313,160.92291666665756,
935,0.133479,-9.170416666867313,160.92708333332416,
936,1.54717,-9.168750000200646,125.72374999999248,Linha de água
937,0.942151,-9.165416666867202,125.7329166666591,Linha de água
938,1.03058,-9.164166667458971,152.99041666665823,Lufuai River
939,0.141743,-9.161250003522468,124.59166666665908,
940,0.128101,-9.159583333533703,152.99541666665775,
941,0.331839,-9.157083333533592,142.9454166666585,Binaturi River
942,0.239808,-9.157083333533706,160.3870833333242,
943,0.171433,-9.157083333533706,160.86958333332404,
944,0.224766,-9.152916666866872,152.69541666665782,Munkai River
945,0.40211,-9.14791666686682,161.19708333332449,
946,0.222001,-9.14708333353343,142.05374999999208,Wassi Kussa
947,1.55243,-9.145416666866709,125.79874999999232,
948,0.359828,-9.141250000199932,160.85874999999112,
949,0.171163,-9.13958333353321,161.19708333332449,
950,0.138522,-9.137083333533212,161.19708333332449,
951,8.2219,-9.132916666866493,125.94124999999246,Linha de água
952,0.323034,-9.129583333533049,125.88874999999246,*
953,0.170592,-9.128750000199602,160.2904166666574,Kirighi River
954,0.194295,-9.126666667455424,125.842916666659,*
955,1.03306,-9.12291666686616,160.84291666665774,
956,0.900761,-9.119583333532546,159.2137499999908,
957,0.397498,-9.119583333532546,160.2862499999909,Kirighi River
958,0.957392,-9.116250000199273,124.67291666665903,
959,0.686599,-9.108750000199109,143.00374999999178,Binaturi River
960,1.51562,-9.1070833335325,148.78624999999124,
961,2.45722,-9.103750003527123,125.99249999999232,Linha de água
962,0.248096,-9.101250000198943,160.22708333332457,Takopikopi River
963,0.106953,-9.09875000019889,124.68541666665897,
964,1.12649,-9.093750000198895,160.8287499999908,
965,1.4094,-9.092083333532171,152.61874999999122,
966,0.234595,-9.090416666865336,160.19124999999076,Kereghole River
967,0.697257,-9.090416666865336,161.17041666665762,
968,0.267625,-9.08791666686534,152.70041666665782,Munkai River
969,0.197166,-9.087083333532007,159.19874999999104,
970,0.441074,-9.086250000198618,142.0512499999918,Wassi Kussa
971,0.26184,-9.086250000198618,148.62458333332472,Bariji River
972,0.851381,-9.086250000198618,159.22708333332446,
973,0.200281,-9.086666667451595,160.22124999999073,Takopikopi River
974,0.363356,-9.082916666865174,161.16874999999072,
975,0.937931,-9.073750000198402,148.5920833333247,
976,1.13816,-9.073750000198402,160.81041666665735,
977,0.476205,-9.072083333531566,152.5720833333246,
978,0.326875,-9.072083338351376,152.8370833333246,
979,10.1313,-9.056250000197906,126.06208333332565,Linha de água
980,0.748602,-9.052083333531016,146.745416666658,Aroa River
981,0.291569,-9.052083333531016,149.05041666665818,
982,0.134613,-9.050416666864464,159.08708333332424,
983,8.25243,-9.048750003531724,149.03499999999144,
984,0.547863,-9.045416666864298,124.75291666665942,
985,0.233168,-9.045416666864298,148.91958333332468,Musa River
986,0.141786,-9.045416666864298,149.3129166666581,
987,0.156604,-9.043750000197576,159.11041666665778,
988,1.27704,-9.04333333308938,148.56416666820678,
989,4.95504,-9.038750000197524,143.1745833333248,Oriomo River
990,0.784431,-9.035416666864135,149.2404166666579,
991,0.15348,-9.03583333308842,160.8000000015394,
992,0.53603,-9.032083333530691,116.80874999999264,
993,0.745639,-9.030416666863973,146.97541666665802,
994,0.153105,-9.029583333530695,149.14208333332488,
995,0.274943,-9.028750000197247,160.79541666665762,
996,0.474006,-9.026250000197194,149.1395833333247,
997,0.262602,-9.023750000197085,117.4620833333264,
998,0.377634,-9.020416666863753,149.28624999999147,
999,3.0809,-9.01875000019703,126.10208333332594,
1000,0.106166,-9.01875000019703,160.20708333332414,Kereghole River
1001,4.23162,-9.01791666686364,117.20374999999262,Brang Beh
1002,0.404344,-9.01791666686364,124.79291666665917,
1003,0.221028,-9.017500000778284,152.81041666665806,
1004,1.07105,-9.016666667444838,117.19874999999286,
1005,0.254308,-9.0120833335302,149.19874999999138,
1006,0.100866,-9.00875000019687,160.23624999999083,
1007,0.147955,-9.00416666641786,124.83750000154032,
1008,0.171243,-8.992083333529706,161.12958333332415,
1009,0.122538,-8.989583333529652,160.76708333332442,
1010,2.94592,-8.989166667442305,126.15541666665888,Linha de água
1011,0.162487,-8.98791666686293,142.23124999999175,Mai Kussa
1012,2.76142,-8.985416666862818,161.1262499999907,
1013,2.3782,-8.982083333529488,126.17208333332565,Linha de água
1014,3.93212,-8.981250000196042,126.28291666665928,
1015,8.63976,-8.977916666862598,142.02458333332538,Wassi Kussa
1016,8.39057,-8.9754166668626,126.24041666665904,Linha de água
1017,0.870654,-8.973750000195992,116.73708333332593,
1018,0.670089,-8.972916666862602,146.58624999999142,
1019,0.381872,-8.96999999974696,161.13500000153772,
1020,0.922173,-8.968750000195882,160.75874999999098,
1021,0.104875,-8.967083333529104,148.52541666665795,
1022,0.153265,-8.966250000195714,152.46041666665803,
1023,0.565345,-8.964583333528992,142.24791666665828,Mai Kussa
1024,0.145425,-8.957083333528828,124.94791666665913,Temporario
1025,0.747824,-8.95458333352883,148.52624999999125,
1026,0.312149,-8.953750000195498,160.76041666665765,
1027,19.1067,-8.952083333528776,126.3870833333258,Linha de água
1028,0.975548,-8.947916666862056,126.42541666665898,Linha de água
1029,0.488452,-8.947083333528667,126.44708333332552,
1030,0.330329,-8.944583333528612,120.97291666665932,
1031,2.15992,-8.943750000195223,124.97458333332564,Mota Leometil
1032,2.79102,-8.930416666861618,160.76124999999104,
1033,0.38226,-8.926250000194727,146.5729166666581,
1034,0.416934,-8.924583333528119,151.90541666665786,
1035,3.52591,-8.92375000019473,160.76124999999104,
1036,0.227944,-8.921666667435716,117.68041666665964,
1037,0.226958,-8.91958333352801,117.7412499999931,
1038,0.110477,-8.912916666861122,148.50374999999144,
1039,0.84314,-8.9112500001944,161.06958333332432,
1040,0.38452,-8.909583333527792,160.76124999999104,
1041,0.50289,-8.908750000194345,121.12458333332576,
1042,0.115404,-8.905416666860901,117.7970833333261,
1043,0.117216,-8.905416666860901,161.05791666665775,
1044,0.157341,-8.904583333527626,161.07624999999098,
1045,0.598023,-8.901250000194182,116.22624999999287,
1046,0.754072,-8.901250000194182,116.2945833333265,Menange Mate
1047,1.08972,-8.901250000194182,116.33958333332625,
1048,0.441471,-8.901250000194182,116.35124999999287,
1049,0.175013,-8.901250000194182,161.0520833333244,
1050,0.134888,-8.898750000194184,121.13958333332585,
1051,0.220898,-8.89750000076674,160.7570833333241,
1052,0.473125,-8.892916666860685,116.28124999999272,Menange Mate
1053,0.205102,-8.892083333527296,116.75291666665964,Sungai Benete
1054,0.202621,-8.885416666860408,120.8729166666592,
1055,1.7144,-8.882083333527078,160.7512499999907,
1056,0.210993,-8.881666667432,148.49291666665795,
1057,1.53183,-8.880416666860413,126.52291666665884,
1058,1.09228,-8.87875000019369,125.00458333332574,Linha de água
1059,0.565901,-8.872500000764433,120.69374999999252,
1060,1.98284,-8.872083333526803,126.527083333326,
1061,0.279962,-8.871250000193527,160.7520833333242,
1062,0.110749,-8.870416666860194,116.16208333332622,Kapal
1063,17.2363,-8.86708333352675,116.38708333332625,Sungai
1064,0.192121,-8.867083333526637,120.86791666665908,
1065,1.85526,-8.86625000019336,161.00791666665737,
1066,0.386984,-8.865416666859915,161.00541666665765,
1067,10.6814,-8.863750000193363,126.53291666665903,
1068,1.3406,-8.862083333526584,160.75291666665782,
1069,0.125751,-8.862083333526584,161.01291666665793,
1070,0.746244,-8.858750003545993,120.8616666666594,
1071,0.180047,-8.857916666859865,160.98208333332423,
1072,0.66394,-8.856666667429465,116.39041666665946,Sungai
1073,0.120786,-8.854583333526307,146.58958333332498,
1074,0.138895,-8.853750000193031,116.49624999999276,pier
1075,0.22904,-8.849583333526311,116.772083333326,Sungai Benete
1076,0.572195,-8.848750000192979,160.7412499999907,
1077,1.65188,-8.846250000192867,121.67791666665948,Pelabuhan Ipi Ende
1078,0.661154,-8.841250000192701,120.85624999999254,
1541,1.27273,-8.395416671755243,116.09708333332615,SR Pemenang
1542,0.607892,-8.395416666848746,157.60791666665784,
1543,2.08756,-8.39500000071871,112.45041666665976,
1544,11.7147,-8.394583333515413,112.48124999999322,
1545,0.267978,-8.394583333515413,126.83874999999216,
1546,0.711713,-8.392083333515302,113.40208333332656,Sungai Bondoyudo
1547,0.513597,-8.390416666848694,123.16624999999247,Wai Koli
1548,0.358112,-8.390416666848694,148.20541666665838,
1549,0.711776,-8.388750000181972,112.4370833333262,
1550,0.596058,-8.38625000018186,138.14208333332522,Selemit
1551,0.209675,-8.385416666848585,112.7745833333264,
1552,232.818,-8.384583333515138,113.47624999999287,Sungai Bondoyudo
1553,0.105306,-8.384583333515138,157.6237499999911,Lomboso
1554,0.293225,-8.383750000181863,112.4229166666596,
1555,0.700194,-8.38208333351514,124.11958333332564,
1556,5.14248,-8.381250000181808,114.34874999999283,
1557,0.157411,-8.381250000181808,120.97458333332588,
1558,0.153506,-8.381666667384138,160.80791666665766,
1559,68.3592,-8.380833334050806,113.42291666665994,Sungai Bondoyudo
1560,0.297483,-8.380416666848419,117.17624999999282,
1561,0.147069,-8.380416666848419,122.88041666665912,
1562,9.73229,-8.379583333515086,112.40708333332624,
1563,0.201174,-8.38000000071736,112.90124999999318,
1564,0.984388,-8.379583333515086,120.14708333332578,
1565,1.09608,-8.377916666848364,117.147083333326,
1566,0.141313,-8.377916666848364,124.35874999999248,
1567,0.195584,-8.377083333514975,159.6412499999908,
1568,0.672687,-8.376250000181642,160.69708333332414,
1569,13.7083,-8.37458333351492,112.3887499999928,
1570,3.12317,-8.37458333351492,112.39208333332613,
1571,2.89313,-8.37458333351492,116.72374999999283,
1572,0.757003,-8.37375000018153,123.38708333332568,Wai Rawai
1573,1.81797,-8.374386814169497,160.7160525344383,
1574,0.908361,-8.372083333514809,118.69291666665936,Anak Sungai
1575,0.516244,-8.372500000716627,160.6870833333246,
1576,0.154668,-8.371250000181476,112.83708333332652,
1577,8.21003,-8.371250000181476,148.20541666665838,Ope River
1578,1.33673,-8.3704166668482,126.88458333332584,Rio S. Malailada
1579,0.356104,-8.369583333514754,116.1195833333262,LOKOK KOPANG
1580,5.04399,-8.369583333514754,118.31791666665936,SUNGAI
1581,3.11755,-8.369166667383013,114.351249999993,
1600,7.51493,-8.351250000180983,112.95874999999296,
1601,0.55331,-8.351666667381267,160.76458333332425,
1602,1.95422,-8.349583333514431,116.14791666665964,KALI SOKONG
1603,0.747898,-8.348750000181099,112.26541666665968,
1604,9.19562,-8.348750000181099,114.54624999999282,Ijo Gading River
1605,0.283224,-8.348750000181099,120.18374999999276,
1606,0.137513,-8.348750000181099,120.741249999993,
1607,1.36653,-8.348333333011055,112.3600000015183,
1608,2.75285,-8.347916666847652,160.6279166666577,
1609,0.113217,-8.347083336910487,123.734166666659,Eweng Ure
1610,0.400646,-8.345416666847541,112.23874999999282,
1611,4.43287,-8.345416666847541,114.35624999999276,
1612,0.323234,-8.345416670243765,120.18583333332616,
1613,0.111389,-8.345416666847541,160.72041666665746,
1614,0.374409,-8.344583333514265,114.54291666665938,Ijo Gading River
1615,0.160164,-8.344583333514265,120.77791666665928,
1616,1.07805,-8.343750000180819,115.67374999999264,
1617,0.298111,-8.343750000180819,160.61791666665772,
1618,2.21303,-8.34208333351421,116.70874999999272,
1619,1.87371,-8.34208333351421,120.76874999999244,
1620,2.50707,-8.341250000180821,120.724583333326,
1621,0.161845,-8.340416666847489,120.72041666665928,
1622,0.659423,-8.338750000180653,112.27541666665968,
1623,3.42346,-8.337499999676595,112.27916666513477,
1624,3.00904,-8.336250000180655,112.30874999999288,
1625,61.4749,-8.336250000180655,113.3470833333264,Sungai Bondoyudo
1626,0.157541,-8.33583333300976,124.390833331801,
1627,5.00884,-8.33541666684738,142.78458333332514,Fly River
1628,0.680193,-8.3337500001806,116.69208333332642,
1629,5.74872,-8.332083333513935,112.33458333332636,
1630,0.133322,-8.332083336911126,116.69083333332615,
1631,0.228637,-8.332083333513935,157.29458333332434,
1632,0.372034,-8.33125000018049,118.9929166666592,Anak sungai
1633,1.85954,-8.330833333009139,112.22250000151767,
1634,1.01473,-8.329583333513938,157.27041666665798,Ziata
1635,0.415849,-8.328750000180435,112.97458333332612,
1636,0.286318,-8.328750000180435,160.59208333332413,
1637,0.139882,-8.327916666847159,111.69041666665976,plapar
1638,3.8938,-8.328333333008914,120.68916666818404,
1639,16.2908,-8.326561293001078,112.21795272252008,
1640,6.554,-8.326666667378959,115.63374999999267,Nyuling River
1641,0.359126,-8.326250000180494,122.9245833333258,Anak sungai
1642,16.0586,-8.32375000018044,112.1829166666596,
1643,0.953059,-8.32291666684705,157.24958333332427,Ziata
1644,8.81245,-8.31875000018033,112.06874999999286,
1645,0.840305,-8.317916670245154,114.51999999999305,
1646,0.463756,-8.317916666846884,116.18874999999288,Lokok Kawasan Dusun Lempenge
1647,4.33126,-8.316250000180275,111.57291666665958,Sungai Besar Munjungan
1648,0.316293,-8.316250003578602,118.38916666665956,Parit
1649,0.225988,-8.316250000180275,118.667083333326,Anak Sungai
1650,4.46041,-8.316250000180275,118.76291666665952,parit
1651,0.184044,-8.31541666684683,112.08958333332636,
1652,4.26088,-8.31541666684683,112.1395833333264,
1653,3.49358,-8.31541666684683,112.14541666665946,
1654,0.118033,-8.315416666846886,157.24708333332455,Ziata
1655,1.3745,-8.314583333513553,112.11041666665972,
1656,3.22283,-8.314583333513553,112.12374999999328,
1657,0.399637,-8.314583333513553,114.36291666665966,
1658,1.72795,-8.314583333513553,118.22458333332612,Anak sungai
1659,3.3425,-8.313333333007336,115.62333333485036,
1660,0.233117,-8.31250000071094,112.02874999999312,
1661,0.228228,-8.31041666684672,159.46124999999108,Tuape
1662,0.189079,-8.309583333513388,157.32374999999092,Kesoko
1663,172.717,-8.308333334043823,113.3087499999932,Avour Celeng Mati
1664,0.106671,-8.307083333513276,117.77458333332606,
1665,0.479347,-8.30625000018,116.66791666665928,
1666,0.128246,-8.302916666846556,118.78458333332604,parit
1667,0.478747,-8.302083333513224,111.7079166666598,
1668,2.67783,-8.300833334043148,114.51124999999274,
1669,0.593525,-8.30041667024608,120.24166666665928,Sungai Tide
1670,0.297305,-8.300416666846502,120.5612499999927,
1671,0.28957,-8.29875000017978,116.66374999999266,
1672,0.702452,-8.297916666846504,114.3637499999927,
1673,0.241222,-8.297916666846504,125.5537499999923,Linha de água
1674,4.12366,-8.297083333513058,115.61291666665954,
1675,3.07896,-8.297083333513058,120.58791666665934,
1676,0.756413,-8.296250000179782,125.12958333332564,
1677,0.113547,-8.296666667376087,159.432916666658,Kolofotho
1678,2.96273,-8.295416666846336,118.92958333332626,Saluran air
1679,2.33119,-8.29458333351306,123.30541666665933,Wai Blehok
1680,2.19516,-8.293750000179614,120.4879166666592,Muara Sungai
1681,34.7415,-8.293750000179614,120.49541666665914,Muara Sungai
1682,0.310512,-8.293750000179784,157.23041666665767,Ziata
1683,9.26604,-8.29041666684634,113.1070833333264,Kali Rejati
1684,0.256845,-8.288750000179618,157.77958333332435,Tatavuru
1685,0.229423,-8.287916666846286,120.3829166666593,Wae Ojang
1686,2.57027,-8.287083333512726,111.93541666665952,Ngelo
1687,0.458823,-8.287083333512726,115.604583333326,
1688,0.859206,-8.287083333512726,116.21874999999297,Lokok Kawasan Dusun Lempenge
1689,0.416658,-8.287499999671468,118.8975000015156,
1690,2.3998,-8.286666667375016,111.72874999999294,
1691,0.323728,-8.28625000017945,113.09041666665972,Sungai Regoyo
1692,0.324969,-8.28666666737513,116.6437499999929,
1693,0.646424,-8.286250000179564,120.339583333326,Wae Kuli
1694,42.5924,-8.285416666846174,113.24958333332654,
1695,0.727056,-8.284583333512842,113.1487499999928,
1696,0.11483,-8.284583333512842,120.30041666665944,Sungai Tide
1697,0.882389,-8.283750000179452,113.15291666665962,Kali Rejati
1698,0.117159,-8.283750000179452,120.44958333332602,Muara Sungai
1699,0.674992,-8.28291666684612,111.97874999999289,Ngelo
1700,0.19752,-8.28291666684612,118.83958333332612,
1701,2.68554,-8.282083333512844,113.16041666665956,Besuktunggen
1702,10.7033,-8.282083333512844,113.22374999999306,
1703,5.19222,-8.282083333512844,114.3654166666596,
1704,21.0237,-8.281250000179398,113.17041666665956,Besuktunggen
1705,1.30133,-8.281250000179398,113.1962499999928,Kali Mujur
1706,1.02714,-8.281250000179398,116.62208333332616,
1707,0.183328,-8.28166666737468,120.40541666665932,Wae Ojang
1708,0.726249,-8.281250000179398,146.23958333332496,Akaifu River
1709,2.85578,-8.280416666846122,111.97291666665971,Ngelo
1710,0.259847,-8.279583333512733,157.35958333332428,Kesoko
1711,1.55016,-8.278750003580456,111.94166666665956,Ngelo
1712,12.7623,-8.278750003580456,114.48833333332618,
1713,0.830655,-8.278750000179286,159.7620833333242,
1714,8.83141,-8.275416666846013,111.4545833333264,Sungai Desa Ngulungwetan
1715,2.69359,-8.275416670247296,115.5924999999928,
1716,0.264382,-8.275416666846013,123.82374999999227,Wai Bere
1717,0.178214,-8.272916666845845,157.33291666665775,Kesoko
1718,0.34064,-8.270833334040276,118.19458333332614,
1719,0.748116,-8.267083333512346,148.19208333332472,Ope River
1720,0.539751,-8.266250000178957,116.23791666665976,Kali Sedutan
1721,0.330001,-8.266666667373158,157.4254166666576,
1722,0.284315,-8.265416666845681,118.18291666665948,
1723,0.178661,-8.265000000706323,118.5329166666595,
1724,0.188199,-8.264583333512235,118.56291666665948,Anak Sungai
1725,1.12246,-8.262916670247876,111.37499999999297,
1726,0.132485,-8.262916666845683,111.83624999999311,Sungai Keser
1727,0.159515,-8.262916666845626,114.37208333332626,
1728,0.127777,-8.262083333512237,111.3429166666598,Sungai Lorok
1729,21.1206,-8.262083333512237,111.43874999999308,Sungai Desa Ngulungwetan
1730,0.112066,-8.262083333512237,116.2454166666596,Kali Sedutan
1731,0.201133,-8.26125000017879,111.36458333332644,Sungai Lorok
1732,0.155513,-8.25958333351224,157.47041666665757,
1733,9.54875,-8.258750000178793,111.31374999999304,Sungai Lorok
1734,0.272113,-8.259166667372426,116.54374999999288,Kokok Putih
1735,0.731523,-8.258750000178793,123.11458333332575,
1736,0.216362,-8.257916666845517,128.01291666665895,
1737,9.12654,-8.257083333512185,114.37708333332624,
1738,1.76523,-8.256250000178795,115.5812499999929,
1739,0.38947,-8.255416666845463,116.50624999999307,Kokok Putih
1740,2.7878,-8.255416666845463,116.51624999999284,Kokok Putih
1741,0.180998,-8.255416666845463,122.99041666665914,Wai Keang
1742,2.4704,-8.254583333512073,114.47458333332612,
1743,0.263467,-8.25500000070548,123.66291666665929,Eweng Dalaleng
1744,0.1892,-8.255416668229827,130.88291666665896,
1745,0.220489,-8.252083333512076,116.2604166666598,Kali Sedutan
1746,0.261823,-8.252083333512076,157.48958333332428,
1747,0.283595,-8.251250003581674,159.73416666665753,
1748,0.159348,-8.249583333512021,111.0145833333262,Maron River
1749,5.38248,-8.249583333512021,111.27374999999311,Sungai Lorok
1750,0.258356,-8.247916666845299,124.5170833333259,sungai wolwal
1751,2.12987,-8.24708333351191,143.3345833333251,
1752,2.04069,-8.245833334037854,116.4937499999928,Kokok Putih
1753,0.681717,-8.241250000178468,123.2137499999925,
1754,2.42161,-8.240833334037347,115.5662499999928,
1755,2.70958,-8.239583333511746,110.97874999999313,Kali Cokel
1756,0.989228,-8.23999999966668,116.29166666513868,Kali Lokok Amoramor
1757,2.02296,-8.23750000070379,116.29624999999282,Kali Lokok Amoramor
1758,0.42169,-8.23541666684497,116.47374999999296,Kokok Putih
1759,0.142783,-8.233333334036729,157.62124999999105,Kimbukimbu
1760,3.68611,-8.23041666684486,115.55624999999304,
1761,5.52829,-8.229583333511528,110.95958333332652,Maron River
1762,1.50487,-8.227916666844806,116.44874999999264,
1763,114.855,-8.227083333511416,111.1029166666596,Sungai Grindulu
1764,2.30804,-8.227083333511416,114.39041666665936,
1765,0.217122,-8.223750003583007,124.54583333332596,
1766,0.105012,-8.22291666684464,118.15874999999257,
1767,4.09732,-8.22208333351125,116.42958333332616,Kokok Putih
1768,27.4489,-8.220833334035547,111.09624999999288,Sungai Grindulu
1769,0.319161,-8.220416666844642,116.3254166666593,Kali Lokok Amoramor
1770,0.537065,-8.220416666844642,157.18374999999094,Ziata
1771,5.73842,-8.21875000017792,111.0845833333264,Sungai Grindulu
1772,0.319578,-8.21875000017792,127.93708333332596,
1773,36.8512,-8.217916666844644,114.38624999999274,
1774,3.91125,-8.217083333511198,116.40958333332628,Anak Sungai
1775,0.785581,-8.216250000177922,116.38624999999286,Anak Sungai
1776,0.614074,-8.216250000177922,128.1495833333255,
1777,12.4266,-8.21375000358347,110.91499999999292,Maron River
1778,1.79366,-8.213333334034814,116.354583333326,Anak Sungai
1779,4.65834,-8.212083333511032,110.91291666665956,
1780,0.428945,-8.21041666684431,128.1687499999921,
1781,4.15644,-8.209583333511034,115.51708333332613,
1782,0.106367,-8.208750000177702,122.9729166666591,Wai Welo
1783,0.290452,-8.20708333351098,157.21541666665755,Mbaeroko
1784,0.146985,-8.20625000017759,117.48041666665928,
1785,0.507261,-8.20625000017759,159.66708333332463,
1786,0.171413,-8.205416666844144,110.85708333332629,
1787,3.76886,-8.205416666844144,110.86374999999282,
1788,8.32622,-8.204878478943215,115.5084552763184,Sungai Kering
1789,0.132733,-8.20499999966313,159.2749999984719,
1790,0.30765,-8.202916666844146,110.8304166666598,
1791,3.73582,-8.202916666844146,114.38208333332624,
1792,2.87872,-8.202083333510814,115.50541666665958,Sungai Kering
1793,0.100047,-8.200416666843978,118.14791666665953,Sungai katupa
1794,0.200274,-8.200416666843978,157.27124999999114,Mbaeroko
1795,1.70042,-8.198750000177427,110.71291666665962,
1796,0.267694,-8.196250003584225,159.23666666665758,
1797,0.106364,-8.195416666843983,110.76374999999308,
1798,2.41795,-8.195416666843983,110.77291666665984,
1799,1.9747,-8.19458333351065,114.87958333332642,Tukad Sumaga
1800,0.450485,-8.193750000177374,122.8212499999928,Wai Heras
1801,7.21759,-8.192916666843985,110.79708333332644,
1802,0.952493,-8.192916666843985,114.83541666665953,Celukan Bawang Harbour
1803,0.164617,-8.192916670251122,159.65249999999082,
1804,1.00115,-8.192083333510539,114.82708333332609,Celukan Bawang Harbour
1805,0.333101,-8.190833332995112,110.73499999847456,
1806,2.62983,-8.18958333351054,115.49208333332638,Sungai Kering
1807,3.84784,-8.188750000177208,114.89208333332613,Tukad Sumaga
1808,0.204409,-8.186250000177097,114.38541666665992,
1809,0.405952,-8.186250000177097,114.80958333332626,Tukad Gerokgak
1810,1.22668,-8.185416670251414,115.48666666665952,Sungai Kering
1811,4.63105,-8.182916666843767,110.68291666665988,
1812,0.312934,-8.182916666843767,114.95124999999302,Tukad Saba
1813,1.51329,-8.182916666843767,114.96458333332625,Tukad Mendaung
1814,20.6423,-8.18208333351032,114.92541666665966,Tukad Saba
1815,0.204582,-8.180416666843655,110.6770833333262,
1816,1.15961,-8.180416666843655,114.9820833333265,Tukad Tampekan
1817,0.43426,-8.179583333510209,114.3887499999928,
1818,0.799953,-8.179583333510209,114.79541666665943,Tukad Gerokgak
1819,1.79533,-8.179583333510209,115.47208333332604,Sungai Kering
1820,0.104728,-8.177083333510211,114.99708333332626,Tukad Tampekan
1821,1.40474,-8.176250000176879,110.66374999999312,
1822,0.27918,-8.174583333510213,157.09458333332452,
1823,0.294869,-8.173750000176767,114.77624999999284,Tukad Gerokgak
1824,0.455395,-8.172916666843491,114.76874999999312,
1825,0.251843,-8.172083333510216,114.4554166666594,
1826,0.192981,-8.171250003585328,115.0066666666595,Tukad Mendaung
1827,0.115114,-8.170416666843494,115.46041666665984,Sungai Kering
1828,1.10632,-8.169583333510047,114.75541666665958,Tukad Gerokgak
1829,0.495247,-8.167083336918893,115.45666666665954,Sungai Kering
1830,3.40582,-8.166250003585617,114.46583333332636,
1831,0.140769,-8.166250000176603,124.87624999999264,Bendungan Padang panjang
1832,0.887572,-8.164583336919065,110.6408333333262,
1833,0.137876,-8.164583333509995,115.0195833333263,Tukad Mendaung
1834,0.220353,-8.164583336919065,115.45499999999288,Sungai Kering
1835,0.231801,-8.163750000176606,115.0229166666594,Tukad Mendaung
1836,0.110156,-8.16291666684333,114.46541666665972,
1837,0.1461,-8.16291666684333,124.92291666665938,
1838,0.25091,-8.157916666843107,118.14541666665946,Sungai katupa
1839,1.15334,-8.157083333509831,114.72124999999278,
1840,1.06475,-8.153750003586197,115.42833333332636,Sungai Kering
1841,0.41053,-8.153750000176387,117.734583333326,Lapa Latonda
1842,2.13071,-8.152916666842998,114.528749999993,Tukad Sangianggede
1843,0.307012,-8.152916666842998,124.98791666665907,
1844,0.105556,-8.152916670252807,157.60583333332443,
1845,4.59338,-8.152083333509665,114.51874999999268,
1846,1.4596,-8.15125000017639,115.03458333332628,Tukad Tampekan
1847,0.332413,-8.15125000017639,115.4170833333261,Sungai Kering
1848,0.283093,-8.151250000176276,127.78708333332575,
1849,0.222238,-8.149583333509668,148.14124999999126,
1850,0.190354,-8.148750003586372,114.51833333332615,
1851,0.5916,-8.148750000176221,115.03958333332604,Tukad Tampekan
1852,0.631475,-8.1470833335095,124.74958333332565,
1853,4.36426,-8.14625000017611,110.60791666665956,
1854,1.73733,-8.145833334028339,110.59874999999288,
1855,0.565221,-8.145416666842777,115.04541666665956,
1856,0.440989,-8.144583333509502,114.40041666665968,
1857,0.348235,-8.14500000069495,114.66458333332604,
1858,0.26907,-8.143750000176055,114.65708333332611,
1859,0.757067,-8.143750000176055,114.69291666665958,
1860,2.56093,-8.141250003586663,114.5408333333262,Tukad Sangianggede
1861,0.980323,-8.141250000175944,114.56374999999277,Tukad Sangianggede
1862,0.235209,-8.139583333509336,114.40041666665968,
1863,2.47869,-8.137916666842614,110.57791666665958,
1864,3.19473,-8.13833333402755,114.59541666665972,
1865,1.69373,-8.137083333509338,114.6404166666598,
1866,0.267169,-8.137083333509338,128.09041666665905,
1867,0.98613,-8.137083333509338,157.14124999999115,
1868,0.834909,-8.135416666842445,115.05541666665954,
1869,0.340921,-8.135416666842445,115.38708333332602,
1870,2.52934,-8.133750000175894,110.5470833333265,
1871,0.296846,-8.133750000175894,110.55541666665954,
1872,0.165829,-8.133750000175894,114.40208333332625,
1873,6.83129,-8.132916666842448,114.60874999999282,Tukad Sangianggede
1874,0.403581,-8.13166666632253,115.37166666817518,
1875,0.254052,-8.128750003587243,127.89916666665908,
1876,0.358492,-8.12291666684223,110.5145833333263,
1877,0.229928,-8.122083333508954,157.10791666665773,Malanga
1878,0.836459,-8.119583333508842,115.34541666665962,
1879,0.274007,-8.119583333508842,159.5470833333244,
1880,1.27157,-8.118750000175567,110.50374999999316,
1881,0.80087,-8.118750000175567,115.34374999999272,
1882,0.260075,-8.118750000175567,157.09624999999107,Malanga
1883,0.785961,-8.11791666684212,115.07208333332642,Panarukan
1884,0.190909,-8.117083333508788,157.0704166666576,Malanga
1885,24.7144,-8.114583333508676,115.07541666665952,
1886,0.148586,-8.1137500001754,156.6054166666579,
1887,0.100043,-8.1137500001754,159.10874999999123,
1888,0.34443,-8.113333334025299,115.32291666665958,
1975,0.100698,-7.928750000171021,160.63958333332437,
2225,6.96364,-7.487083333493786,107.24541666666,Sungai Cipandak
2226,66.1031,-7.479583336941289,107.21666666665992,Sungai Cipandak
2227,254.587,-7.476250000160178,112.81458333332624,Kali Porong
2228,11.0802,-7.475416666826845,107.19291666665988,
2229,0.210266,-7.468750000160014,157.7387499999909,
2230,0.278188,-7.459583333493242,147.17874999999174,Bolu
2231,85.3069,-7.45791666682635,107.12958333332654,
2232,21.6057,-7.457083333493074,107.1212499999931,
2233,57.8686,-7.455416666826352,107.10791666665988,
2234,11.8792,-7.444583333492744,106.99791666665976,
2235,7.70262,-7.4437500001594685,106.9820833333266,
2236,8.28444,-7.442083333492746,144.75041666665834,Waiamu channel
2237,0.541063,-7.442083333492746,144.7529166666585,Waiamu channel
2238,9.92825,-7.435416666825972,106.80208333332632,Sungai Cibuni
2239,10.832,-7.435416666825972,106.90374999999337,
2240,100.681,-7.43500000062744,106.89458333332658,
2241,0.663446,-7.4329166668259745,106.88291666666004,Sungai Cibuni
2242,5.99778,-7.432083333492415,106.86291666665971,Sungai Cibuni
2243,0.199015,-7.431250000159139,143.64874999999176,Turama River
2244,1.89539,-7.430416666825863,106.74791666666,Cikaso
2245,1.57079,-7.430416666825863,144.51874999999188,
2246,11.8492,-7.42958333349253,143.64874999999176,Turama River
2247,5.96302,-7.428750000159141,106.72541666665995,Cikaso
2248,145.89,-7.428750000159141,106.79374999999304,Sungai Cibuni
2249,1.06313,-7.427916666825808,144.5504166666583,Buri Passage
2250,10.8461,-7.4262500001590865,106.70541666665986,Cikaso
2251,277.788,-7.420416666825531,106.68041666665988,Cikaso
2252,0.238232,-7.416250003609207,106.56583333332652,
2253,3.08272,-7.41333333395869,106.58208333332648,Cikaso
2254,7.91354,-7.410833333958465,106.54291666665996,Cikarang
2255,9.99086,-7.409583333491923,106.53541666665969,Cikarang
2256,0.200003,-7.398750000158316,157.76291666665782,
2257,0.135216,-7.394583336943072,121.10166666665918,
2258,0.664569,-7.380000000622147,121.1329166666593,
2259,2.87846,-7.377083333491214,138.59624999999187,Kotjembe
2260,141.211,-7.375416666824492,106.48791666665988,Cikarang
2261,0.141374,-7.36625000015772,106.45374999999314,Cikarang
2262,5.88626,-7.360416666824165,106.44458333332652,Cikarang
2263,1.08056,-7.360416666824165,121.08291666665924,
2264,4.4154,-7.359583333490832,106.42291666665987,Cikarang
2265,0.224434,-7.356250000157445,157.25458333332426,
2266,1.84471,-7.352916666823944,147.14458333332482,
2267,0.270293,-7.348750000157224,157.2204166666578,
2268,1.77646,-7.347916666823835,106.4029166666599,
2269,0.11002,-7.3379166668236735,157.1612499999909,
2270,0.220618,-7.334583333490173,106.3987499999933,
2271,89.6628,-7.333750000156897,112.83041666665974,Selokan
2272,11.0078,-7.318750000156456,106.3870833333266,
2273,22.6699,-7.316250000156401,112.8412499999929,Kali Jagir
2274,0.118505,-7.315416666823125,157.46541666665755,
2275,0.169675,-7.303750000156072,157.09458333332452,
2276,3.60122,-7.296250000156078,106.37874999999316,
2277,0.143903,-7.291250000155742,106.37791666665998,
2278,0.345096,-7.276250003611778,106.37749999999328,
2279,0.769611,-7.275416666822139,157.03374999999096,
2280,0.120756,-7.274583333488806,147.12958333332483,Tabali River
2281,0.482027,-7.274583333488806,157.03541666665762,
2282,1.48434,-7.262916666821809,106.38541666666003,
2283,0.430838,-7.248750000154871,147.13791666665804,Tabali River
2284,0.134452,-7.242916666821429,157.0029166666576,
2285,0.47167,-7.238750000154539,106.38041666665988,
2286,0.197818,-7.237083333487988,156.98541666665756,
2287,0.151244,-7.236250000154541,113.53708333332622,Kali Pakerangan
2288,16.6262,-7.235416670279108,112.79499999999302,Kali Mas
2289,49.0996,-7.232083333487822,113.5062499999932,Kali Pakerangan
2290,40.2929,-7.224583333487487,112.68208333332608,Kali Mas
2291,34.8213,-7.222916666820936,112.70958333332636,Kali Mas
2292,49.6726,-7.22208333348749,113.24458333332656,Sungai Kamoning
2293,0.950106,-7.22208333348749,113.45291666665968,sungai samiran
2294,0.685299,-7.220416666820768,113.21708333332616,Sungai Kamoning
2295,2.60294,-7.220416666820881,147.13374999999144,Bitoi River
2296,0.250279,-7.217083333487324,113.38708333332625,WADUK CAMPLONG
2297,0.33256,-7.217083333487324,113.41374999999276,sungai samiran
2298,6.04991,-7.212916666820604,113.32791666665958,WADUK CAMPLONG
2299,0.687279,-7.211250000153882,106.39708333332658,
2300,0.354478,-7.210416666820606,113.02958333332651,Sungai Gangsean
2301,0.210335,-7.20541666682044,113.0079166666594,
2302,102.582,-7.20416666624061,112.65083333478935,Kali Lamong
2303,0.189092,-7.203750000153718,139.1654166666583,Digul River
2304,1.87129,-7.2012500001537205,112.986249999993,
2305,970.727,-7.1962500001535545,112.7354166666596,Kali Mas
2306,17.3365,-7.195416666820222,113.11958333332608,Sungai Gangsean
2307,0.17982,-7.193750000153557,147.11458333332462,Bitoi River
2308,0.208452,-7.191250000153559,112.94458333332614,
2309,3.3351,-7.190416666820113,106.44374999999336,
2310,0.380345,-7.187916666820058,112.9329166666596,
2311,110.939,-7.185416666819947,106.45874999999312,
2312,9.55663,-7.182916666819949,113.56708333332642,Kali Pakerangan
2313,1.32243,-7.180416666819895,112.90708333332634,
2314,9.97978,-7.172083333486341,106.46624999999324,
2315,2.14861,-7.170000000602272,112.88124999999286,
2316,1.97173,-7.167916666819565,113.1545833333264,Sungai Gangsean
2317,0.364315,-7.163750000152845,112.86791666665977,
2318,4.44924,-7.162916666819569,112.86541666665948,
2319,0.969174,-7.161250000152847,113.57374999999308,Kali Pakerangan
2320,2.135,-7.157916666819233,112.7979166666596,
2321,7.53096,-7.154583333485789,113.15541666665968,Sungai Gangsean
2322,0.887383,-7.147500000600132,147.05624999999156,Bitoi River
2323,17.8296,-7.145105537943266,113.1420474329592,Sungai Gangsean
2324,0.2997,-7.142916666819019,113.58708333332628,Kali Pakamban
2325,0.190753,-7.138750003613779,106.45583333332638,
2326,2.38812,-7.135416670280506,112.69749999999294,Kali Lamong
2327,13.3145,-7.132500000598725,112.62791666665976,Kali Lamong
2328,1.19406,-7.132500000598725,113.59708333332628,Kali Pakamban
2329,0.116855,-7.128750000151968,120.72874999999271,
2330,0.549198,-7.127083333485302,106.46708333332656,
2331,2.47645,-7.127083333485302,113.6487499999929,Kali Pakamban
2332,0.274824,-7.124583333485305,139.43624999999167,Digul River
2333,0.125234,-7.12208333348525,157.13624999999092,
2334,3.14427,-7.115416666818419,113.66624999999294,Kali Sumberkaju
2335,2.63751,-7.11375000015164,112.70458333332613,
2336,0.766753,-7.110416670280756,113.69249999999296,Kali Sumberkaju
2337,0.108715,-7.1041666662329135,157.13000000144757,
2338,8.74043,-7.102083336947601,112.62583333332624,
2339,0.465475,-7.100416670280879,106.49499999999313,
2340,5.32751,-7.078750000150819,106.52374999999336,
2341,284.924,-7.0745833334841,112.63124999999286,Bengawan Solo
2342,1.06308,-7.07125000361458,157.12333333332435,
2343,1.37902,-7.067916666817155,114.34791666665956,
2344,41.0348,-7.065416666817214,113.88791666665976,Kali Marengan
2345,3.12614,-7.057916666424035,106.54124999757948,Ci Tarik
2346,0.175787,-7.0537500001502735,106.54541666665985,Ci Tarik
2347,0.160917,-7.051666667257734,120.62708333332624,
2348,1.89635,-7.04958333348344,157.1137499999909,
2349,0.188237,-7.041250000149944,147.02791666665814,Tablac River
2350,0.460344,-7.039583336948283,106.54666666665968,Ci Tarik
2351,0.530578,-7.038750000149832,112.70791666665956,
2352,0.118673,-7.037083333483224,147.0212499999916,Tablac River
2353,323.224,-7.028750000149671,106.54791666665994,Ci Tarik
2354,16.0333,-7.02125000014945,113.90874999999323,Sungai
2355,0.253467,-7.018750000149339,146.98958333332496,Tablac River
2356,3.09009,-7.017916666816007,113.92541666665966,Sungai
2357,39.9823,-7.015416666816009,112.74874999999304,
2358,3.15597,-7.013750000149173,113.96791666665968,Kali Marengan
2359,0.938324,-7.002916666815679,112.76791666665952,
2360,0.574805,-6.997916666815513,157.10791666665773,
2361,5.34513,-6.997083333482237,106.54291666665996,Ci Tarik
2362,0.28167,-6.9958333339191086,112.77708333332612,
2363,4.63014,-6.990416666815349,106.54291666665996,Ci Tarik
2364,0.891288,-6.988750000148741,106.38124999999307,Sungai Cibareno
2365,0.194598,-6.987916666815295,112.78624999999283,
2366,1.50354,-6.985416666815183,106.33708333332652,Sungai Cibareno
2367,2.21078,-6.985416666815183,106.54291666665996,Ci Tarik
2368,0.611611,-6.985416666815183,112.78708333332612,
2369,0.239928,-6.984583333481908,115.32874999999308,
2370,0.362018,-6.984583333481908,156.7187499999909,Kolombangara River
2371,11.7766,-6.983333333917869,106.30708333332645,Sungai Cimadur
2372,0.192808,-6.980416666815188,146.96291666665795,Gwado River
2373,8.9964,-6.977500000583916,106.39708333332658,Sungai Cibareno
2374,1.2928,-6.976250003615405,106.29833333332648,Sungai Cimadur
2375,1.11743,-6.972916670282132,106.52666666665992,Ci Tarik
2376,1.17732,-6.971250000148302,146.9479166666581,Gwado River
2377,5.58153,-6.967083333481526,106.2645833333264,Sungai Cimadur
2378,0.173852,-6.964583336948863,106.26249999999322,Sungai Cimadur
2379,2.82547,-6.963750000148082,112.80458333332616,
2380,0.980121,-6.962916666814692,106.50124999999332,Ci Maja
2381,0.917227,-6.961666667249176,106.41791666665988,Sungai Cibareno
2382,0.382003,-6.961250000148084,106.48458333332644,Ci Maja
2383,0.391543,-6.960416666814524,106.48624999999316,Ci Maja
2384,0.548088,-6.95791666681464,106.42791666665966,Ci Titis
2385,0.159254,-6.9554166668145285,106.4629166666598,Ci Titis
2386,5.88592,-6.95375000014792,110.40791666665962,Sungai Semarang
2387,1.12892,-6.9520833334810845,106.44624999999326,Ci Titis
2388,352.008,-6.9520833334810845,110.40124999999313,Sungai Semarang
2389,177.588,-6.9520833334810845,110.43958333332648,Kali Banger
2390,78.8529,-6.947916666814365,110.33874999999318,Kali Bringin
2391,92.3037,-6.948333333914604,110.47708333332628,Kali Sringin
2392,5.06754,-6.946250000147643,110.48208333332629,Kali Babon
2393,7.14681,-6.945416670282384,139.2183333333253,
2394,0.363128,-6.939583333480755,146.94874999999138,Bwussi River
2395,19.5918,-6.938750000147422,106.24708333332636,Sungai Cimadur
2396,24.3438,-6.9362500001474245,110.3104166666596,Kali Plumbon
2397,3.30056,-6.934583333480703,112.59458333332611,Bengawan Solo
2398,0.790087,-6.931250000147259,106.23958333332666,Sungai Cimadur
2399,0.599583,-6.930416666813983,157.05374999999128,
2400,3.1871,-6.926250000147206,114.08374999999296,
2401,0.762242,-6.924583333480541,106.22708333332662,Sungai Cimadur
2402,13.5455,-6.924166667245686,112.82791666665946,
2403,0.36114,-6.923750000147095,157.046249999991,
2404,0.757296,-6.922500000578907,109.96874999999297,
2405,1.05651,-6.921250000147097,115.33541666665964,
2406,2.38522,-6.919583333480375,110.00958333332642,
2407,1.60718,-6.918750000146929,109.95041666665976,
2408,1.07456,-6.917083333480377,109.88874999999314,
2409,0.223051,-6.910416666813489,115.44958333332602,
2410,0.18514,-6.910416666813489,134.17124999999191,
2411,4.98521,-6.90999999955136,106.19416666810304,Sungai Cimadur
2412,0.292531,-6.908750000146881,106.17624999999316,
2413,3.80842,-6.908750000146881,106.18874999999308,Sungai Cimadur
2414,33.4048,-6.908750000146881,109.85124999999294,
2415,8.30384,-6.907083333480159,110.24958333332636,Kali Plumbon
2416,20.3854,-6.90625000014677,109.8387499999929,
2417,74.0362,-6.90625000014677,110.0404166666599,Kali Mati
2418,1.00034,-6.905000000577218,112.50041666665982,Bengawan Solo
2419,5.86305,-6.902083333479993,112.13458333332665,Kali Glodog
2420,1.3037,-6.901250000146604,106.15124999999324,
2421,0.200275,-6.901250000146717,139.03458333332537,
2422,1.03329,-6.900416666813271,109.80958333332632,
2423,2.46936,-6.900833333910157,114.02708333332636,
2424,0.531071,-6.899583333479882,115.37458333332596,
2425,11.2135,-6.89916666621707,110.49499999855044,Kali Serot
2426,6.74463,-6.897083333479884,113.19958333332649,
2427,2.92217,-6.897083333479884,113.50791666665988,
2428,1.50949,-6.897500000576372,114.01958333332652,
2429,0.907475,-6.896250000146438,112.10958333332631,Kali Kradenan
2430,15.5648,-6.896250000146438,113.4845833333261,
2431,11.2185,-6.894583333479829,110.49874999999317,Kali Serot
2432,0.99169,-6.8937500036161055,106.13666666665996,
2433,0.112773,-6.89375000014644,113.16124999999327,
2434,23.4649,-6.892916666812994,110.09791666665969,Kali Mati
2435,2.50969,-6.894583334307527,112.17541666238276,Kali Lohgung
2436,3.30898,-6.892916666812994,112.46874999999297,
2437,0.83815,-6.892916666812994,113.13374999999292,
2438,0.282094,-6.892083333479718,112.98458333332644,
2439,4.35986,-6.892499999550012,113.31166666521756,
2440,8.75414,-6.892083333479718,113.5729166666597,
2441,11.232,-6.892119140580462,110.50010561048724,Kali Serot
2442,0.550367,-6.8912500001463854,113.27958333332629,
2443,2.37319,-6.890416666812996,109.79124999999313,
2444,6.92839,-6.890416666812996,112.0595833333266,Kali Mati
2445,0.378292,-6.890833333909143,113.23458333332631,
2446,0.951101,-6.890416666812996,113.45291666665968,
2447,0.413299,-6.890416666812996,146.95124999999143,Buang River
2448,4.49168,-6.889583333479664,109.78458333332657,
2449,0.343477,-6.889583333479664,113.3504166666596,
2450,0.298565,-6.888750000146274,113.09291666665943,
2451,0.56995,-6.888750000146274,113.38041666665958,
2452,0.91335,-6.888750000146274,113.60624999999276,
2453,0.130496,-6.8879166668129415,106.12458333332644,
2454,1.26058,-6.888333332883008,112.95666666810143,
2455,0.343178,-6.8879166668129415,113.39708333332646,
2456,0.809446,-6.8879166668129415,113.42708333332632,
2457,0.349845,-6.887083333479552,113.71958333332611,
2458,0.169374,-6.887083333479552,156.97624999999118,
2459,2.66123,-6.886250000146276,113.65708333332655,
2460,6.03156,-6.886250000146276,113.73708333332638,
2461,11.4614,-6.884583336949504,112.04999999999312,Kali Sambong
2462,4.13473,-6.884583336949504,113.05749999999296,
2463,0.12006,-6.884583333479554,113.7679166666594,
2464,2.52393,-6.8841666672418,109.7604166666598,Kali Pekalongan
2465,1.00518,-6.883750000146222,113.80541666665964,
2466,0.167336,-6.883750000146222,115.24124999999287,
2467,29.4289,-6.883333332882614,110.1283333318849,Sungai Truko
2468,0.411397,-6.882916666812832,134.26791666665872,
2469,0.747187,-6.8820833334795,113.01708333332658,
2470,0.123484,-6.8820833334795,156.9745833333243,
2471,42.5325,-6.881666667241632,109.75458333332648,Kali Pekalongan
2472,1.83268,-6.881250003616174,113.0316666666597,
2473,58.2685,-6.880416666812778,110.226249999993,Lamat River
2474,1.36352,-6.877916666812666,112.2545833333262,anak sungai bengawan solo
2475,3.38067,-6.877083333479391,106.1020833333264,
2476,1.89522,-6.877083333479391,112.24624999999288,anak sungai bengawan solo
2477,1.90756,-6.876250000146058,112.38374999999304,
2478,0.176898,-6.875833332882053,110.1416666652189,Sungai Truko
2479,24.9432,-6.874583333479222,109.73041666665972,Kali Pekalongan
2480,1.92732,-6.875000000574289,112.37874999999303,
2481,10.2485,-6.873750000145947,109.29124999999306,Kali Rambut
2482,0.201976,-6.873750000145947,112.4395833333266,
2483,28.3071,-6.872916666812614,109.26958333332652,
2484,1.1827,-6.872916666812614,112.29624999999282,anak sungai bengawan solo
2485,70.9462,-6.872083333479225,110.51291666665976,Kali Serot
2486,2.17378,-6.86958333347917,112.3454166666595,
2487,33.2,-6.867916666812448,109.24208333332632,
2488,0.113929,-6.867083333479059,106.08958333332646,
2489,1.09341,-6.867083333479059,109.32791666665986,Kali Rambut
2490,0.462197,-6.86541666681245,113.89458333332608,
2491,177.081,-6.864583333479004,110.51708333332618,Kali Onggolawe
2492,0.516661,-6.864583333479004,134.32291666665878,
2493,0.101805,-6.863750000145728,105.52041666665974,Pinang Bulu River
2494,1.29005,-6.862916666812282,109.22291666665971,Kaligung River
2495,60.1774,-6.862916666812282,109.3404166666599,Kali Rambut
2496,6.10792,-6.862500000573164,109.20124999999324,Kaligung River
2497,0.121358,-6.862083333479006,156.95708333332436,
2498,15.9785,-6.860416666812398,112.02708333332646,Kali Morobuntu
2499,7.66237,-6.859583333478838,155.59624999999096,Silibai
2500,164.98,-6.858750003616308,109.6833333333264,Kali Pekalongan
2501,0.825323,-6.85833333390616,106.0862499999934,Sungai Cihara
2502,2.71786,-6.857916666812287,109.39291666665969,Kali Rambut
2503,72.8711,-6.85708333347884,110.17041666665956,Lamat River
2504,2.85581,-6.856250000145565,155.67041666665796,Roro
2505,0.460229,-6.856250000145565,155.71958333332452,Uguimo
2506,44.6273,-6.854583333478672,109.17791666665966,Kaligung River
2507,0.543272,-6.852916666812121,105.58124999999312,
2508,0.155293,-6.852916670283037,106.07916666666,Sungai Cihara
2509,1.23764,-6.852083333478845,105.58958333332656,
2510,72.5252,-6.850416666812123,109.41624999999294,
2511,60.7078,-6.848750000145401,109.65374999999318,Sungai Surabayan
2512,122.211,-6.847916666812068,109.1437499999929,Kaligung River
2513,5.71281,-6.847916670283041,155.56749999999113,Oamai
2514,21.5361,-6.847083333478679,105.76874999999312,
2515,59.346,-6.845416666811957,109.63124999999296,Sungai Surabayan
2516,0.135289,-6.845416666811957,112.5529166666596,Bengawan Solo
2517,0.583366,-6.845416666811957,115.2487499999927,
2518,0.124625,-6.844583333478681,155.55541666665772,Oamai
2519,0.71869,-6.842083333478627,105.62624999999304,
2520,2.90035,-6.842083333478627,105.64874999999309,
2521,0.351938,-6.842083333478627,105.65541666665996,
2522,0.282088,-6.841250000145237,105.63374999999331,
2523,100.159,-6.84125000014518,109.59874999999312,Sungai Surabayan
2524,1.08706,-6.838750000145183,105.7345833333266,
2525,249.868,-6.837916666811793,105.8820833333267,Sungai Cibaliung
2526,0.670531,-6.8370833334785175,105.81791666666004,Sungai Cibaliung
2527,12.0198,-6.8370833334785175,105.82124999999331,Sungai Cibaliung
2528,73.5847,-6.837500000570742,109.09874999999325,Sungai Cipemali
2529,30.7688,-6.836250000145071,105.67374999999322,
2530,0.678812,-6.836250000145071,109.44791666665992,Comal
2531,6.3811,-6.834583333478349,155.5179166666577,Mivo
2532,1.53148,-6.833750000144903,106.0637499999932,Sungai Cihara
2533,0.957224,-6.833750000144903,115.32458333332612,
2535,1.03077,-6.832500000570292,115.3120833333262,
2536,0.17252,-6.831250000144905,155.74124999999117,Little Siwi
2537,0.108286,-6.8304166668116295,156.8662499999914,
2538,0.106335,-6.829583333478183,106.05458333332638,Sungai Cihara
2539,127.71,-6.8270833334781855,108.94124999999316,
2540,2.68685,-6.8270833334781855,109.5595833333262,Comal
2541,0.613383,-6.8237500001447415,109.55541666665977,Comal
2542,11.752,-6.820416666811411,106.03124999999336,Sungai Cihara
2543,0.150269,-6.818750000144576,146.9479166666581,Wasi Creek
2544,1.13735,-6.8179166668113,106.0162499999932,Sungai Cihara
2545,0.202387,-6.813750000144523,108.74374999999316,Kali Ciberes
2546,14.9797,-6.813750000144523,108.74541666665988,Kali Ciberes
2547,3.43403,-6.813333333901824,108.7420833333266,Kali Ciberes
2548,0.478901,-6.812916666811134,155.75958333332437,Uguimo
2549,40.5562,-6.811250000144412,108.88874999999295,Kebuyutan
2550,55.9925,-6.809583333477804,108.71124999999311,Kali Ciberes
2551,0.130238,-6.808750000144414,105.3612499999931,
2552,13.3326,-6.8079166668110815,155.7670833333243,Uguimo
2553,0.194967,-6.806250000144416,109.0712499999932,Sungai Cipemali
2554,228.62,-6.804583333477694,109.493749999993,Comal
2555,4.20639,-6.802916666810916,155.45958333332442,Mobiai
2556,1.66994,-6.80208333347764,105.49208333332672,Pinang Bulu River
2557,22.865,-6.800416666810804,111.82874999999308,
2558,2.69621,-6.799583333477528,111.85958333332616,
2559,13.7117,-6.797083333477474,108.68208333332636,Sungai Cimanis
2560,0.737312,-6.796250000144198,111.87624999999304,
2561,0.490823,-6.795416666810752,105.4979166666597,Pinang Bulu River
2562,284.913,-6.794583333477476,109.01124999999296,Sungai Cipemali
2563,3.54073,-6.79375000014403,111.80958333332649,
2564,71.9482,-6.79291666681064,110.56208333332626,Kali Mesem
2565,2.14291,-6.79291666681064,111.88874999999292,
2566,0.298282,-6.792083333477308,105.50041666665982,Pinang Bulu River
2567,0.591638,-6.791250000144032,111.9854166666596,Kali Morobuntu
2568,7.91058,-6.790416666810586,155.79374999999118,Muliko
2569,0.463927,-6.787083333477142,111.79624999999304,
2570,2.21671,-6.782916666810536,155.43291666665775,Ogorata
2571,0.423191,-6.780416666810424,111.92124999999312,
2572,0.768107,-6.778750000143702,155.93291666665766,Aitloai
2573,5.20909,-6.776250000143705,111.77124999999312,
2574,371.548,-6.775727754423087,108.80628585992412,Ci Sanggarung
2575,222.531,-6.774583333476983,110.5729166666598,Kali Klenceng
2576,0.106602,-6.774583333476983,111.92958333332638,
2577,0.303029,-6.77375000014365,105.5045833333266,Pinang Bulu River
2578,5.30527,-6.771250000143539,111.73791666665954,
2579,114.625,-6.7699999995408575,108.63583333189293,Sungai Cikanci
2580,0.135315,-6.767916666810208,108.83124999999302,Ci Sanggarung
2581,0.155745,-6.766250000143373,155.81458333332444,Uguimo
2582,3.9646,-6.765416666810097,155.40791666665802,Hari
2583,3.97491,-6.761250003616681,111.70249999999317,
2584,0.310381,-6.759583333476599,108.6629166666596,Sungai Cimanis
2585,1.94524,-6.757083333476487,155.85624999999095,Samiai
2586,0.185261,-6.756250000143211,105.51208333332649,Pinang Bulu River
2587,16.3987,-6.756250003616628,108.59666666665976,Sungai Cikanci
2588,0.104585,-6.752916666809767,105.40874999999328,
2589,0.11803,-6.750833332872844,134.06166666522677,
2590,0.31916,-6.747083333476155,155.3787499999911,Hari River
2591,0.134271,-6.746250000142879,105.51208333332649,Pinang Bulu River
2592,0.260033,-6.745416666809604,147.34708333332492,Buhem River
2593,1.16879,-6.744583333476271,147.53458333332492,Bukang River
2594,0.592989,-6.742916666809549,111.67791666665973,
2595,0.36925,-6.74208333347616,147.3120833333246,Buap River
2596,0.317436,-6.741250000142827,147.50458333332517,Bukang River
2597,49.0202,-6.740416666809438,108.58708333332623,Sungai Kalijaga
2598,0.147715,-6.739583333476162,147.29124999999135,Buap River
2599,306.243,-6.738750000142716,147.01791666665804,Butibum River
2600,0.142105,-6.737083333476107,134.06791666665868,
2601,138.716,-6.737083333476107,146.97958333332463,Markham River
2602,1.5766,-6.737083333476107,147.2037499999915,Bubom River
2603,159.441,-6.73625000361676,108.58583333332638,Sungai Kalijaga
2604,1.39201,-6.736250000142718,147.3620833333249,Buhem River
2605,0.679355,-6.735416666809385,147.23124999999163,Bubom River
2606,251.042,-6.734583333475996,110.57458333332636,Kali Wulan
2607,0.64562,-6.733750000142663,147.2504166666581,Bulu River
2608,2.80252,-6.733333333894223,111.66624999999284,
2609,13.3709,-6.731250000142552,111.66374999999312,
2610,0.152059,-6.731250000142552,147.4662499999913,Busa River
2611,7.26757,-6.731250000142552,155.34791666665774,Hongorai
2612,0.813148,-6.727083333475832,147.4579166666582,Busa River
2613,1.04917,-6.726250003616769,105.51333333332656,Pinang Bulu River
2614,0.208468,-6.724583333475778,110.59041666665983,Kali Wulan
2615,0.689672,-6.722916666809056,105.52291666666002,
2616,3.39872,-6.722916666809056,147.17958333332467,Buso River
2617,0.28884,-6.721250000142334,147.39791666665815,Busa River
2618,0.120552,-6.717083333475614,147.06958333332477,Bupu River
2619,0.516929,-6.714583333475616,147.57541666665816,Mongi River
2620,7.88594,-6.711250000142172,147.59958333332474,Mongi River
2621,0.65008,-6.708750000142118,147.1262499999914,Buiem River
2622,0.661274,-6.707916666808728,147.13374999999166,Buiem River
2623,0.758218,-6.707083333475396,105.54041666666006,
2624,59.6113,-6.707083333475396,110.61208333332632,Kali Jatunseluna
2625,1.41149,-6.707083333475396,147.1362499999915,Buiem River
2626,0.492879,-6.706250000142006,147.09874999999147,Burep River
2627,0.146892,-6.706250000142006,147.75124999999173,Busiga River
2628,5.34112,-6.704583333475284,147.0929166666583,Burep River
2629,0.897545,-6.7037500001420085,147.15124999999148,Buiem River
2630,77.3755,-6.702916666808562,108.56708333332648,Kali Sukalila
2631,2.24012,-6.702916666808562,111.36458333332644,
2632,1.00449,-6.702083333475287,111.36874999999289,Sungai Babagan
2633,17.722,-6.70125000014184,111.3329166666598,
2634,0.185112,-6.6987500001418425,147.66291666665825,Mongi River
2635,4.33543,-6.697916666808396,111.62624999999308,
2636,0.100199,-6.697916666808396,156.65541666665763,
2637,0.992924,-6.696250000141788,105.55541666665982,
2638,0.185853,-6.695416666808399,147.7745833333247,Busiga River
2639,0.991819,-6.6937500001416765,111.39124999999292,Sungai Babagan
2640,5.994,-6.689583333474957,111.25624999999307,Randu Gunting
2641,16.4053,-6.688750000141624,111.2370833333265,Randu Gunting
2642,0.242539,-6.686250000141513,105.56124999999338,
2643,28.7116,-6.679583333474625,111.42791666665975,Sungai Babagan
2644,0.167499,-6.677083333474627,155.30458333332444,Puriata River
2645,232.144,-6.670416666807853,111.19958333332649,Kali Juwana
2646,2.12523,-6.670416666807853,147.82958333332476,Buka River
2647,0.621383,-6.669583333474463,111.59541666665962,
2648,1.5273,-6.667916666807741,111.45291666665968,Sungai Babagan
2649,148.728,-6.662083333474243,108.55708333332632,Sungai Condong
2650,1.46856,-6.660416666807578,147.83874999999125,Buka River
2651,11.0966,-6.6608333338873535,155.28291666665768,Puriata River
2652,0.293291,-6.657083333474247,155.94458333332432,Birieine
2653,0.388921,-6.657083333474247,156.60958333332474,
2654,0.39954,-6.656250000140801,105.58541666665997,
2655,1.91061,-6.655416666807525,138.77541666665866,
2656,0.569276,-6.652083333474081,110.6462499999929,Kali Kanal
2657,1.6128,-6.64958333347397,105.59624999999312,
2658,2.65247,-6.64958333347397,110.64624999999307,Kali Kanal
2659,0.124745,-6.649166667219674,156.57208333332437,
2660,0.657368,-6.644878245360474,156.54845510340397,
2661,0.103761,-6.64125000014036,111.46624999999312,Sungai Babagan
2662,4.0415,-6.635416666807032,147.85874999999157,Buta Creek
2663,5.2574,-6.634583333473586,110.64041666665952,Kali Kanal
2664,0.623294,-6.630416666806866,111.50541666665949,
2665,6.1613,-6.6262500001400895,105.61374999999316,
2666,22.3137,-6.617916666806536,110.6479166666598,Kali Kanal
2667,0.272687,-6.613750000139817,156.5229166666577,
2668,0.355418,-6.612083333473095,155.23458333332462,
2669,0.19111,-6.611250000139819,147.85791666665796,Buta Creek
2670,23.764,-6.610416670283598,110.65333333332626,Kali Kanal
2671,0.525408,-6.609583333473097,155.9254166666576,Abia
2672,28.7554,-6.600833333881724,111.10208333332628,
2673,0.827285,-6.597083333472767,105.62374999999317,
2674,31.4316,-6.592500000547602,110.65624999999308,Kali Kanal
2675,5.63832,-6.591666666194783,111.0975000014135,
2676,0.687601,-6.5879166668058815,105.62624999999304,
2677,1.12467,-6.587083333472435,155.9195833333248,Pirias
2678,25.3561,-6.586666666194503,147.82416666523795,Mape River
2679,131.574,-6.585416666805884,108.54374999999328,Sungai Bondet
2680,0.131226,-6.5845833334724375,134.49708333332524,
2681,14.6909,-6.576250000138941,110.66124999999283,Kali Wiso
2682,0.650032,-6.576250000138941,155.2054166666578,Mamayegu
2683,0.10493,-6.566250000138609,105.6170833333266,
2684,65.3949,-6.541666666191247,108.54416666807674,
2685,2.35896,-6.541250000138064,110.66624999999284,Kali Kanal
2686,0.148034,-6.541666666191247,134.47666666524174,
2687,0.772758,-6.5350000005421975,110.6770833333262,Sungai Jejen
2688,0.452099,-6.53291666680451,105.71624999999318,Sungai Ciseukeut
2689,0.608961,-6.531250000137902,105.72541666665978,Sungai Ciseukeut
2690,9.12535,-6.529583333471237,110.68124999999316,Sungai Jejen
2691,0.486763,-6.527083334545864,147.83124999999131,Bumi River
2692,0.120222,-6.525416666804347,105.70041666665986,Sungai Ciseukeut
2693,56.4103,-6.525416670283619,111.06583333332628,
2694,0.148876,-6.522083333471016,105.68791666666,Sungai Ciseukeut
2941,17.6518,-5.970416666791266,107.24458333332645,Sedari
2942,0.849629,-5.971249999598001,147.45375000222964,Buri River
2943,5.60623,-5.962916666791102,105.99874999999332,KALI MEDAKSA
2944,0.353151,-5.96125000012438,147.2079166666581,Kiari River
2945,5.20511,-5.96125000012438,147.3995833333247,Kapugara River
2946,6.83844,-5.9591666661523846,147.17916666803012,Kiari River
2947,0.380485,-5.956250000124214,147.1179166666583,Soa River
2948,0.71582,-5.9554166667909385,105.99958333332673,KALI MEDAKSA
2949,282.809,-5.955833333820692,106.2579166666597,
2950,2.34906,-5.9554166667909385,147.0770833333247,Keluwel River
2951,0.666021,-5.9554166667909385,147.16124999999147,Sigawa River
2952,8.28015,-5.952083333457608,147.22041666665814,Asiwa River
2953,0.10984,-5.951250000124219,148.8562499999913,
2954,3.12909,-5.9504166667907725,154.75124999999105,Potua
2955,0.109313,-5.949583333457497,147.22791666665807,Asiwa River
2956,0.511944,-5.948750000124164,155.31874999999104,Tekan
2957,0.166149,-5.947083333457442,132.7504166666588,
2958,0.229543,-5.947083333457442,155.311249999991,Tekan
2959,0.199343,-5.94541666679072,151.14374999999131,Melkoi River
2960,0.633327,-5.940416666790554,147.07291666665822,Keluwel River
2961,3.48027,-5.939583333457279,148.8387499999916,Adi River
2962,0.550033,-5.938750000123889,134.59291666665854,
2963,1.00861,-5.937083333457167,147.31624999999144,Kwama River
2964,0.536914,-5.936250000123891,147.0204166666581,Timbe River
2965,6.82777,-5.935416666790445,106.00041666666004,KALI MEDAKSA
2966,0.209587,-5.9345833334571125,120.44708333332596,
2967,6.3215,-5.933750000123837,147.3562499999914,Goaling River
2968,883.201,-5.932083333457115,107.0012499999932,Ci Tarum
2969,0.196979,-5.931250000123725,147.29624999999146,Kwama River
2970,3.19428,-5.92666666715138,106.10708333332671,
2971,3.93484,-5.925416666790284,147.06708333332472,
2972,0.137722,-5.925416666790284,147.28124999999136,Kwama River
2973,6.46865,-5.916250000123398,147.27124999999137,Kwama River
2974,0.416295,-5.915416666789952,120.44874999999274,
2975,0.236573,-5.907916666789788,155.28291666665768,Borora
2976,0.529029,-5.907083333456455,120.45124999999246,
2977,1.5885,-5.904583333456344,146.94041666665828,Sari River
2978,0.248088,-5.903750000123011,146.93708333332484,Sari River
2979,0.100362,-5.902916666789736,151.21374999999148,
2980,0.887309,-5.899583333456292,146.9287499999914,Sari River
2981,1.61306,-5.89791666678957,146.92541666665807,Sari River
2982,0.32689,-5.89375000012268,154.73124999999118,Tore
2983,0.364234,-5.88999999948129,146.91833333469128,Sari River
2984,1.39001,-5.887083333455962,106.0279166666599,KALI MEDAKSA
2985,0.215686,-5.887083333455962,155.26541666665787,Numa Numa
2986,2.44777,-5.885833333814219,106.0745833333267,KALI MEDAKSA
2987,0.432767,-5.88541666678924,120.45291666665912,
2988,0.218844,-5.87791666678919,120.45291666665912,
2989,3.47415,-5.876250000122354,146.91291666665802,Sari River
2990,0.141177,-5.869583333455637,155.23708333332445,Numa Numa
2991,0.507062,-5.868750000122304,151.27541666665795,Torlu River
2992,2.15064,-5.867083333455582,148.74208333332467,
2993,8.20012,-5.866666667145751,155.2045833333243,Wakunai (Ururon)
2994,2.89218,-5.864583333455471,155.2154166666578,Numa Numa
2995,0.127958,-5.862083333455473,148.74791666665806,
2996,0.248493,-5.857083333455307,146.79874999999151,Yupna River
2997,0.347378,-5.856666667144793,155.1920833333246,Tiokona
2998,0.253453,-5.853750000121863,154.74791666665794,Kiakara
2999,0.358012,-5.852083333455141,146.80291666665835,Yupna River
3000,0.347483,-5.852083333455141,146.89291666665827,Urawa River
3001,1.93627,-5.84875000012164,146.88541666665856,Urawa River
3002,0.23054,-5.847916666788365,148.64791666665792,
3003,0.439883,-5.847083333455089,151.30041666665784,Torlu River
3004,0.227061,-5.843750003611547,146.81499999999153,
3005,0.133575,-5.843750000121702,146.87541666665845,Urawa River
3006,1.02414,-5.840416666788201,120.45708333332595,
3007,3.88886,-5.839583333454925,155.18458333332433,Red River
3008,0.29787,-5.83916666614482,146.7700000013541,Yupna River
3127,0.560987,-5.595416666782455,146.29541666665818,Mot River
3128,18.6046,-5.593750000115733,119.55374999999287,
3129,1.65262,-5.591250000115736,146.28041666665854,Mot River
3130,17.7799,-5.590416666782289,105.17291666666011,
3131,5.53204,-5.590416666782289,146.35958333332496,Mot River
3132,4.54092,-5.587083333448959,105.18124999999338,
3133,0.918858,-5.5862500001155695,120.1237499999927,
3134,0.576739,-5.585416666782237,119.9012499999926,Sungai Balang Lemo
3135,0.1316,-5.585416666782237,120.39458333332618,
3136,1.81704,-5.584583333448848,120.07374999999286,Irigasi Batuloe
3137,3.4581,-5.58500000045251,120.0887499999926,Irigasi Batuloe
3138,4.74244,-5.58500000045251,120.10124999999266,
3139,4.0177,-5.584166667119064,120.13374999999267,
3140,0.324809,-5.584166667119064,146.35041666665825,Mot River
3141,0.202055,-5.582916670274187,122.58916666665914,Sungai Batauga1
3142,0.17191,-5.58208333344885,134.63458333332528,
3143,0.806218,-5.581250000115404,148.3229166666581,
3144,2.24618,-5.581250000115404,155.0570833333245,Adurni
3145,1.22932,-5.580416666782128,120.05791666665937,Irigasi Batuloe
3146,3.86569,-5.578750000115349,120.05291666665914,Irigasi Batuloe
3147,1.01865,-5.576250000115351,151.82958333332454,
3148,0.179852,-5.576250000115351,155.0520833333244,Adurni
3149,0.164308,-5.575416666781962,104.29958333332657,
3150,4.68414,-5.575416666781962,119.90874999999266,Sungai Balang Lemo
3151,2.48824,-5.574583333448686,120.04041666665933,Irigasi Sabbannyang
3152,0.285937,-5.574583333448686,146.25624999999184,Mot River
3153,266.702,-5.57375000011524,105.81791666666004,Way Sekampung
3154,2.65204,-5.572083333448632,146.26458333332482,Mot River
3155,4.64663,-5.571250003607133,120.15666666665923,
3156,1.39308,-5.568750000115188,120.0179166666594,Irigasi Sabbannyang
3157,0.647851,-5.567083333448522,151.44624999999144,Wunung River
3158,1.33496,-5.566250000115076,149.32541666665804,Goha River
3159,0.175696,-5.565416666781744,149.28958333332457,Aria River
3160,0.206407,-5.564583333448354,105.2395833333265,Kali Cilimus
3161,12.8899,-5.564583333448354,120.17291666665948,sungai bijawang
3162,4.59622,-5.563750000115078,120.01041666665924,Sungai Biangkeke
3163,2.17107,-5.563750000115078,120.3779166666593,
3164,0.452671,-5.563750000115078,146.1979166666581,
3165,0.106167,-5.562916666781632,104.73791666666006,
3166,0.761668,-5.562916666781632,105.24291666665977,Kali Cilimus
3167,0.208692,-5.562916666781632,151.610416666658,
3168,0.23176,-5.562083336940532,105.36999999999324,
3169,2.31582,-5.560416666781634,146.18708333332518,
3170,4.91858,-5.559583333448359,119.99874999999248,Sungai Biangkeke
3171,6.51793,-5.559583333448359,120.19624999999267,sungai bijawang
3172,0.789821,-5.558750000114912,122.89291666665927,
3173,4.49107,-5.558750000114912,155.0170833333243,Tinputz
3174,13.2948,-5.55791666678158,150.27624999999148,Dagi
3175,0.440769,-5.55791666678158,150.28874999999118,
3176,0.105583,-5.557083333448304,149.42708333332484,
3177,5.71406,-5.552916666781471,119.96291666665924,Saluran Air
3178,3.18267,-5.552916666781471,155.0087499999912,Irung
3179,8.04446,-5.552083333448138,120.20541666665964,sungai bijawang
3180,24.2593,-5.550416666781302,150.15124999999125,Paiagani Creek
3181,1.51522,-5.550416666781302,150.1679166666579,Dagi
3182,2.1621,-5.548750000114751,119.92708333332598,Sungai Balang Lemo
3183,0.407175,-5.547083336940261,150.2008333333248,Dagi
3184,0.590367,-5.547083333447972,154.88208333332443,Baniu
3185,3.20256,-5.546250000114696,119.5212499999925,
3186,4.93541,-5.545416666781307,119.94374999999263,Sungai Calendu
3187,0.15836,-5.545416666781307,149.73041666665813,Kapuluk River
3188,0.115814,-5.544166666126614,104.72666666799836,
3189,3.23485,-5.544166666126614,119.93749999865427,Sungai Bissappu
3190,0.366761,-5.5429166702735415,104.5308333333266,Way Semangka
3191,0.164943,-5.542916666781252,154.76458333332482,Nagam
3192,2.33121,-5.542083333447863,149.6937499999915,Kapuluk River
3193,0.124515,-5.542499999459892,150.64166666531992,Kapiura River
3194,1.95632,-5.542083333447863,151.89124999999115,
3195,9.48191,-5.54125000011453,150.1395833333247,Gigo Creek
3196,2.13889,-5.54125000011453,151.86374999999111,
3197,0.31654,-5.540416666781141,146.11791666665818,
3198,0.982272,-5.538750000114533,120.36874999999291,
3199,0.150596,-5.537916666781086,150.5970833333248,Kapiura River
3200,2.10901,-5.537083333447697,146.1687499999914,
3201,0.147391,-5.537083333447697,148.5487499999913,
3202,1.78884,-5.537083333447697,149.67124999999146,Kapuluk River
3203,0.31184,-5.537083333447697,154.95291666665776,Ramazon
3204,0.313301,-5.536250000114364,105.24791666665992,Kali Cilimus
3205,14.3349,-5.536250000114364,120.24958333332596,sungai bijawang
3206,1.37621,-5.536250000114364,151.6437499999912,Esis River
3207,0.532015,-5.535416666781089,148.54624999999123,
3208,0.10784,-5.534583333447642,151.4579166666581,Matali River
3209,10.0404,-5.533750000114367,104.53458333332674,Way Semangka
3210,14.2409,-5.530416666780923,119.43624999999248,Sungai Pappa
3211,0.475074,-5.529583333447476,151.74374999999122,Esis River
3212,1.35248,-5.528750000114201,150.120416666658,Gigo Creek
3213,2.37923,-5.527916666780925,149.67124999999146,Kapuluk River
3214,0.30255,-5.527916666780925,154.75791666665793,
3215,0.16254,-5.527083333447592,148.52208333332464,
3216,0.533538,-5.527083333447592,150.11541666665812,Gigo Creek
3217,2.21298,-5.527500000447162,150.5912499999913,Kapiura River
3218,1.81376,-5.526250000114203,120.36041666665948,
3219,0.300984,-5.526666667113773,122.8487499999926,
3220,0.310314,-5.52541666678087,150.3120833333246,
3221,0.126315,-5.524583333447311,105.2462499999932,Kali Cilimus
3222,3.27822,-5.523750000114035,120.35791666665932,
3223,0.110313,-5.523750000114148,148.82624999999132,
3224,9.9687,-5.52166666612527,120.29583333198956,
3225,4.50796,-5.52125000360644,150.71749999999156,Kapiura River
3226,0.224593,-5.520416666780704,149.12958333332472,
3227,0.326031,-5.520416666780704,149.86708333332456,Kulu River
3228,0.55971,-5.520416666780704,151.5095833333246,Matali River
3229,0.901945,-5.518750000113982,150.10041666665802,Gigo Creek
3230,3.51842,-5.517916666780593,104.55041666666006,Way Liwok
3231,0.700854,-5.517916666780593,148.51874999999154,
3232,5.09599,-5.517916666780593,149.54291666665802,Via River
3233,0.369073,-5.516250000113871,104.67708333332666,
3234,2.58851,-5.516250000113871,104.6854166666601,
3235,0.269486,-5.515416666780595,151.72208333332446,
3236,1.3522,-5.513750000113873,147.88291666665828,
3237,6.6349,-5.513750000113873,151.69291666665777,Esis River
3238,0.359863,-5.512916666780541,149.55208333332462,Via River
3239,4.43983,-5.512916666780541,151.67458333332456,Esis River
3240,1.39366,-5.511250003606278,150.33166666665807,
3241,0.166142,-5.509583333447097,104.64958333332665,
3242,0.231551,-5.507916666780432,148.51708333332465,
3243,0.22026,-5.507916666780432,149.1062499999914,
3244,0.105185,-5.507916666780432,149.78041666665786,Kapuluk River
3245,0.235775,-5.507083333446985,146.04874999999151,
3246,2.67664,-5.506250000113653,146.0787499999916,
3247,0.172178,-5.505416666780377,146.04124999999158,
3248,2.00578,-5.505416666780377,149.89374999999143,Kulu River
3249,2.04427,-5.503750000113655,150.09541666665814,Gigo Creek
3250,11.7533,-5.5025000004447975,150.5862499999913,
3251,0.385448,-5.499583333446822,104.20374999999342,
3252,4.23035,-5.497916666780213,104.61708333332643,Way Liwok
3253,0.119946,-5.497916666780213,146.01208333332488,
3254,0.14296,-5.496250000113378,104.60291666665984,Way Semangka
3255,0.629101,-5.496250000113378,104.60541666666012,Way Semangka
3256,0.401657,-5.496250000113378,145.9154166666583,Kabenau River
3257,0.223955,-5.495416670272675,105.25333333332662,Kali Cilimus
3258,0.605217,-5.495416666780102,148.86458333332484,
3259,0.800724,-5.494583333446826,146.0312499999916,
3260,0.195882,-5.492916670272621,145.99583333332487,
3261,0.678279,-5.492083333446772,145.797916666658,Kabenau River
3262,4.15562,-5.491250000113325,145.86874999999156,Kabenau River
3263,30.2952,-5.48958333344666,119.4154166666592,Sungai Pappa
3264,0.498925,-5.486250000113159,145.77791666665803,Kabenau River
3265,0.226562,-5.483750000113218,150.10124999999152,Gigo Creek
3266,1.33595,-5.483750000113218,150.90124999999125,Otatabu River
3267,0.227943,-5.482916666779772,104.18124999999338,
3268,0.373109,-5.4787500001130525,145.76374999999143,Mindjim River
3269,13.0417,-5.477916670272293,150.57749999999123,
3270,0.130904,-5.477083333446444,151.9995833333245,
3271,0.235066,-5.476250000113055,145.75958333332483,Mindjim River
3272,4.20308,-5.476250000113055,145.85958333332474,Kabenau River
3273,2.1346,-5.4737500036055735,105.31749999999327,Steam Area
3274,1.83778,-5.473750000113,145.9395833333249,Kabenau River
3275,0.415616,-5.474166666122414,150.57083333465732,
3276,0.762119,-5.472916666779554,150.38708333332477,
3277,0.12427,-5.468750000112834,150.56458333332466,
3278,0.595873,-5.468750000112834,150.83041666665804,Ala River
3279,0.118782,-5.468750000112834,154.77208333332464,
3280,0.401334,-5.4662500001128365,105.2529166666601,Kali Cilimus
3281,0.183945,-5.464583333446001,154.7062499999911,
3282,0.42328,-5.463750000112668,150.09791666665797,
3374,0.463557,-5.264583333441351,152.08291666665787,
3375,0.437958,-5.261250000107964,122.53958333332594,
3376,1.83073,-5.261250000107964,150.067916666658,
3377,4.27226,-5.258750000107796,145.77708333332498,Gum River
3378,0.16652,-5.258750000107796,147.1645833333249,
3379,4.7354,-5.258750000107909,151.0337499999912,Lobu
3380,30.8312,-5.253750003601226,105.8633333333264,Kanal
3381,2.03572,-5.251250000107746,119.37958333332584,Dj. Kaballokang
3382,0.110757,-5.251250000107746,122.3087499999924,
3383,3.26426,-5.251250000107746,122.5787499999924,
3384,0.104332,-5.242916666774136,122.58124999999256,
3385,0.363992,-5.242083333440746,150.06958333332454,
3386,0.644428,-5.240416670267621,122.03666666665936,
3387,0.120284,-5.236250000107418,103.9420833333266,
3388,0.230538,-5.23583333277486,152.06416666797054,Yelout River
3389,0.100997,-5.234583333440526,103.91208333332668,
3390,0.293428,-5.227083333440532,122.3154166666592,
3391,17.1455,-5.226250003600626,120.3141666666595,Salo Biroro
3392,4.98714,-5.223750000107032,151.0470833333245,Lobu
3393,0.133268,-5.219583336933852,122.80999999999256,Pelabuhan
3394,0.143676,-5.212083333440148,147.08124999999131,
3395,0.273568,-5.2108333337506,154.71124999999097,
3396,0.160227,-5.209166667083764,152.03208333332452,Yelout River
3397,0.12986,-5.202083333439873,121.83124999999244,Sungai Lakambula
3398,0.181809,-5.196250000106431,152.02124999999114,Yelout River
3399,0.262045,-5.193750000106263,122.58791666665913,
3400,107.91,-5.192916670266584,119.38916666665932,Dj. Kaballokang
3401,1.06724,-5.188750000106211,103.93124999999344,
3402,0.194739,-5.184583333439491,151.99208333332444,Sibkong River
3403,0.204928,-5.181250000106104,122.58708333332618,
3404,0.118157,-5.181250000106104,138.05124999999225,Sungai Hellwig
3405,0.113918,-5.177083333439327,122.9204166666592,
3406,0.254791,-5.172916666772494,103.93624999999328,
3407,0.642757,-5.171250000105772,105.8612499999934,
3408,15.4655,-5.170416666772439,120.27874999999278,Salo Biroro
3409,0.133086,-5.169583333439164,151.97958333332474,Watok River
3410,1.74309,-5.168750000105717,121.8245833333259,
3411,153.95,-5.168333332770942,119.39666666796631,Balang Tanjung Bunga
3412,174.556,-5.167083333438995,119.40291666665952,Balang Tanjung Bunga
3413,0.130997,-5.166250003599373,122.58833333332586,
3414,0.281916,-5.162916666772276,151.9762499999913,Watok River
3415,0.172423,-5.160833333745984,151.97541666665802,
3416,1.24352,-5.157916666772223,103.93541666665988,
3417,0.131803,-5.157916666772223,121.87041666665914,
3418,2.1594,-5.157916666772223,145.79958333332502,Kapundic River
3419,6.20103,-5.153750000105504,154.5670833333245,Gagan
3420,0.119977,-5.15041666677206,122.594583333326,
3421,0.531731,-5.145416666771951,103.92791666666,
3422,24.1202,-5.14208333693216,120.27166666665936,
3423,0.187807,-5.1420833334385065,122.31791666665958,
3424,0.832932,-5.141666666102765,151.95000000129596,Lemkong River
3425,0.167776,-5.137916666771787,103.92041666666012,
3426,41.6466,-5.127500000409441,119.4462499999928,Binanga Tallo'
3427,1.19089,-5.125416666771457,151.11624999999117,Balima River
3428,78.0002,-5.124583333438011,119.47291666665932,Binanga Tallo'
3429,0.16056,-5.124583333438011,150.08458333332464,
3430,0.342167,-5.122916666771289,150.08708333332493,
3431,32.9847,-5.119583333437959,119.4412499999928,Binanga Tallo'
3432,0.792667,-5.119583333437959,151.95041666665793,Lemkong River
3433,16.6777,-5.116250000104515,119.49874999999248,Binanga Tallo'
3434,0.910229,-5.115416670264892,151.13166666665813,Balima River
3435,0.139716,-5.112083333437795,120.28958333332604,Kanal Kalamisu
3436,20.0615,-5.105416666770964,120.28624999999248,Kanal Kalamisu
3437,7.40997,-5.103750000104185,120.2862499999926,
3438,5.95995,-5.099583333437465,145.8054166666584,Pukpuk River
3439,1.22639,-5.0887500001038575,151.1645833333248,
3440,0.511115,-5.083750000103805,151.94958333332443,Lemkong River
3441,4.27922,-5.082083333437083,119.47291666665932,Binanga Tallo'
3663,0.21168,-4.577083333425094,145.9145833333248,
3664,0.139749,-4.572916666758488,145.91708333332485,
3665,2.58986,-4.57041666675849,121.479583333326,Towari River
3666,2.20611,-4.567083333424932,145.51291666665816,Babir River
3667,9.07159,-4.562083336917624,152.35916666665787,Warangoi River
3668,0.647782,-4.559583333424882,103.07208333332647,Air Kedurang
3669,7.62887,-4.557916670250904,136.05749999999193,Uta
3670,0.281662,-4.555416666758049,105.8995833333264,
3671,0.104095,-4.552500000355508,146.04208333332497,
3672,1.54455,-4.544583333424441,121.48208333332605,Towari River
3673,0.743795,-4.544166666068463,146.02833333457875,
3674,0.246623,-4.542083333424444,103.05124999999316,Air Martam
3675,0.10014,-4.542083333424387,151.61791666665795,
3676,3.63483,-4.542500000354551,152.3462499999913,Warangoi River
3677,4.09316,-4.5404166667577215,119.58958333332588,Dermaga Polejiwa
3678,1.25046,-4.536250000090831,145.95874999999137,
3679,1.80505,-4.535416666757556,121.48624999999254,Towari River
3680,0.756583,-4.534583336916967,103.03916666666017,Air Larai
3681,1.15363,-4.534583333424223,146.01374999999177,
3682,3.41121,-4.5337500000908335,145.96291666665832,
3683,3.74894,-4.532083333424112,122.1070833333257,
3684,1.46249,-4.531250003583466,152.33833333332473,Warangoi River
3685,10.5083,-4.530416666757503,145.48208333332502,Kumil River
3686,2.05087,-4.530416666757503,145.96541666665803,
3687,0.368904,-4.529583333424114,123.15791666665903,sungai lanosangia
3688,4.6843,-4.527499999400902,103.0208333345791,Air Kedurang
3689,1.07076,-4.52625000009067,151.6212499999914,
3690,0.749768,-4.524583333423948,145.4729166666582,Kumil River
3691,0.199679,-4.522916666757226,122.8729166666592,Sungai La Eya
3692,1.48133,-4.5212500000906175,145.98958333332484,
3693,1.08964,-4.51791666675706,121.49208333332604,Towari River
3694,15.9069,-4.517500000352129,120.37874999999268,
3695,25.7317,-4.517083333423784,122.17124999999248,
3696,0.623801,-4.513750000090454,145.46624999999153,Kumil River
3697,46.1332,-4.509583336916251,152.33499999999128,Warangoi River
3698,0.169557,-4.507083333423566,105.8987499999932,
3699,0.153341,-4.501250000090124,122.8870833333258,Sungai La Eya
3700,0.692306,-4.500416666756792,145.4220833333252,Kumil River
3701,3.03334,-4.4987500000900695,145.41874999999175,Kumil River
3702,4.20873,-4.495416666756682,152.3320833333247,Warangoi River
3703,0.568517,-4.491250000089963,145.43291666665834,
3704,3.02475,-4.491250000089906,152.33291666665787,Warangoi River
3705,0.321446,-4.490416666756516,153.0245833333246,
3706,6.07452,-4.488750000089794,121.50041666665923,Aalaa Poeho
3707,0.256357,-4.488750000089794,122.272083333326,
3708,0.163984,-4.488750000089794,122.89291666665927,Sungai La Eya
3709,0.617684,-4.488333333682817,122.25041666665948,
3710,28.8996,-4.487083333423072,102.89958333332665,Air Manna
3711,0.257541,-4.485416666756464,122.204583333326,
3712,0.544321,-4.482916666756353,122.29458333332582,
3713,0.134499,-4.482916666756353,153.02541666665775,
3714,1.88731,-4.481250000089631,122.22624999999256,
3715,2.07766,-4.47833333368186,122.2187499999925,
3716,0.456091,-4.468750000089301,122.34458333332576,
3717,0.32082,-4.467916666756025,153.02874999999142,
3718,0.127786,-4.46666666701401,122.34791666665932,
3719,1.6706,-4.463750000089249,105.90291666665983,
3720,0.105616,-4.463333332730599,152.34416666790491,Warangoi River
3721,10.9431,-4.462083333422413,102.89874999999348,Air Manna
3722,0.155382,-4.461250000089137,153.03291666665802,
3723,1.95295,-4.460416666755862,145.39874999999154,
3724,0.248504,-4.455416666755696,121.51374999999256,Sungai Wolulu-Tondowolio
3725,19.6292,-4.451250000088919,119.59958333332612,Bendungan Batubessi
3726,0.44832,-4.447916666755532,153.03874999999152,
3727,12.6555,-4.447083333422199,145.35791666665853,
3728,4.73923,-4.447083333422199,145.3812499999915,
3729,0.135097,-4.443750000088755,119.59958333332588,Bendungan Batubessi
3730,2.27758,-4.444166666062813,120.36500000123796,
3731,11.6038,-4.442083333422033,145.3570833333248,
3732,6.20232,-4.440416666755311,121.51791666665927,Sungai Wolulu-Tondowolio
3733,0.766064,-4.439583333422036,122.40124999999284,
3734,0.274933,-4.438750000088589,153.0487499999913,
3735,4.01832,-4.4354166702474345,122.52583333332586,
3736,0.225435,-4.431250003580658,102.87499999999336,
3737,0.888904,-4.431250000088426,152.3545833333244,
3738,0.229447,-4.430416666754979,121.51958333332573,Sungai Wolulu-Tondowolio
3739,0.100113,-4.430416666754979,135.34958333332543,
3740,2.32695,-4.429583333421817,119.60124999999266,Bendungan Batubessi
3741,0.122514,-4.426666667010295,153.05291666665778,
3742,0.408892,-4.422916666754929,145.35124999999164,Jabob Creek
3743,0.241213,-4.415416666754823,122.967916666659,
3744,3.19314,-4.414583333421376,145.3479166666582,Kaukomba River
3745,5.30664,-4.412916666754768,120.34791666665956,Sungai Walennae
3746,4.35476,-4.4104166667546,102.85124999999329,Air Pino
3747,1.03949,-4.4104166667546,105.84958333332668,Sungai Tulang Bawang
3748,1.52838,-4.4104166667546,105.85374999999313,Sungai Tulang Bawang
3749,0.490458,-4.408333332727409,122.5658333345682,
3750,0.160241,-4.402500000341377,145.17958333332513,
3751,1.24417,-4.4004166667543245,105.82041666665975,Sungai Tulang Bawang
3752,0.141748,-4.4004166667543245,121.52458333332606,Sungai Wolulu-Tondowolio
3753,0.898232,-4.4004166667543245,145.1979166666581,
3754,6.52344,-4.399583333421049,145.17541666665807,
3755,1.03772,-4.399583333421049,145.20291666665833,Kaukomba River
3756,0.447366,-4.3970833334208805,122.5837499999925,
3757,0.282923,-4.396250000087605,121.52208333332578,Sungai Wolulu-Tondowolio
3758,0.107009,-4.3929166667542745,123.01291666665908,
3759,0.171469,-4.392083333420885,105.81874999999305,Sungai Tulang Bawang
3760,1.11464,-4.392083333420828,145.33041666665827,Kaukomba River
3761,2.74868,-4.391666666059848,120.35916666541846,Sungai Walennae
3762,3.49673,-4.390416666754163,102.82708333332651,Air Selali
3763,0.549376,-4.389583333420717,145.1479166666586,
3764,1.80085,-4.387083333420719,145.24791666665806,Kaukomba River
3765,0.137821,-4.3845833334206645,145.1604166666585,
3766,0.262305,-4.383750000087389,153.11374999999134,Mimias River
3767,1.23466,-4.382916666753999,145.13458333332505,
3768,18.1541,-4.380416666754002,145.2745833333247,Kaukomba River
3769,0.586902,-4.380833333672683,145.2912499999917,Kaukomba River
3770,3.06952,-4.368750000086948,120.35874999999272,Sungai Walennae
3771,0.444161,-4.367916666753615,151.53541666665808,
3772,3.7872,-4.365833333671276,119.62374999999248,Sungai Balusu
3773,1.07861,-4.364583333420171,145.07124999999155,
3774,0.214984,-4.360416666753451,121.51791666665918,
3775,0.587019,-4.357916666753454,102.7995833333265,Air Alas
3776,0.345709,-4.357083333420007,105.80208333332656,Sungai Tulang Bawang
3777,0.151867,-4.356250000086732,121.51791666665918,
3778,121.439,-4.35458333342001,105.80208333332672,Sungai Tulang Bawang
3779,4.63157,-4.347083333419846,102.78458333332674,Air Alas
3780,83.8386,-4.347500000336197,120.38958333332585,Sungai Walennae
3781,1.60994,-4.345000000335915,145.02541666665832,Tidal Creek
3848,0.514862,-4.202916666749559,152.07458333332443,
3849,0.278817,-4.201250000083121,119.6245833333262,Sungai Pulungenggelangge
3850,5.42371,-4.201250000083121,152.4720833333247,
3851,0.222996,-4.200416666749561,120.37624999999277,
3852,0.694595,-4.200416666749561,151.694583333325,
3853,1.9724,-4.200416670240713,151.70333333332462,
3854,27.048,-4.199583333416285,144.88458333332505,Sakula River
3855,0.393025,-4.199583333416285,151.59208333332458,
3856,0.393324,-4.19875000008301,152.68208333332473,Kamdaru River
3857,0.327549,-4.195416666749566,151.6445833333246,
3858,0.131103,-4.193750000082844,152.68291666665775,Kamdaru River
3859,0.78276,-4.193750000082844,153.03708333332463,
3860,2.81289,-4.191666666988283,102.58291666665993,Sungai Penanakan
3861,7.87516,-4.191250000082846,121.59874999999272,
3862,0.191364,-4.190416666749513,152.01541666665776,
3863,0.663941,-4.187916666749402,152.48291666665773,
3864,0.141774,-4.187083333416069,102.57708333332675,Sungai Penago
3865,2.69475,-4.177083336906776,119.63749999999276,Sungai Jampue
3866,7.68083,-4.177083333415794,144.84791666665842,Awar River
3867,0.192685,-4.175416666749186,114.69041666665989,
3868,0.158872,-4.169583333415744,102.55541666666012,Air Seluma
3869,0.354263,-4.158750000082023,122.68874999999264,
3870,0.491321,-4.158750000082023,152.18541666665794,Sulphur Creek
3871,0.116878,-4.152916666748581,153.03624999999113,
3872,0.188312,-4.150416666748527,114.62958333332608,
3873,24.5553,-4.1470833334150825,102.5245833333268,Air Seluma
3874,1.09669,-4.142083336905785,152.4733333333246,
3875,1.31839,-4.1404166667481945,114.7637499999928,
3876,1.77885,-4.1404166667481945,120.36208333332604,
3877,8.38286,-4.1387500000814725,121.61791666665933,Aalaa Tikonu
3878,0.941944,-4.132083333414755,122.66458333332572,
3879,0.331967,-4.129583333414757,122.95541666665927,
3880,0.226001,-4.125416666747867,119.62124999999298,Sungai Jampue
3881,0.524116,-4.124583333414591,105.80708333332672,Sungai Mesuji
3882,0.105677,-4.123750000081259,153.6437499999912,
3883,0.411908,-4.12000000031486,114.79958333332628,Sungai Sabuhur
3884,64.1678,-4.117083333414428,105.78791666665973,Sungai Mesuji
3885,6.57519,-4.115416666747649,121.61124999999254,Aalaa Tikonu
3886,0.296181,-4.113750000080984,153.01124999999115,
3887,6.59703,-4.109583333414207,144.84958333332474,Bobei Creek
3888,5.18316,-4.108750000080931,120.33291666665912,
3889,0.208405,-4.105416666747544,153.00791666665805,
3890,0.126096,-4.102083333414043,114.62958333332608,
3891,3.59151,-4.100416666747378,114.83624999999324,Sungai Sabuhur
3892,1.12896,-4.099583333414046,114.62958333332608,
3893,0.992549,-4.0979166667473805,152.99791666665806,
3894,0.537498,-4.097083336904291,120.33166666665944,
3895,0.255967,-4.094583336904236,119.61499999999272,Sungai Karajae
3896,10.757,-4.076250000080108,121.61124999999242,Aalaa Sabilambo
3897,0.276311,-4.074999999375393,119.61499999877913,Sungai Karajae
3898,0.726842,-4.074583336903572,152.98499999999137,
3899,19.2429,-4.074166666977192,144.78458333332492,Boroi River
3900,8.21957,-4.064166666041501,121.60916666787205,Aalaa Sabilambo
3901,0.358488,-4.062916666746503,152.9704166666579,
3902,8.18187,-4.061250003569967,121.59749999999246,Aalaa Sabilambo
3903,1.46677,-4.061250003569967,121.6066666666593,Aalaa Sabilambo
3904,6.4142,-4.057083333413061,102.4012499999933,
3905,3.80344,-4.055416666746169,114.9270833333262,Sungai Sawangan
3906,0.127251,-4.048750000079451,121.57624999999268,Aalaa Sabilambo
3907,23.2129,-4.0462500000794535,119.6245833333262,Sungai Karajae
3908,1.75152,-4.047083332679904,121.5737500018945,Aalaa Sabilambo
3909,4.03189,-4.045416670236193,153.64499999999123,
3910,0.142864,-4.041250000079401,114.63874999999314,Sungai Tambangan
3911,0.201012,-4.039583333412679,123.22708333332594,
3912,3.16598,-4.037916666745844,120.35458333332588,
3913,0.822928,-4.0365608290275645,153.70871438687948,
3914,0.198229,-4.0329166667456775,114.96791666665943,Sungai Sawangan
3915,0.472546,-4.032952712515964,105.8626055404448,
3916,1.95389,-4.031666666973194,121.53874999999243,
3917,0.447315,-4.02625000007896,114.98124999999288,Sungai Sawangan
3918,72.3696,-4.025416666745684,144.66291666665836,Ramu River
3919,12.3066,-4.02291666674563,102.35291666666012,Air Ngalam
3920,2.1667,-4.02208333341224,114.98791666665966,Sungai Swarangan
3921,0.114859,-4.018750000078796,121.50791666665918,
3922,0.178614,-4.018750000078796,122.6612499999926,
3923,0.290026,-4.017916666745521,153.63124999999127,
3924,0.328975,-4.017500000305347,121.4937499999927,
3925,0.19935,-4.017083333412074,123.07791666665923,
3926,0.31687,-4.016250000078799,121.4920833333258,
3927,0.310578,-4.015416666745352,121.49041666665926,
3928,0.129314,-4.01375000007863,121.47374999999283,Konaweha River
3929,4.07425,-4.011250000078633,144.65541666665808,Ramu River
3930,2.43376,-4.010416666745186,144.59791666665865,Ramu River
3931,0.18807,-4.009583333411854,120.3487499999926,
3932,0.133419,-4.007500000304219,115.0179166666594,
3933,3.93771,-4.001250000078414,102.32624999999324,
3934,0.146632,-3.998750000078246,105.87541666666,
3935,0.121045,-3.998750000078246,121.36624999999265,Konaweha River
3936,6.06705,-3.99375000007825,120.34374999999272,
3937,0.727474,-3.98958333341136,115.05874999999288,Sungai Asam Asam
3938,47.2252,-3.98958333341136,122.53791666665904,Kali Lahundape
3939,5.76656,-3.98958333341136,122.54124999999247,Kali Lahundape
3940,1.44447,-3.9887500000780847,152.87624999999116,
3941,0.574179,-3.986250003567818,152.86583333332464,
3942,3.32868,-3.9854166667447535,114.63124999999286,Sungai Tambangan
3943,0.145019,-3.9854166667447535,122.56124999999248,Kali Lasolo
3944,1.37211,-3.984583333411365,102.30374999999322,Air Andalas
3945,0.138776,-3.980833333635133,115.07958333332613,Sungai Asam Asam
3946,0.611394,-3.9795833334113127,121.34291666665932,Konaweha River
3947,0.488511,-3.9800000003018,122.58791666665913,KALI
3948,0.382972,-3.977916666744477,119.63458333332596,Sungai Karajae
3949,0.251077,-3.9720833334110353,119.58958333332588,
3950,0.819438,-3.9720833334110353,122.57791666665936,Kali Lahundape
3951,26.0626,-3.971250000077703,122.53124999999238,Kali Lahundape
3952,10.4148,-3.9695833334110375,122.53041666665932,Kali Lahundape
3953,0.236061,-3.9687500000775913,119.63124999999276,
3954,6.18688,-3.96833333363395,115.12124999999298,Sungai Asam Asam
3955,2.98378,-3.968333333634007,122.53208333332576,Kali Lahundape
3956,1.78867,-3.9662500000775367,114.62958333332608,Sungai Tambangan
3957,2.50259,-3.9629166667441496,115.13208333332614,Sungai Asam Asam
3958,0.249055,-3.962083333410817,122.61124999999254,Kali Lasolo
3959,0.579438,-3.953750000077264,105.8962499999933,
3960,0.12037,-3.952083333410656,152.84208333332458,
3961,0.375383,-3.95041666674382,102.27874999999348,Air Andalas
3962,0.512641,-3.948750000077098,116.2112499999929,
3963,0.974835,-3.949166666965482,121.32458333332602,Konaweha River
3964,3.12324,-3.942083333410324,120.3387499999926,
3965,0.149125,-3.9370833334102144,120.33624999999267,
3966,5.49563,-3.935416666743493,120.33624999999267,
3967,1.37028,-3.927916666743272,116.07874999999262,
3968,0.498316,-3.927916666743272,134.65541666665865,
3969,55.2756,-3.9212500000765536,119.5545833333258,
3970,0.356948,-3.9204166702324974,114.61833333332628,Sungai Tambangan
3971,0.626397,-3.918750000076386,134.42041666665864,
3972,0.86949,-3.9179166667431113,120.3412499999929,
3973,0.119892,-3.9145833334096665,144.48874999999157,Sepik River
3974,6.72918,-3.9087500000762248,115.25458333332608,Sungai Kintap
3975,3.00862,-3.907083333409503,144.5462499999917,Sepik River
3976,0.53698,-3.9037500000760574,121.30958333332605,
3977,15.0342,-3.902916666742783,102.28208333332674,Air Andalas
3978,80.8912,-3.901250000076004,144.46958333332532,Sepik River
3979,0.130208,-3.897083333409341,115.2804166666598,Sungai Kintap
3980,0.164896,-3.896250000075895,152.8212499999911,
3981,28.5567,-3.8954166667426193,120.34624999999266,
3982,0.505915,-3.8887500000757314,119.5329166666595,
3983,0.150662,-3.885416666742288,152.81791666665777,
3984,0.262256,-3.884583333409012,121.28874999999266,
3985,1.03892,-3.883750000075565,105.93958333332664,
4052,0.137943,-3.724583333405235,114.62124999999288,Sungai Tabanio
4141,0.135674,-3.577083333401845,128.32624999999234,
4142,2.05781,-3.5762500000684554,128.65124999999216,
4143,22.3758,-3.575416666735009,114.5729166666597,Sungai Maluka
4144,1.62498,-3.575416666735123,143.6554166666583,Boram Creek
4145,0.162254,-3.5712500000682894,130.2504166666588,
4146,5.95097,-3.571250000068403,143.63958333332494,Wirui Creek
4147,3.39815,-3.5679166667348454,116.34374999999308,
4148,4.14875,-3.565416666734791,119.51374999999256,Air
4149,22.1851,-3.564583333401515,115.99541666665948,Kusan River
4150,0.205763,-3.562083333401347,102.0954166666599,Air Lais
4151,3.90701,-3.560416666734625,102.09291666666002,Air Lais
4152,0.142996,-3.5587500000680734,128.42208333332565,
4153,0.624054,-3.557916666734627,123.14791666665906,
4154,0.12442,-3.5570833334013514,133.33958333332532,
4155,3.73544,-3.5575000002621664,143.6179166666584,Minga River
4156,4.60245,-3.5537500000679074,143.62458333332484,Minga River
4157,0.153702,-3.552083333401185,128.33291666665912,
4158,0.161683,-3.549583333401188,102.0720833333267,Air Lais
4159,2.13656,-3.549583333401188,118.95124999999268,Sungai Mandar
4160,0.143904,-3.549583333401188,128.59374999999238,
4161,0.134751,-3.54875000355446,126.16333333332568,
4162,0.262071,-3.547083333401133,118.99541666665948,Sungai Mandar
4163,0.179357,-3.546250000067744,114.52291666665953,
4164,6.46405,-3.545000000260984,118.97041666665928,Sungai Mandar
4165,4.44627,-3.5412500000676914,143.5937499999917,Wirui Creek
4166,11.0988,-3.5379166667341337,122.25791666665918,kanal
4167,3.41249,-3.536250000067525,119.0029166666593,Sungai Mandar
4168,0.170778,-3.5345833334008034,119.50374999999258,
4169,5.44073,-3.533750000067414,102.04291666665996,Air Lais
4170,0.209857,-3.532083333400692,105.84458333332653,Sungai Pasir
4171,0.155803,-3.532083333400692,130.83624999999233,Wae Masiwang
4172,0.418493,-3.531250003553964,102.03583333332676,Air Lais
4173,0.35351,-3.530416666734084,152.34124999999108,
4174,0.104594,-3.52291666673392,127.24958333332552,
4175,0.106706,-3.5229166702203543,152.32916666665812,
4176,0.166415,-3.517916666733754,128.4904166666588,
4177,9.09594,-3.5166666660106216,102.00916666782592,Air Padang
4178,16.2401,-3.514583333400367,119.0220833333259,Sungai Mandar
4179,0.104897,-3.5137500000669206,152.32291666665787,
4180,9.03319,-3.512916666733645,120.38541666665924,
4181,5.39794,-3.510416666733647,152.31541666665794,
4182,3.08722,-3.509583333400201,120.87874999999258,kali pitulua
4183,0.191599,-3.507916666733479,101.9945833333266,Air Padang
4184,0.993261,-3.506250000066757,119.05458333332616,Sungai Mandar
4185,0.310033,-3.505416666733481,128.61541666665903,
4186,0.148016,-3.503750000066759,143.56624999999144,Paringa River
4187,1.57204,-3.5029166667334266,114.51874999999268,Sungai Musang Besar
4188,3.0561,-3.502083333400037,116.00041666665948,Sungai Merah
4189,1.07256,-3.5012500035529683,119.47416666665936,
4190,0.156762,-3.500416666733315,111.94874999999314,
4191,0.447787,-3.4995833368862463,130.0916666666592,
4192,12.8325,-3.4979166667332606,101.97541666666,Air Bintunan
4193,0.45063,-3.4979166667332606,116.33541666665928,
4194,0.123235,-3.499166666117788,119.12583333097643,Salo Mapili
4195,3.6739,-3.496250000066538,119.13041666665949,Salo Mapili
4196,6.91538,-3.495416666733149,105.85791666665978,Sungai Jeruju
4197,0.123225,-3.494166666922922,152.27541666665775,
4198,2.5974,-3.490416666733097,119.14874999999256,Salo Mapili
4199,4.938,-3.4895833333996507,114.52041666665993,Sungai Musang Besar
4200,2.60095,-3.4895833333996507,118.89624999999285,
4201,0.546413,-3.487916666733099,130.80624999999213,Wae Masiwang
4202,6.37169,-3.487083333399653,119.16624999999271,Mapilli
4203,0.459931,-3.483750000066209,118.8920833333259,
4204,5.24512,-3.483750000066209,120.39041666665936,
4205,0.109119,-3.482083333399487,119.459583333326,
4206,0.117721,-3.481250000066211,152.25624999999116,
4207,0.109192,-3.4804166667329355,101.9345833333266,Air Bintunan
4208,0.431235,-3.4804166667329355,152.08374999999114,
4209,0.379053,-3.4762500000658747,119.44291666665958,
4210,3.17208,-3.467916666732549,152.23208333332468,
4211,0.990188,-3.460416666732385,119.40374999999268,
4212,1.26135,-3.457916666732274,114.4954166666596,Barito River
4213,0.223919,-3.457083333398998,128.49791666665874,
4214,0.130979,-3.452916666732108,120.87041666665937,kali pitulua
4215,0.237928,-3.452083333398832,101.91791666666025,Air Bintunan
4216,0.122198,-3.4512500000655564,128.53541666665888,
4217,3.56213,-3.450416666732224,119.3637499999926,
4218,1.50137,-3.4483333335853104,114.31041666665963,
4219,0.218966,-3.4462500000653904,112.01791666665964,
4220,15.1718,-3.4445833333986684,116.00791666665953,Sungai Batulicin
4221,1.0068,-3.4395833333985024,128.42624999999248,
4222,0.306691,-3.437916666731951,114.4995833333262,Barito River
4223,0.352288,-3.437916666731894,128.57541666665918,
4224,5.17669,-3.4370833333985047,143.4962499999915,Hawain River
4225,0.415468,-3.436250003550981,120.40166666665924,
4226,0.426117,-3.4345833333983364,116.07124999999267,Sungai Batulicin
4227,4.92598,-3.432916666731785,116.29541666665932,
4228,1.84289,-3.4320833333983387,119.33208333332595,
4229,0.786914,-3.432499999339143,128.41083333448455,
4230,26.7318,-3.4304166667317304,119.28374999999257,s
4231,1.71404,-3.4304166667317304,130.8137499999923,Wae Masiwang
4232,8.50021,-3.429583333398341,101.89958333332665,Air Serangai
4233,0.124703,-3.4291666669167853,116.29208333332622,
4234,0.623249,-3.427916666731619,128.60541666665893,
4235,1.51198,-3.4270833333982864,114.52208333332624,Barito River
4236,0.289642,-3.4270833333982864,128.4045833333256,
4237,24.9828,-3.426250003550649,120.40416666665932,
4238,2.92479,-3.4258333326721413,143.45083333448326,Hawain River
4239,9.15969,-3.424583333398175,119.30708333332632,s
4240,0.747105,-3.4237500000648424,118.87124999999276,
4241,0.205499,-3.422916666731453,128.68541666665874,
4242,13.4233,-3.4204166667313984,105.88624999999314,Sungai Lumpur
4243,0.488199,-3.4179166667314007,112.06041666665963,
4244,5.02801,-3.4179166667314007,116.28124999999272,
4245,1.60834,-3.4170833333979544,116.07791666665936,Sungai Belanak
4246,0.563333,-3.4129166667312347,143.5754166666585,
4247,0.467679,-3.412500000248599,116.02041666665946,Sungai Belanak
4248,0.192602,-3.4120833333977885,143.39458333332482,Mabam River
4249,0.160537,-3.4112500000645127,118.86708333332616,
4250,0.372498,-3.4112500000645127,143.3620833333248,
4251,0.174403,-3.4108333326713023,120.88999999883583,
4252,0.282216,-3.410416666731237,128.40124999999216,
4253,0.238813,-3.405416666731071,116.02458333332628,Sungai Belanak
4254,7.18997,-3.4029166667310733,101.85124999999334,Air Urai
4255,0.198518,-3.4029166667310733,114.25958333332608,
4256,0.550271,-3.4029166667310733,143.3204166666584,Mabam River
4257,0.614311,-3.39958333843191,143.3062499999919,Mabam River
4258,0.21319,-3.3987500035497646,105.90666666665976,Sungai Lumpur
4259,1.01637,-3.3987500000642967,112.55458333332638,Seruyan River
4260,10.8458,-3.397916666730908,135.33708333332515,Wanggar
4261,0.108926,-3.397499999337242,133.409166665503,
4262,0.225876,-3.3962500000641853,116.3987499999929,
4263,2.9926,-3.3962500000641853,129.9720833333256,Wae Bobot
4264,0.37075,-3.3962500000641853,143.28374999999187,Mabam River
4265,15.8595,-3.3958333361649693,112.5554166640103,Seruyan River
4266,0.217024,-3.3954166667309096,114.49624999999298,Barito River
4267,0.159726,-3.3954166667309096,153.3354166666577,
4268,0.85107,-3.39125000006402,152.15291666665814,
4269,0.479051,-3.390416666730744,122.23958333332575,
4270,0.488039,-3.3887500000640216,129.20208333332562,
4271,6.2362,-3.3870833333974133,120.39958333332596,
4272,4.84362,-3.3854166667305776,120.39958333332596,
4273,88.6996,-3.384583333397302,101.82374999999348,Air Ketahun
4274,0.140569,-3.3854166672478527,128.67124999999226,Tala River
4275,0.213424,-3.384583333397302,129.55041666665898,
4276,0.657534,-3.382083333397304,118.85041666665938,
4277,0.892492,-3.381250000063972,135.20791666665855,
4278,0.520496,-3.3804166667305253,120.9012499999926,
4279,0.815201,-3.3795833333972496,114.21208333332628,Kapuas River
4280,1.16295,-3.377916666730414,135.2187499999918,
4281,0.160069,-3.3745833333971404,101.80541666666004,Air Ketahun
4282,0.160731,-3.3729166667303616,135.47208333332537,Kali Oyehe
4283,0.222102,-3.372083333396972,143.21208333332493,But River
4284,2.34086,-3.3712500000636965,114.50624999999296,Barito River
4285,0.174631,-3.3712500000636965,135.16541666665887,
4548,0.168888,-3.068750000056582,128.08291666665878,
4549,1.15608,-3.067916666723136,128.1929166666589,Eti River
4550,5.34534,-3.067916666723136,142.14791666665872,
4551,1.17748,-3.06708333338986,111.82291666665952,Sungai Buluh Besar
4552,0.250748,-3.066250000056528,151.68041666665806,
4553,0.727527,-3.065416666723138,142.11374999999157,Nengo River
4554,1.92738,-3.0645833333898054,142.07624999999177,Nengo River
4555,0.158906,-3.064166666882727,126.60124999999232,SUNGAI 2
4556,7.603,-3.0629166667230834,116.17541666665966,Sungai Kaluang
4557,0.83041,-3.0612500000563614,152.6395833333246,Akebut River
4685,0.150075,-2.920416666719745,129.08041666665906,
4686,7.56355,-2.9187500000530235,116.10624999999276,Sungai Bandilan-besar
4687,11.5253,-2.9170833333864152,106.59124999999312,Sungai Kepoh
4688,0.270481,-2.916250000052969,110.24708333332649,
4689,1.2975,-2.912916666719525,108.25374999999303,
4690,4.51683,-2.912916666719525,120.29374999999254,anak sungai
4691,2.60345,-2.9120833333862493,107.6137499999931,
4692,6.20299,-2.9120833333862493,110.39541666665956,
4693,0.142563,-2.911250000052973,151.42624999999111,
4694,0.119148,-2.910416666719528,129.24958333332597,
4695,5.20984,-2.9095833333862515,106.29124999999328,
4696,1.27773,-2.9095833333862515,106.77041666666004,Air Asau
4697,4.03424,-2.9062500000528075,129.80458333332558,Sungai Wai Samal
4698,0.107005,-2.9062500000528075,150.8795833333246,
4699,0.904329,-2.904583333386085,151.3420833333247,
4700,0.273916,-2.9029166667193635,110.62791666665964,
4701,0.371209,-2.9012500000526416,100.3545833333269,
4702,4.31562,-2.896250000052476,129.86208333332593,Sungai Wai Samal
4703,0.131566,-2.8954166702006887,106.79333333332642,Air Asau
4704,36.1035,-2.8958333326414163,111.43416666554566,Sungai Lamandau
4705,0.592477,-2.892916666719032,129.06541666665885,
4706,2.25555,-2.892916666719032,129.28458333332537,
4707,1.58419,-2.892916666719032,151.33458333332464,
4708,0.149891,-2.889583333385758,118.88624999999251,
4709,0.156149,-2.889583333385758,152.00208333332455,
4710,1.83288,-2.887500000199452,116.35208333332594,
4711,0.929243,-2.885833332640914,116.15333333443937,Pelabuhan Batubara
4712,13.6464,-2.885416666718868,120.33041666665918,
4713,0.287755,-2.884583333385592,135.92708333332564,Werenai
4714,0.75755,-2.8820833333855944,110.22958333332645,
4715,0.109369,-2.881250000052148,106.2062499999933,Sungai Ulim
4716,2.56459,-2.879583333385426,151.2537499999912,
4717,0.124525,-2.8770833333854284,107.58291666665964,
4718,6.85695,-2.8762500000521527,135.90708333332532,Werenai
4719,0.115047,-2.874583333385374,100.31124999999356,
4720,0.206148,-2.8729166667187087,151.30708333332473,
4721,5.25434,-2.8720833333852624,106.16874999999312,Sungai Ulim
4722,0.228332,-2.8720833333852624,151.21208333332447,
4723,0.240147,-2.868750000051932,128.26624999999217,
4724,0.291179,-2.866666666864262,120.35208333332604,
4725,0.106789,-2.8662500000519344,128.79708333332587,
4726,0.735963,-2.865416666718545,116.1154166666596,Sungai Kalimantan Selatan
4727,1.61518,-2.865416666718545,129.06958333332568,
4728,5.20629,-2.8645833333850987,129.77874999999244,
4729,0.200305,-2.863750000051823,128.8554166666588,
4730,0.12939,-2.862083333385101,128.28791666665904,
4731,1.38264,-2.862083333385101,128.70791666665878,
4732,0.405915,-2.8612500000517684,128.70124999999234,
4733,0.538312,-2.860416666718379,128.35291666665898,Sapelewa River
4734,2.68541,-2.859999999306069,128.7283333322148,
4735,0.409093,-2.8579166667183813,128.8754166666588,
4736,1.24713,-2.8579166667183813,151.19041666665794,
4737,0.236765,-2.853750000051491,100.19041666666028,
4738,1.31827,-2.853750000051491,118.85624999999254,
4739,1.3475,-2.853750000051491,128.8904166666589,
4740,0.159859,-2.852916666718216,100.28458333332684,
4741,0.259736,-2.852916666718216,128.68208333332564,
4742,0.608531,-2.8520833333848827,128.4695833333259,
4743,0.257053,-2.8520833333848827,128.5570833333254,
4744,0.161045,-2.8520833333848827,128.63124999999218,
4745,0.166988,-2.8512500000514933,128.63958333332562,
4746,0.539362,-2.8504166667181607,111.71041666665953,Kumai River
4747,0.113768,-2.8504166667181607,118.8079166666596,
4748,0.542109,-2.8504166667181607,128.54624999999237,
4749,0.794603,-2.8504166667181607,128.7545833333254,
4750,1.0966,-2.849583333384885,128.92874999999208,
4751,0.828106,-2.8487500000514387,106.60874999999334,Sungai Kepoh
4752,0.19473,-2.84833333352924,141.6662499999918,Puari Creek
4753,1.03436,-2.8470833333847168,129.07208333332574,
4754,2.51142,-2.8470833333847168,151.1820833333245,
4755,0.196971,-2.846250000051328,128.44624999999223,
4756,0.108417,-2.846250000051328,128.64791666665883,
4757,8.8626,-2.8454166667179948,120.39958333332584,
4758,1.97279,-2.8454166667179948,151.18124999999168,
4759,1.07416,-2.842916666717997,128.67041666665887,
4760,1.21642,-2.841250000051275,108.29541666665966,
4761,3.85829,-2.8416666668618404,128.4937499999926,
4762,0.402083,-2.840416666718,101.36874999999328,Air Teramang
4763,0.110784,-2.840416666718,110.57624999999284,
4764,0.111752,-2.840416666718,129.07041666665873,
4765,0.739971,-2.839583333384553,116.14458333332618,Sungai Kalimantan Selatan
4766,0.963397,-2.839583333384553,116.36374999999292,
4767,6.03366,-2.838750000051107,110.61708333332648,
4768,0.436644,-2.837916666717831,110.55541666665954,
4769,0.108345,-2.836250000051109,128.5020833333257,
4770,3.607,-2.833333333527776,106.07124999999326,Sungai Bangkaudjung
4771,0.613123,-2.832083333384219,134.515416666659,
4772,8.6881,-2.831250000050943,106.03208333332653,Sungai Badar
4773,0.338007,-2.831250000050943,135.9454166666585,
4774,8.38778,-2.830416666717668,120.43124999999247,
4775,0.203627,-2.829583333384221,116.12041666665937,Sungai Kalimantan Selatan
4776,0.24386,-2.8287500000509453,128.98708333332547,
4777,0.47828,-2.827916666717499,116.12208333332616,
4778,3.18699,-2.8279166667176696,129.67291666665915,
4779,0.8307,-2.827083333384224,141.61624999999174,Basu River
4780,0.336133,-2.8241666659706084,151.18249999888317,
4781,0.145975,-2.822916666717504,100.04041666666006,
4782,0.316622,-2.82041667019854,129.3733333333255,
4783,0.43927,-2.815416670198317,110.26333333332632,
4784,4.97196,-2.8087500000505656,101.35541666666006,Air Teramang
4785,1.27704,-2.8087500000505656,116.1387499999928,Sungai Kalimantan Selatan
4786,3.71727,-2.806250000050454,105.78208333332655,
4787,0.585772,-2.805416666717008,129.56374999999207,
4788,0.768916,-2.8029166667170102,129.61458333332553,
4789,0.193516,-2.8020833333837345,120.47874999999247,
4790,0.180842,-2.8020833333837345,129.02124999999216,
4791,0.146336,-2.7970833333835685,129.5437499999921,
4792,0.457573,-2.7970833333835685,135.9604166666586,Werenai
4793,0.147318,-2.7970833333835685,151.17041666665796,
4794,0.20687,-2.796250000050293,100.2437499999936,
4795,0.926991,-2.796250000050236,129.5195833333255,
4796,1.47888,-2.7954166667168465,101.35041666666024,Air Teramang
4797,0.630604,-2.79541667019771,129.5416666666589,
4798,0.278196,-2.7954166667168465,141.56458333332512,Basu River
4799,0.109406,-2.793750000050238,100.1945833333267,
4800,0.532524,-2.793750000050238,129.49874999999224,
4801,0.893167,-2.7933333335240604,100.16708333332669,
4802,0.583022,-2.7929166667166783,151.1637499999913,
4803,0.169149,-2.787916666716683,122.13041666665958,Baho Dopi
4804,0.332732,-2.7870833333833502,132.06208333332552,
4805,45.7944,-2.783333333523103,111.70374999999302,Kumai River
4806,0.750798,-2.7829166667166305,132.79041666665887,
4807,0.165185,-2.7812500000499085,150.9804166666579,
4808,0.164175,-2.780416666716519,150.79958333332456,
4809,19.2378,-2.780416666716519,151.13124999999127,
4810,1.60516,-2.7795833333831865,110.26458333332651,
4811,0.758026,-2.773333333522146,151.99708333332455,
4812,0.232089,-2.765416666716135,141.50124999999184,Pual River
4813,8.02982,-2.7645833333826886,132.80708333332564,
4814,0.478548,-2.7629166701967165,135.97666666665862,
4815,0.639189,-2.762083333382691,151.10291666665785,
4816,5.19649,-2.761250000049415,120.52791666665928,
4817,0.105416,-2.760416666715969,99.99874999999344,
4818,0.127788,-2.758750000049247,116.3595833333262,
4819,0.694647,-2.757916666715971,151.08874999999125,
4820,4.26388,-2.7545833368630497,106.64666666665984,
4821,16.8955,-2.753750003529774,107.62666666665967,
4822,4.70037,-2.7504166667158074,101.32708333332664,Air Bantal
4823,0.475492,-2.748750000049085,116.3595833333262,
4824,6.84441,-2.7479166667158097,120.53624999999272,
4825,0.148082,-2.7466666668528887,122.05541666665908,Tula
4826,0.384488,-2.746250003529497,135.992499999992,
4827,12.5332,-2.7445833333823657,107.62958333332642,
4828,0.109977,-2.7445833333823657,151.057916666658,
4829,0.716301,-2.742083333382311,151.0537499999914,
4830,11.3933,-2.7412500000489217,141.4470833333254,Pual River
4831,0.203808,-2.740416666715646,122.0462499999926,Tula
4832,1.13228,-2.7395833333822,100.22124999999356,
4833,0.120533,-2.738750000048867,132.10541666665858,
4834,0.864487,-2.738750000048867,133.6587499999921,
4835,0.188214,-2.737083333382202,133.66708333332554,
4836,0.201888,-2.733750000048758,116.3595833333262,
4837,0.133007,-2.733750000048758,141.4270833333252,Pual River
4838,0.57818,-2.730416666715314,101.31624999999347,Air Bantal
4839,0.220901,-2.728333332631508,141.39583333442533,Blackwater Creek
4840,0.326843,-2.725416666715148,132.43458333332546,
4841,0.111753,-2.725000000184366,121.09374999999284,Sungai Larona
4842,2.02056,-2.723750000048597,101.3087499999936,Air Bantal
4843,0.110213,-2.7204166667151526,151.97374999999113,
4844,1.68908,-2.719583336862115,106.65999999999326,
4845,0.536707,-2.7170833333817086,151.95958333332442,
4846,0.179122,-2.716250000048376,151.03958333332457,
4847,0.307844,-2.7137500000483783,141.34041666665848,Wasu Creek
4848,0.298777,-2.712916666714932,122.00791666665909,Baho Motefe
4849,0.273019,-2.711250003528505,116.3616666666594,
4850,0.457984,-2.707916666714823,150.80624999999145,
4851,1.77296,-2.7070833333814903,107.62208333332654,
4852,0.653234,-2.7062500000482146,122.00708333332602,Baho Motefe
4853,0.220867,-2.7062500000482146,141.32791666665844,Wasu Creek
4854,0.103052,-2.701250000047935,132.44541666665884,
4855,1.54362,-2.701250000047935,141.31791666665845,Kong Kong Creek
4856,1.23631,-2.7004166667146023,101.27708333332656,Air Pelatun Gedang
4857,0.101412,-2.6995833333813266,133.2704166666589,
4858,1.91462,-2.6995833333813266,150.85041666665825,
4859,1.39093,-2.6987500000478803,105.9104166666599,
4860,6.36919,-2.6987500000478803,141.31208333332518,Kong Kong Creek
4861,3.03918,-2.6970833333811584,151.0329166666579,
4862,0.18914,-2.6954166667144364,121.0470833333262,
4863,0.171437,-2.6954166667144364,133.2829166666586,
4864,3.41441,-2.693333333514716,101.26541666666026,Air Pelatun Gedang
4865,8.65609,-2.692916666714438,120.56874999999276,
4866,0.100376,-2.6879166667142727,105.75958333332652,
4867,0.850219,-2.6879166667142727,141.28958333332514,Kong Kong Creek
4868,17.9615,-2.6870833333808264,141.2979166666587,Kong Kong Creek
4869,1.16903,-2.6862500000475507,100.19041666666028,
4870,0.39816,-2.684999999295598,133.35416666556193,
4871,0.300826,-2.6845833333808287,133.66458333332525,
4872,4.21805,-2.685000000180537,136.05708333332552,
4873,0.535726,-2.6845833333808287,150.95874999999137,
4874,0.10616,-2.6841666668472044,141.2762499999917,Daundo Creek
4875,0.120847,-2.682500000180312,120.63124999999276,
4876,0.319028,-2.6823778740569537,133.39821183806112,
4877,2.23607,-2.680416666714222,118.87624999999277,Sungai Mamuju
4878,1.84843,-2.6795833333806627,150.8895833333247,
4879,1.70868,-2.6787500000475006,105.67958333332672,Sungai Batang
4880,5.13431,-2.6787500000475006,118.87958333332584,Sungai Mamuju
4881,0.363297,-2.6787500000475006,120.60791666665932,
4882,21.2259,-2.677916666714111,101.23874999999322,Air Dikit
4883,0.109567,-2.676250000047389,101.23374999999322,Air Dikit
4884,0.817428,-2.6745833333806672,116.36624999999287,
4885,1.71107,-2.672916666714059,108.151249999993,
4886,5.18227,-2.672916666714059,118.86624999999276,
4887,0.102057,-2.6720833368605668,133.29333333332556,
4888,0.150438,-2.671250000047337,133.31874999999218,
4889,5.91668,-2.6704166667139475,118.89291666665964,Sungai Mamuju
4890,0.225916,-2.6704166667139475,150.19374999999127,Ralava
4891,0.668561,-2.6704166701938448,150.3433333333246,
4892,0.114884,-2.669583333380615,120.96624999999268,Sungai Angkona
4893,0.267541,-2.669583333380615,150.30624999999122,
4894,0.203055,-2.669583336860456,150.94166666665808,
4895,0.283112,-2.668750000047225,133.83041666665883,
4896,0.158487,-2.66791666671395,101.21624999999337,Air Dikit
4897,0.617296,-2.66791666671395,120.65208333332588,
4898,0.142751,-2.666250000047171,100.1812499999935,
4899,1.38718,-2.665416666713895,118.91208333332622,Sungai Mamuju
4900,0.947657,-2.665416666713895,133.8354166666586,
4901,0.437306,-2.665000000178736,141.26624999999171,Danorto Creek
4902,0.215802,-2.661250000047062,105.9012499999933,
4903,4.38436,-2.661250000047062,120.91208333332575,Saluran
4904,0.127056,-2.661250000047062,150.3370833333247,
4905,0.711534,-2.65958333338034,141.24541666665823,Manda Creek
4906,4.01737,-2.6579166667137315,120.94208333332584,Sungai Angkona
4907,0.561277,-2.6579166667137315,141.23708333332513,Manda Creek
4908,2.03579,-2.6579166667137315,150.2737499999912,Ralava
4909,1.11185,-2.657083333380342,116.2604166666598,Sampanahan River
4910,0.116656,-2.656250000046896,121.05708333332598,sungai cerekang
4911,0.219073,-2.65541666671362,141.23208333332514,Manda Creek
4912,0.136413,-2.65541666671362,150.14708333332464,Ralava
4913,2.0083,-2.6545833333803444,121.03374999999257,sungai cerekang
4914,0.191167,-2.653750000046898,118.9254166666592,Sungai Mamuju
4915,1.53682,-2.653750000046898,150.43458333332455,
4916,0.241767,-2.6495833333801784,121.02458333332618,sungai cerekang
4917,1.37765,-2.6470833333801806,106.70708333332637,
4918,0.161334,-2.646250003526461,134.47999999999206,
4919,0.86407,-2.6462500000467344,141.21458333332544,Manda Creek
4920,8.08725,-2.6462500000467344,150.9187499999913,
4921,35.6071,-2.6445833333800124,121.05958333332592,Sungai Larona
4922,2.75132,-2.643750000046566,105.63458333332665,Sungai Batang
4923,1.52748,-2.6420833333800147,120.7004166666594,
4924,0.601616,-2.6420833333800147,152.02124999999114,Munum River
4925,16.035,-2.6404166667132927,108.03124999999328,
4926,0.470905,-2.6404166667132927,133.47374999999215,
4927,0.358109,-2.6395833333797896,120.667083333326,
4928,0.421309,-2.6395833333797896,120.67291666665916,
4929,0.434786,-2.640000000176314,133.45374999999206,
4930,0.426095,-2.6395833333797896,133.47791666665898,
4931,1.90767,-2.6383333335095926,121.05374999999252,sungai cerekang
4932,3.21328,-2.6370833333798487,120.83291666665934,
4933,0.775087,-2.6362500000464024,133.52624999999193,
4934,0.369267,-2.6337500000464047,116.37958333332608,
4935,0.169568,-2.6337500000464047,118.96541666665928,Sungai Mamuju
4936,0.107705,-2.6337500000464047,133.37624999999218,
4937,0.469608,-2.6304166667130744,141.14208333332522,Davi River
4938,1.53855,-2.6287500000462387,116.24958333332644,Sampanahan River
4939,2.15897,-2.629272589668404,132.9387855333656,
4940,0.1008,-2.627916666712906,140.76874999999188,
4941,0.229737,-2.6270833333796304,122.00124999999252,Laronsong
4942,0.331272,-2.626250000046184,140.77958333332504,
4943,1.16341,-2.6254166667129084,108.01541666665996,
4944,0.184421,-2.6254166667129084,141.10208333332525,
4945,2.26587,-2.624583333379462,140.7829166666587,
4946,0.113869,-2.622500000174739,101.13791666665992,Batang Selagan
4947,0.119114,-2.6220833333794644,118.98791666665932,
4948,2.57086,-2.621250000046018,120.75124999999277,
4949,8.72231,-2.621250000046018,140.92208333332496,Tami River
4950,0.384818,-2.6195833333794667,120.77208333332578,
4951,6.69501,-2.6187500000460204,120.80541666665908,
4952,0.966454,-2.619166665958346,133.74416666775016,
4953,0.186853,-2.6162500000460227,100.11874999999355,
4954,0.179368,-2.6166666668407856,116.27541666665934,Sampanahan River
4955,0.105869,-2.6145833333793007,150.45291666665798,
4956,2.09721,-2.6137500000458544,140.68791666665834,
4957,0.279606,-2.6129166667125787,104.7079166666598,Air Banyu Asin
4958,0.376324,-2.6129166667125787,140.8587499999917,Tami River
4959,0.119672,-2.612083333379303,136.2254166666587,
4960,1.75397,-2.6104166667124105,104.70291666665996,Air Banyu Asin
4961,0.248776,-2.6104166667124105,150.44541666665805,
4962,0.120071,-2.6095833333792484,140.8354166666585,
4963,29.7237,-2.608750005070817,104.70041666665986,Air Banyu Asin
4964,0.135956,-2.608750000045859,116.3162499999928,Sampanahan River
4965,1.48224,-2.6079166667125264,133.53458333332537,
4966,20.9925,-2.6070833368585795,101.12583333332692,Batang Selagan
4967,0.680853,-2.6062500000458613,104.6995833333267,Air Banyu Asin
4968,0.998903,-2.60458333337914,104.69874999999314,Air Banyu Asin
4969,0.296076,-2.602083333378971,119.00541666665958,
4970,0.258367,-2.601250000045696,104.72541666666,Air Banyu Asin
4971,0.198124,-2.5962500000455293,133.50708333332523,
4972,1.88554,-2.5954166667122536,101.1162499999936,Batang Selagan
4973,0.152099,-2.5954166667121967,151.99374999999134,Munum River
4974,5.15615,-2.594583333378808,150.83874999999148,
4975,0.106255,-2.591250000045477,100.09708333332684,
4976,0.941547,-2.58791666671209,105.8987499999932,Bangkakota River
4977,0.369655,-2.58791666671209,119.0220833333259,Sungai Utama
4978,3.94479,-2.586250000045368,150.7895833333248,
4979,0.187598,-2.585416666712036,133.3720833333257,
4980,0.507194,-2.582916670191196,101.11083333332677,Batang Selagan
4981,0.856494,-2.581250000045202,100.07374999999364,
4982,0.154339,-2.581250003524474,133.70333333332553,
4983,0.626986,-2.57958333337848,119.03208333332611,Sungai Utama
4984,1.14612,-2.576250000045036,105.90791666666,Bangkakota River
4985,0.243787,-2.576666666837127,133.56041666665874,
4986,2.05542,-2.5745833333784844,107.90374999999295,
4987,0.55526,-2.574583333378428,140.70874999999182,
4988,0.498759,-2.573750000045038,104.72541666665984,Air Banyu Asin
4989,0.175459,-2.568750000044872,133.76041666665856,
4990,0.14013,-2.56708333337815,132.99291666665874,
4991,0.170244,-2.56708333337815,133.4704166666586,
4992,0.100713,-2.565416666711428,107.93458333332644,
4993,0.729234,-2.564583333378096,100.0562499999936,
4994,0.144726,-2.563750003523978,133.5741666666588,
4995,0.188114,-2.5633333335025554,107.69208333332637,
4996,0.991451,-2.560416666711376,105.60458333332656,
4997,0.120067,-2.560416666711376,110.23874999999305,Kendawangan River
4998,0.115867,-2.560416666711376,133.41708333332576,
4999,0.330183,-2.560416666711376,136.26041666665867,
5000,5.54522,-2.557499999287984,107.76499999890676,
5001,3.3638,-2.5545833333778205,133.45208333332573,
5002,0.734167,-2.5545833333778205,133.80874999999207,
5003,1.96398,-2.55125000004449,107.7779166666599,
5004,1.20686,-2.547916666711046,101.08374999999342,Batang Selagan
5005,0.116177,-2.547916666711046,133.65458333332526,
5006,0.683476,-2.5470833333777705,106.71374999999308,
5007,1.75098,-2.5470833333777705,121.97374999999238,Baho Sampatakule
5008,0.165065,-2.5449999992871994,133.40583333441077,
5009,1.34017,-2.5429166701900385,119.03333333332614,Sungai Utama
5010,71.6017,-2.54125000352326,140.7074999999918,
5011,0.196522,-2.540416666710996,101.0795833333268,Batang Selagan
5012,2.16245,-2.5404166667108825,116.27874999999268,Manunggul River
5013,11.782,-2.5404166667108825,133.4520833333255,
5014,0.16508,-2.5395833333776068,133.6170833333257,
5015,0.422652,-2.5395833333776068,150.4420833333245,
5016,0.237908,-2.5379166667107143,100.03374999999356,
5017,0.337724,-2.5379166667107143,116.3062499999927,Manunggul River
5018,0.416315,-2.537083333377552,106.6545833333264,
5019,0.1854,-2.534583333377441,110.26791666665964,Kendawangan River
5020,1.566,-2.5337500000439945,106.6362499999932,
5021,1.36994,-2.5295833333773885,106.6145833333265,
5022,18.8746,-2.529166665952971,105.93666666774402,Bangkakota River
5023,0.872366,-2.52458333337728,106.58541666665974,
5024,6.92267,-2.522083333377225,110.28874999999312,Sungai Membuluh
5025,1.41174,-2.522083333377225,140.73124999999186,
5026,1.79072,-2.5208333326191905,106.56833333440976,
5027,29.2174,-2.5179166701892086,101.05999999999352,Batang Majunto
5028,0.306194,-2.517083333377059,133.31041666665874,Sungai Kido
5029,0.380615,-2.5112500000435034,110.19541666665988,Kendawangan River
5030,0.225848,-2.5112500000434466,121.95541666665906,Baho Lahumpangi
5031,1.17159,-2.5112500000434466,133.29124999999203,Sungai Nagote
5032,7.04878,-2.506250000043451,119.04874999999276,Sungai Utama
5033,0.899924,-2.502916666710007,104.75041666665976,Air Banyu Asin
5034,5.45202,-2.501250000043342,116.41791666665928,Cengal River
5035,0.268284,-2.501666666830147,133.3620833333256,Sungai Kido
5036,1.13924,-2.5008333326179013,105.60916666557824,
5037,0.49884,-2.500416666709896,110.18958333332654,Kendawangan River
5038,10.4698,-2.4987500000432874,110.291249999993,Kendawangan River
5039,1.5921,-2.497916666709898,104.73208333332671,Air Banyu Asin
5040,2.2793,-2.4983333334964186,106.48291666665972,
5041,2.18206,-2.491250000043124,119.09208333332596,Sungai Utama
5042,0.306884,-2.484583333376236,119.10874999999282,Sungai Utama
5043,0.284678,-2.48375000004296,133.79208333332565,
5044,0.113784,-2.4829166667095137,119.11624999999265,Sungai Utama
5045,0.914011,-2.480833332616726,106.4183333344066,Berok River
5046,0.454664,-2.4795833333760697,150.42541666665795,
5047,14.1378,-2.4779166667095183,106.40208333332656,Berok River
5048,0.494074,-2.4779166667095183,136.28458333332537,
5049,0.437639,-2.4775000001612284,121.93624999999248,Baho Ipi
5050,0.519827,-2.4729166667093523,150.4187499999913,
5051,1.51522,-2.4704166667093546,106.36708333332643,Berok River
5052,0.182025,-2.465416666709189,133.81208333332552,
5053,0.117209,-2.464583333375856,150.39708333332453,
5054,0.271972,-2.459583333375747,133.1004166666587,
5055,0.188829,-2.4570833333756923,150.37458333332472,
5250,1.65348,-2.1187500035107973,105.41999999999332,
5251,1.00289,-2.118750000034481,105.65624999999336,
5252,0.153319,-2.117916666701035,105.6404166666598,
5253,0.318979,-2.115416666701037,133.78958333332548,
5254,0.719457,-2.114583333367591,139.25958333332505,
5255,0.348269,-2.114583333367591,146.61041666665812,Bulasoral River
5256,0.871017,-2.112083333367593,137.12374999999224,
5257,0.144225,-2.107083333367428,119.19958333332612,sungai Budong-budong
5258,0.294761,-2.104583333367429,133.83791666665866,
5259,0.837078,-2.1029166667007075,100.86208333332668,Batang Tapan
5260,1.16794,-2.100416666700653,147.26124999999138,Lorengau River
5261,0.460079,-2.093750000033822,110.12041666665972,Sungai Tapah
5262,1.07643,-2.0895833333670453,104.89124999999314,
5263,92.5961,-2.082916666700214,106.15291666665996,BJL Dockyard
5264,0.334637,-2.0820833333669384,137.1820833333253,Sungai Mamberamo Raya
5265,0.44706,-2.079583333366884,147.26874999999131,Lorengau River
5266,0.382885,-2.0779166667002187,105.5654166666598,
5267,0.228517,-2.077916666700162,116.40541666665943,
5268,0.406985,-2.0737500000333284,137.20541666665872,Sungai Mamberamo Raya
5269,0.117618,-2.0729166667000527,105.19041666665998,
5270,0.342746,-2.0729166667000527,105.19708333332652,
5271,1.80349,-2.070833333456619,105.16041666666008,
5272,20.5792,-2.070416666699998,105.56874999999307,
5273,0.251563,-2.070416666699998,139.1854166666584,
5274,0.114919,-2.0695833333666087,105.20458333332658,
5275,1.48532,-2.0691666659245698,125.98083333227817,Sungai Wainin
5276,0.565693,-2.0662500000331647,110.11874999999316,Sungai Tapah
5277,0.632563,-2.065416666699832,105.22624999999312,
5278,0.144946,-2.0645833333665564,139.17541666665863,
5279,12.2869,-2.06375000003311,119.20708333332608,sungai Budong-budong
5280,2.75449,-2.062083333366445,104.68291666665982,Sungai Sembilang
5281,0.22564,-2.060416666699723,116.34208333332596,Sungai Apar Besar
5282,3.00043,-2.0562500000329464,125.9820833333257,
5283,3.61979,-2.0529166666995025,116.2737499999928,Sungai Apar Besar
5284,1.66159,-2.052916670175477,119.20583333332615,sungai Budong-budong
5285,0.286187,-2.051250000032951,104.70124999999342,Sungai Sembilang
5286,0.364751,-2.051250000032951,137.2529166666584,
5287,0.202144,-2.0504166666995047,116.29374999999276,Sungai Apar Besar
5288,6.38625,-2.0483333334544795,121.53208333332576,Koro Pontangoa
5289,0.115033,-2.0483333325898343,137.25416666561284,
5290,0.273554,-2.044583333366063,105.12291666666005,
5291,0.332803,-2.0429166666991705,116.28958333332594,Sungai Apar Besar
5292,0.139382,-2.0404166666991728,139.13291666665862,
5293,0.153849,-2.037916666699175,147.34791666665797,
5294,1.11313,-2.037916666699175,147.36124999999151,
5295,2.64783,-2.0370833333659,147.29291666665824,Lorengau River
5296,10.6587,-2.0320833333657333,110.12291666665976,Sungai Tapah
5297,8.51424,-2.0270833368415424,147.27166666665823,Lorengau River
5298,0.5418,-2.0254166666988453,139.1004166666586,
5299,0.735794,-2.0245833333655128,146.60624999999186,Uganda River
5300,0.155786,-2.0220833333654014,134.1229166666585,
5301,26.0141,-2.0212500000321256,100.87874999999336,Batang Inderapura
5302,1.14547,-2.0212500000321256,139.0895833333252,
5303,12.7131,-2.02041666669868,121.48958333332575,Koro Lamoito
5304,0.409618,-2.0162500000320733,147.2562499999916,Lorengau River
5305,0.903061,-2.014166666784547,147.2362499999913,Lorengau River
5306,0.602799,-2.012916666698686,147.24458333332507,
5307,0.145815,-2.01208333336524,130.28791666665893,
5308,0.125861,-2.011666666784436,104.57958333332664,Sungai Batu
5309,0.116194,-2.010416666698632,139.05874999999173,
5310,0.228374,-2.0087500000319096,132.14124999999217,
5311,2.46425,-2.008333333450821,147.2229166666582,Lorengau River
5312,2.29395,-2.006250000031798,130.30541666665897,
5313,0.274764,-2.006250000031798,147.20624999999131,Lorengau River
5314,1.64965,-2.002083333364908,104.7912499999934,
5315,0.634139,-2.002083333364908,147.13291666665805,
5316,0.108914,-2.001250000031632,132.0204166666589,
5317,1.22852,-2.001250000031632,147.1987499999916,
5318,0.203204,-2.0004166666983565,104.77458333332652,
5319,1.09066,-1.9937500000314683,146.68541666665828,Rau-Hu River
5320,1.39615,-1.9912500000314708,132.15958333332537,
5321,0.820038,-1.9912500000314708,146.7295833333252,Salia River
5322,0.129039,-1.988750000031416,132.1212499999922,
5323,0.193489,-1.9870833333646944,104.61291666666,Selamping Arem River
5324,1.04698,-1.9875000001154604,146.67208333332485,Rau-Hu River
5325,1.01902,-1.9845833333645828,121.34041666665928,Koro Laa
5326,0.427011,-1.9837500000312505,146.77541666665795,Salia River
5327,0.161896,-1.9812500000311388,147.064583333325,
5328,2.62633,-1.9787500000310845,100.87124999999328,Batang Bantaian
5329,0.298761,-1.9787500000310845,130.32541666665918,
5330,0.67081,-1.97916666591874,147.0991666676988,
5331,1.56762,-1.9770833333643625,119.24541666665937,
5332,0.119338,-1.9745833333643643,147.0112499999916,Yohol River
5333,0.697812,-1.9729166666976423,104.49624999999338,Big Siapo River
5334,0.205183,-1.9729166701732763,105.13333333332672,
5335,0.210246,-1.9720833333643668,146.9687499999918,Yohol River
5336,0.109873,-1.9712500000309203,137.2012499999919,
5337,0.137075,-1.9695833333641983,110.09624999999312,
5338,1.89884,-1.9695833333641983,146.92624999999134,Drunen River
5339,0.455752,-1.9687500000309228,146.91374999999164,Drunen River
5340,2.23129,-1.967916670173168,146.79999999999154,
5341,0.143513,-1.962916666697481,104.6087499999934,Selamping Arem River
5342,0.161577,-1.9604166666973128,137.19708333332528,
5343,4.96549,-1.959583333364037,119.30541666665944,
5344,0.611333,-1.959583333364037,138.85291666665853,
5345,6.16129,-1.9579166666973151,138.90458333332515,
5346,0.238591,-1.9529166666971487,100.87041666666028,Batang Air Haji
5347,1.87005,-1.9512500000305977,138.83874999999216,
5348,0.19359,-1.9487500000304288,119.334583333326,
5349,0.337891,-1.9441666659166683,104.46749999895536,Sungai Perapal
5350,0.440861,-1.9424999992499463,105.1566666656222,
5351,0.163562,-1.9420833333636551,130.37874999999212,
5352,15.564,-1.941250003505786,100.86833333332667,Batang Air Haji
5353,0.535858,-1.9366666667774552,121.3195833333258,Koro Tiu
5354,0.261651,-1.9345833333633773,104.46374999999335,Sungai Perapal
5355,2.59081,-1.933750000030102,137.19708333332528,
5356,0.136903,-1.9312500000301045,124.99041666665914,
5357,0.142981,-1.9304166701721213,106.16166666665993,
5358,0.212593,-1.9287500000300497,105.16541666666006,
5359,0.39021,-1.9262500000299383,105.1762499999934,
5360,0.569107,-1.9220833333631613,130.342916666659,
5361,2.05155,-1.92041666669644,105.19041666665998,
5362,2.13494,-1.917083333362996,138.78791666665836,
5363,0.798106,-1.91625000002972,105.21291666666002,
5364,0.560278,-1.91625000002972,131.97458333332565,
5365,0.365036,-1.9154166666962733,131.99374999999247,
5366,0.711226,-1.9137500000296088,130.3604166666587,
5367,0.142696,-1.912916670171512,119.33749999999291,
5368,3.49954,-1.911666665914538,132.08833333229006,
5369,2.6181,-1.9087500000294424,110.01708333332648,Pawan River
5370,0.584235,-1.90791666669611,104.46458333332652,Sungai Buaya
5371,0.246377,-1.9037500000293903,119.3487499999926,
5372,4.76191,-1.8970833333625023,105.26291666666008,
5373,0.749222,-1.8954166666959509,121.51041666665924,Koro Morowali
5374,0.439285,-1.887083333362341,119.35208333332582,
5375,0.940935,-1.887083333362341,136.24291666665863,
5376,2.80048,-1.8862500000290083,136.24541666665846,
5377,0.214072,-1.8845833333623432,136.4279166666587,
5378,3.68393,-1.8829166666956207,100.84374999999346,Batang Air Haji
5379,9.82508,-1.8829166666956207,136.22624999999186,
5550,2.67784,-1.5312500000207478,105.74541666665992,
5551,0.29044,-1.529583333353855,137.64291666665872,
5552,0.44874,-1.523750000020584,122.32208333332584,
5553,0.337019,-1.523750000020584,149.7012499999912,
5554,1.05255,-1.522916666687138,105.86541666665984,
5555,1.1594,-1.5220833333538053,134.20458333332522,Sungai Mati
5556,0.259471,-1.5212500000205296,149.70624999999154,
5557,0.596645,-1.5204166666871402,123.41291666665904,
5558,0.55188,-1.5154166666869742,131.9804166666588,
5559,2.09476,-1.515416666687088,134.20541666665883,Kali Mati
5560,2.82146,-1.5129166701607346,119.308333333326,
5561,0.448248,-1.5079166666868105,116.53041666665943,Babulu River
5562,0.503781,-1.5070833333533642,123.4395833333258,
5563,0.184709,-1.5070833333533642,149.65374999999165,
5564,0.490048,-1.5062500000200885,137.7345833333252,
5565,0.149457,-1.5054166666868127,123.44208333332574,
5566,0.110705,-1.503750000020034,100.62624999999332,Batang Air Lubuk Niur
5567,0.563991,-1.5020833333533687,122.37708333332591,
5568,0.231281,-1.4954166666865945,100.62041666666016,Batang Air Lubuk Niur
5569,0.445509,-1.4954166666865945,149.6579166666579,
5570,0.115317,-1.4945833368269632,110.04499999999302,
5571,0.189849,-1.4904166666864285,131.81624999999224,
5572,10.2756,-1.4887500000195928,122.3920833333259,
5573,0.262378,-1.485416666686319,100.5979166666603,Batang Air Lubuk Niur
5574,0.460545,-1.4845833333529868,123.0187499999928,
5575,0.133513,-1.4837500000195971,122.81958333332568,
5576,0.19971,-1.483750000019711,137.77874999999176,
5577,0.349106,-1.4829166701599092,131.47583333332545,
5578,0.882894,-1.4804166666861531,131.821249999992,
5579,0.108118,-1.4775000000678915,149.57124999999132,
5580,0.320203,-1.472083333352657,123.02291666665916,
5581,0.221958,-1.4695833333526591,137.90958333332514,Sungai Mamberamo
5582,0.342546,-1.4679166666857668,123.34208333332596,
5583,4.80312,-1.467083333352491,131.98874999999225,
5584,0.270376,-1.465416666685769,131.50291666665862,
5585,0.134744,-1.465416666685769,131.60458333332542,
5586,0.150596,-1.4654166701594136,137.87333333332538,Sungai Mamberamo
5587,1.71193,-1.4645833333524934,149.55874999999128,
5588,0.223862,-1.4637500000192176,131.17208333332565,
5589,0.541149,-1.4629166666857714,131.13624999999206,
5590,7.85396,-1.4612500000190494,122.40791666665903,
5591,0.694384,-1.4612500000190494,123.47291666665922,
5592,0.541468,-1.4595833333523274,110.06458333332624,
5593,0.337442,-1.4587500000190516,123.50541666665924,
5594,3.87383,-1.45791667015925,100.5749999999934,Batang Jalamu
5595,0.395784,-1.4554166666854371,131.57958333332556,
5596,2.79927,-1.452916666685553,98.75458333332703,
5597,0.121365,-1.448750003492307,149.7049999999914,
5598,0.125014,-1.442916666685278,99.117083333327,
5599,2.91562,-1.4420833368254191,131.65416666665885,
5600,0.443484,-1.440416670158868,121.0641666666594,
5601,0.1753,-1.4404166666852802,121.0904166666594,
5602,0.100718,-1.439583333351834,121.05708333332598,
5603,0.648977,-1.4362500034921482,123.03499999999258,
5604,0.153357,-1.435416666685228,121.03874999999256,
5605,0.141876,-1.430416666685062,121.10791666665943,
5606,0.416547,-1.429166665882974,131.41333333432453,
5607,0.416059,-1.4287500000183968,131.71958333332577,Klabra
5608,0.133064,-1.422083333351452,131.6295833333254,
5609,0.232142,-1.4204166666847868,131.6312499999923,
5610,0.225075,-1.419583333351511,110.07208333332636,
5611,0.654721,-1.419583333351511,131.31458333332557,
5612,0.169169,-1.4145833333513451,120.92708333332575,
5613,0.320055,-1.4145833333513451,120.94708333332574,
5614,8.12836,-1.4137500000178989,119.29541666665966,Salo Lariang
5615,0.190255,-1.4129166666846231,116.61541666665948,Tunan River
5616,0.152678,-1.4120833333512903,120.88458333332574,
5617,1.60175,-1.4104166666845686,120.67458333332593,
5618,0.372146,-1.4095833333512928,123.52958333332585,
5619,1.93718,-1.4054166666844026,116.64624999999262,Tunan River
5620,0.184617,-1.3979166701577128,120.84083333332592,
5621,4.39603,-1.3945833368244394,122.47999999999264,
5622,0.111609,-1.392083336824271,120.84083333332605,
5623,0.354567,-1.3920833333507971,121.1329166666593,
5624,0.83204,-1.3920833333507971,131.39708333332533,
5625,1.13995,-1.390416670157549,130.97749999999212,
5626,43.937,-1.3883333333927794,120.75041666665948,Poso
5627,2.96829,-1.3795833333505811,119.3012499999926,Salo Lariang
5628,0.152996,-1.3770833333504695,116.7204166666594,Tunan River
5629,0.1257,-1.3729166701570534,131.36416666665878,
5630,1.14141,-1.371250000017028,120.64958333332628,
5631,1.69516,-1.367916666683584,131.33958333332555,
5632,0.275176,-1.36458333335014,122.4920833333258,Sungai Bakung
5633,0.710115,-1.362916666683418,110.06791666665951,
5634,0.184393,-1.3624999992117068,131.35583333431964,
5635,0.324094,-1.3604166666832498,149.54624999999123,
5636,0.178099,-1.357916666683252,123.53458333332584,
5637,0.145273,-1.3545833368232252,149.63499999999135,
5638,14.8701,-1.353750000016646,100.5745833333267,Batang Painan
5639,0.163104,-1.3512500000165346,131.5345833333256,
5640,3.47308,-1.3499999992109224,131.58083333431875,
5641,0.140697,-1.3458333333889527,131.55541666665874,
5642,0.727563,-1.3441666667220602,122.5129166666593,Sungai Matindok Kayowa
5643,2.28451,-1.3341666667212166,100.5679166666602,Batang Salido
5644,0.110149,-1.333750000016039,127.63874999999211,Ake Buton
5645,2.82688,-1.3329166666827064,116.7595833333263,Sungai Nenang Kecil
5646,1.37664,-1.3320833368228475,99.08999999999368,
5647,1.95502,-1.3320833333494306,119.33041666665918,
5648,0.219927,-1.3279166701560143,123.10416666665924,
5649,35.3169,-1.3279166666825404,130.9187499999921,
5650,0.110058,-1.3245833368225703,110.04999999999302,
5651,1.22725,-1.3237500000158209,100.55958333332694,Batang Salido
5652,0.786803,-1.321250000015823,104.4445833333266,Air Hitam Laut
5653,0.233784,-1.321250000015823,134.25291666665862,Sungai Erlangga
5654,0.499337,-1.320416666682377,122.54624999999248,Sungai Bakung
5655,0.119701,-1.3137500000154887,100.55041666665994,Batang Air Lumpo
5656,13.2035,-1.3104166666822152,100.51958333332686,Batang Air Lumpo
5657,4.02538,-1.3104166666822152,131.02208333332533,
5658,0.554629,-1.305416666682163,131.02791666665905,
5659,1.08176,-1.3012500000153295,134.24208333332547,Sungai Warbiadi
5660,0.132442,-1.2954166666818878,120.62208333332592,
5661,0.129608,-1.2929166666817196,134.24208333332547,Sungai Warbiadi
5662,3.48389,-1.2887500000151135,119.31458333332624,
5663,3.64895,-1.2779166666815058,122.5637499999924,Sungai Batui
5827,0.169865,-0.9354166666735182,134.8837499999919,
5828,1.59644,-0.9337500000066824,98.86291666666006,
5829,202.717,-0.9312500000066848,100.35124999999364,Banjir Kanal
5830,0.209435,-0.9312500000066848,134.0229166666586,andai2
5831,0.298944,-0.930416666673409,123.38458333332596,
5832,0.233522,-0.9287500000066872,122.88458333332574,
5833,0.66613,-0.927916671688422,122.85624999999254,
5834,0.153141,-0.9254166666732432,109.71958333332655,
5835,0.159726,-0.9233333333495466,109.36958333332632,
5836,0.306197,-0.9229166666732452,109.59874999999296,
5837,0.196046,-0.9220833333399128,121.67874999999252,
5838,0.160306,-0.9187500000064688,122.14374999999244,
5839,0.564649,-0.9179166666730794,103.63874999999314,Sungai Ayam
5840,0.28067,-0.9154166666730816,131.2845833333257,Kali Remu
5841,0.188202,-0.9145833333397492,131.29541666665864,Warmon
5842,1.86919,-0.9129166666729134,109.74958333332631,
5843,0.732274,-0.9087500000061935,120.27291666665916,
5844,79.1292,-0.8987500000059754,100.34541666666009,Batang Kuranji
5845,0.197822,-0.8987500000059754,123.00624999999286,
5846,0.217229,-0.8979166666725291,122.15208333332578,Bunta Docking
5847,0.461285,-0.8979166666725291,136.0429166666587,
5848,31.6642,-0.8962500000059777,131.2845833333257,Kali Remu
5849,1.26461,-0.8945833333392557,136.0412499999918,
5850,2.09533,-0.8912500000058117,109.75791666665975,
5851,0.169832,-0.8899999991788832,119.53333333236536,
5852,185.637,-0.88541666667237,119.859583333326,Palu River
5853,0.180875,-0.8845833368120566,123.15083333332586,
5854,15.9094,-0.883750000005648,119.8504166666596,Palu River
5855,0.118877,-0.8837500034787809,121.52583333332586,
5856,0.234658,-0.8829166666723722,123.39541666665912,
5857,3.03026,-0.8825000000124419,119.84208333332596,Palu River
5858,11.8143,-0.8812500000056502,119.87124999999251,Palu River
5859,0.302545,-0.878750000005482,123.03458333332571,
5860,0.142927,-0.8779166666722062,121.66124999999248,
5861,0.164649,-0.8762500000054843,103.59208333332651,Sungai Pangkal Duri Besar
5862,0.302629,-0.8762500000054843,109.2779166666598,
5863,0.130446,-0.8754166666722085,135.7737499999921,
5864,4.39301,-0.8737500000054865,103.57291666665992,Sungai Pangkal Duri Besar
5865,0.306374,-0.8737500000054865,109.74874999999292,
5866,0.19612,-0.8712500000053183,109.4145833333264,
5867,7.3944,-0.8695833333385963,131.24708333332546,Sungai Klabala
5868,30.3661,-0.8679166666718743,100.33624999999364,Sungai Lubuk Menturun
5869,1.23722,-0.8679166666718743,121.58291666665956,
5870,0.289261,-0.8679166666718174,123.06208333332576,
5871,7.65143,-0.8683333333442533,134.05124999999202,Kali Konto
5872,1.08939,-0.8670833333385417,121.58791666665957,
5873,2.44047,-0.8658333333441419,121.57708333332585,
5874,1.27747,-0.8645833333384303,123.1345833333262,
5875,0.61725,-0.8620833368115655,121.59416666665936,
5876,0.633303,-0.8620833333384326,122.14874999999245,Bunta Docking
5877,0.108617,-0.8620833333384326,128.31541666665885,
5878,0.143374,-0.859583333338378,123.13041666665924,
5879,2.85178,-0.8587500000051023,120.23041666665938,
5880,4.38385,-0.8587500000051023,134.07041666665862,Kali Konto
5881,2.22957,-0.8570833333383803,119.5562499999926,
5882,0.109623,-0.8570833333383803,136.0370833333252,
5883,10.6848,-0.8554166666716583,103.5520833333266,Sungai Betara
5884,1.24317,-0.8554166701447912,121.59916666665936,
5885,0.149475,-0.8554166666716583,123.0795833333258,
5886,9.68256,-0.8504166666715491,100.32541666666016,Batang Kuranji
5887,1.07556,-0.8512500000752539,119.87958333332632,Palu River
5888,2.46786,-0.8504166666715491,120.20541666665964,
5889,1.22693,-0.8487500000047703,131.24708333332546,Sungai Klabala
5890,0.220213,-0.8470833333380483,119.58541666665928,
5891,0.413976,-0.8462500000047726,120.19624999999246,
5892,0.90686,-0.8400000000084447,123.10958333332576,
5893,0.318662,-0.8387500000046089,100.31708333332688,Batang Kandis
5894,0.221457,-0.8345833333378891,120.18624999999248,
5895,1.28591,-0.8329166666711671,100.31124999999356,Batang Kandis
5896,10.505,-0.8312500000043315,100.30958333332684,Batang Kandis
5897,0.125919,-0.8295833333377232,135.5745833333251,
5898,0.306394,-0.8262500000041655,109.66791666665978,
5899,0.838796,-0.8254166666708329,109.67124999999322,
5900,2.0357,-0.8254166666708329,122.15958333332584,Bunta Docking
5901,0.110372,-0.8245833333375572,119.88208333332592,Binangga Bulubiongga
5902,0.295656,-0.8204166666708375,135.99458333332518,
5903,4.4168,-0.8179166666706692,120.18124999999247,
5904,3.89421,-0.8154166666706715,103.45374999999342,Parit 2
5905,8.1381,-0.8145833333373957,103.4587499999932,Parit 4
5906,41.4271,-0.8129166666706737,103.4520833333267,Parit Gompong
5907,2.66223,-0.812083333337398,103.4654166666599,Parit 4
5908,1.82057,-0.8104166666706192,103.4704166666599,Parit 4
5909,5.35455,-0.8095833333373434,120.17874999999276,
5910,0.250413,-0.8099999991732716,135.97083333428043,
5911,0.281602,-0.807083333337232,117.26708333332613,Sungai Dondang
5912,6.04289,-0.803750000003788,117.18958333332604,Sungai Bambangan
5913,0.143114,-0.803750000003788,119.87708333332604,Binangga Taipa
5914,0.104354,-0.8033333333383439,109.63958333332636,
5915,0.866099,-0.802083333337066,117.24291666665933,Sungai Dondang
5916,0.618421,-0.8012500000036198,119.62374999999248,
5917,0.221923,-0.8012500000036198,119.80541666665933,Binangga Taipa
5918,0.267775,-0.8004166666703441,117.226249999993,Sungai Dondang
5919,0.655472,-0.7920833333368478,109.23874999999288,
5920,0.46608,-0.7920833333368478,109.63541666665976,
5921,0.244435,-0.7912500000034584,122.65374999999268,
5922,0.304232,-0.78958333333685,117.19124999999268,Sungai Dondang
5923,0.164407,-0.7879166666700144,117.19708333332608,Sungai Dondang
5924,1.07219,-0.7862500000034061,119.86208333332593,Binangga Taipa
5925,0.121158,-0.7862500000034061,123.44124999999237,
5926,0.39545,-0.7804166666698507,103.4837499999935,Sungai Tungkal
5927,0.222668,-0.7804166666698507,135.518749999992,
5928,0.485667,-0.7779166701430995,123.44416666665916,
5929,0.130697,-0.7770833333364067,135.72708333332514,Teluk Surendidori
5930,1.10804,-0.7766666666692004,131.39958333332538,Sungai Warsamsum
5931,25.2989,-0.7754166666697984,100.26374999999354,
5932,0.110996,-0.7745833333364089,120.13541666665924,
5933,0.484678,-0.7745833333364089,122.5937499999925,
5934,0.243102,-0.7720833333363544,135.4995833333253,
5935,0.152648,-0.7712500000030786,122.5012499999924,
5936,0.411508,-0.7691666666685251,122.8579166666591,
5937,0.145257,-0.7641666658363988,127.24583333427744,
5938,0.109105,-0.7579166666693027,120.12874999999258,
5939,0.230749,-0.757083333336027,100.2462499999935,
5940,1.34354,-0.753750000002583,122.96208333332584,
5941,0.204292,-0.7529166666693072,119.86124999999276,Binangga Taipa
5942,0.221381,-0.7512500000025852,119.78374999999278,
5943,0.551078,-0.7512500000025852,133.71874999999216,
5944,227.507,-0.748750000002417,117.3312499999928,Sungai Mahakam
5945,0.672123,-0.7487500034757204,133.73083333332534,Sungai Aimasi
5946,0.689188,-0.7470833333358655,133.5429166666588,
5947,5.99787,-0.7470833333358655,133.8170833333254,Sungai Aimasi
5948,0.54216,-0.7462500000024193,109.54208333332632,
5949,0.634265,-0.7437500000024215,133.69624999999212,
5950,0.741623,-0.7412500000022533,100.23041666666018,Batang Ulakan
5951,0.228972,-0.7412500000022533,109.59291666665956,
5952,0.512706,-0.738750000002085,135.74624999999196,Teluk Surendidori
5953,0.884475,-0.737083333335363,103.46208333332646,Parit 2
5954,0.124177,-0.7370833368087801,133.56916666665882,
5955,0.237248,-0.737083333335363,133.6295833333254,
5956,1.44023,-0.735416670142115,119.85416666665937,Binangga Taipa
5957,0.607458,-0.7216666666640776,119.6762499999926,
5958,2.83192,-0.7204166666684841,103.39374999999336,Sungai Terap
5959,0.122785,-0.7195833333352084,100.20791666666032,Batang Ulakan
5960,19.777,-0.7170833333351538,100.20374999999352,Batang Ulakan
5961,0.138957,-0.7154166666683182,119.86124999999276,Binangga Taipa
5962,1.14895,-0.7129166666683204,109.37041666665964,
5963,0.552473,-0.7129166666683204,109.57041666665992,
5964,1.54601,-0.7129166666683204,120.104583333326,
5965,0.168784,-0.7099999991659729,109.57666666571151,
5966,0.504619,-0.7087500000016007,127.67208333332589,
5967,0.109283,-0.7087500000016007,127.84458333332566,
5968,0.229801,-0.704583333334881,117.38208333332636,Sungai Muara Buncit
5969,0.110034,-0.7029166666681022,109.30708333332656,
5970,0.259514,-0.7029166666681022,119.84708333332615,
5971,0.366756,-0.7004166666679907,135.59458333332543,Wabudori
5972,47.008,-0.6987500000013824,100.18458333332694,Batang Ulakan
5973,0.271978,-0.6987500034746859,120.0924999999928,
5974,4.50125,-0.6954166666678248,109.488749999993,
5975,32.5184,-0.694583333334549,103.34624999999323,Sungai Terap
5976,0.453596,-0.6870833333343285,119.82374999999251,
5977,0.120892,-0.6824999999938086,133.3087499999922,
5978,0.167402,-0.6812500000008868,117.47124999999278,Sungai Terusan Pemakaran
5979,0.106874,-0.6816666666603624,127.78958333332548,
5980,0.185508,-0.6762500000007208,131.9029166666587,Mega
5981,0.100413,-0.672083333334001,135.53458333332514,
5982,6.32413,-0.6679166701406984,119.74666666665928,
5983,54.5937,-0.6604166666671176,100.14624999999336,Batang Mangau
5984,32.7569,-0.6570833333336736,100.14208333332692,Batang Mangau
5985,0.367142,-0.6537500000002296,127.47874999999216,
5986,0.207567,-0.6512500000002319,103.3737499999932,
5987,2.54712,-0.6395833333332916,100.12541666666004,Batang Pariaman
5988,11.0153,-0.639999999160807,103.3483333323834,
5989,0.198284,-0.6312499999996817,119.81124999999248,
5990,0.307532,-0.6295833333331302,122.96291666665913,
5991,0.465385,-0.6295833333331302,127.4812499999922,
5992,0.467328,-0.6270833333330188,127.47124999999244,
5993,0.4254,-0.6262500034732739,127.6041666666589,
5994,0.123707,-0.6237499999995748,109.47708333332632,
5995,0.163927,-0.6237499999995748,127.4395833333258,
5996,41.0753,-0.6187499999995225,100.1162499999936,Batang Pariaman
5997,2.84403,-0.6145833333326323,109.47374999999325,
5998,0.213065,-0.6145833333326323,128.17291666665892,
5999,0.168869,-0.6137499999993565,133.24124999999208,
6000,1.52305,-0.6004166666655806,109.25958333332636,
6001,2.00011,-0.5962499999989745,119.78958333332616,
6002,0.136455,-0.5929166666654169,123.0454166666591,
6003,0.267108,-0.5854166666653668,109.3245833333266,
6004,0.20706,-0.5854166666654237,119.7904166666592,
6005,0.228621,-0.5829166666653691,123.17874999999252,
6006,0.53363,-0.5787499999985357,109.39124999999297,
6007,1.49834,-0.5787499999985357,109.3954166666598,
6008,0.114699,-0.5787499999985357,119.7904166666592,
6009,1.23102,-0.5783333333174028,104.42958333332643,
6010,0.158824,-0.5779166666652031,123.15208333332566,
6011,18.0124,-0.576249999998538,100.09458333332697,Batang Pariaman
6012,0.116855,-0.576249999998538,109.3762499999932,
6013,0.386435,-0.5754166666652054,104.51624999999314,
6014,0.291417,-0.5758333333171208,117.50958333332596,Sungai Muara Pantuan
6015,1.40044,-0.5695833368052376,100.09249999999356,Batang Pariaman
6016,0.448972,-0.5637499999982083,98.39624999999336,
6017,0.123988,-0.5612499999981537,120.05208333332598,
6018,3.84915,-0.560416666664878,100.0887499999934,Batang Pariaman
6019,0.25494,-0.557083333331434,104.52791666666002,
6020,0.107085,-0.548749999997824,133.1054166666587,
6021,2.09551,-0.5462499999977126,104.53124999999328,
6022,0.192674,-0.54541666666438,100.08041666665996,
6023,0.347932,-0.5358333333134055,104.3195833333267,
6024,203.946,-0.5354166666642186,117.41458333332616,Sungai Muara Kaeli
6025,0.16293,-0.5312499999973284,100.0654166666602,
6026,1.48382,-0.5312499999973284,117.41458333332616,Sungai Muara Kaeli
6027,0.530777,-0.5299999999795091,103.42208333332655,Sungai Sapadtalam
6028,1.25078,-0.5270833333307223,120.04874999999276,
6029,2.58069,-0.5254166666638866,100.06041666666022,
6030,21.6796,-0.5195833333304449,103.39124999999348,Sungai Sapadtalam
6031,0.12263,-0.5187499999971692,109.11874999999316,
6032,2.89166,-0.5145833333304495,103.38874999999337,Sungai Sapadtalam
6033,0.100442,-0.5145833333304495,133.0229166666586,
6034,0.156587,-0.5129166666636706,117.5087499999928,Sungai Muara Ilu
6035,22.5547,-0.5087499999969509,103.39124999999348,Sungai Sapadtalam
6036,0.145476,-0.5054166666633932,103.46708333332646,Sungai Besar
6037,0.492959,-0.5054166666633932,103.4704166666599,Sungai Besar
6038,1.08681,-0.5029166701371537,120.0499999999928,
6039,0.696716,-0.501249999996844,100.03874999999334,
6040,0.830117,-0.4995833333299515,104.56624999999336,
6041,0.203854,-0.4920833333297878,132.08708333332584,Wesan
6042,0.227681,-0.4912499999965121,100.0279166666602,
6043,0.567224,-0.4904166666632363,119.75958333332608,
6044,2.43849,-0.4837499999963484,104.59208333332668,
6045,0.301792,-0.4820833333295695,132.96374999999193,
6046,0.60211,-0.4816666666416722,100.01708333332688,
6047,1.02763,-0.4779166666628498,109.11291666665984,
6048,0.22719,-0.4774999999746683,100.01208333332688,
6049,1.62629,-0.4645833333290738,120.0670833333262,
6050,0.496203,-0.4612499999956299,99.99208333332696,Batang Tiku
6051,0.482102,-0.449583333328917,99.97958333332669,Batang Tiku
6052,0.283947,-0.4462499999954161,117.4504166666593,Sungai Muara Kaeli
6053,0.558271,-0.4420833333287532,104.34374999999346,
6054,2.016,-0.437916666661863,99.96874999999352,Batang Tiku
6055,0.138603,-0.4370833333285873,109.11791666665982,
6056,0.529459,-0.4362499999952547,104.32791666665996,
6057,0.253639,-0.4362499999952547,104.34708333332674,
6058,0.247902,-0.4262499999949796,99.95458333332692,Batang Tiku
6059,2.40002,-0.4245833333283713,120.06541666665942,
6060,0.273394,-0.4187499999948159,121.9637499999924,
6061,2.19732,-0.4162499999948181,99.94124999999347,Batang Tiku
6062,0.267849,-0.4087499999945976,119.7629166666593,
6063,0.142783,-0.4079166666612082,104.55041666665988,
6064,2.31054,-0.4045833333277642,104.40708333332655,
6065,3.90281,-0.3987499999942656,103.54458333332671,Lajau River
6066,0.354244,-0.3970833333275436,120.04541666665932,
6067,2.88173,-0.3929166666608239,103.54541666665988,Lajau River
6068,0.146531,-0.3904166666608262,120.042083333326,
6069,1.07717,-0.386666666632891,104.42541666666,
6070,4.01621,-0.3854166666607739,99.91708333332672,Batang Tiku
6071,0.103746,-0.3829166666606625,103.56291666666016,Lajau River
6072,0.39529,-0.3820833333272162,132.33958333332555,Sungai Kwoor
6073,0.227736,-0.376666666631877,103.64791666665997,Lajau River
6074,11.1602,-0.3720833333270548,99.9112499999934,Batang Tiku
6075,8.07327,-0.367916666660335,109.15708333332634,Sungai Ambawang
6076,2.50283,-0.3654166666602805,99.90624999999358,Batang Tiku
6077,0.161976,-0.3654166666602805,103.66541666666,
6078,0.446923,-0.3620833333268933,120.03541666665932,
6079,0.438736,-0.3612499999934471,117.46291666665957,Sungai Badak
6080,0.109198,-0.3579166701343865,119.7566666666595,
6081,0.336398,-0.3570833333267273,103.44791666665986,Batang Terbung
6082,79.4539,-0.3545833333266728,103.4445833333266,Batang Terbung
6083,0.855039,-0.3504166666599531,99.89124999999342,Batang Tiku
6084,0.252968,-0.3454166666598439,103.7495833333266,
6085,1.9515,-0.3412499999929537,99.88124999999366,
6086,0.104487,-0.3387499999929559,98.39291666666008,
6087,0.372215,-0.3337499999927331,99.87208333332666,Batang Masang Kiri
6088,9.55689,-0.3270833333260157,117.44791666665937,Sungai Badak
6089,55.8084,-0.319583333325852,99.85124999999334,Batang Masang Kiri
6090,2.11029,-0.3120833333255177,103.4587499999932,Batang Terbung
6091,0.132111,-0.3008333324689261,127.72916666758,
6092,3.17053,-0.2979166666586366,120.02208333332612,
6093,0.557918,-0.2929166666586411,104.82791666666004,
6094,0.430878,-0.292083333325138,104.9004166666598,
6095,0.353788,-0.2912499999918623,103.46708333332646,Batang Perigi
6096,0.345245,-0.2912499999918623,104.8220833333267,
6097,43.9832,-0.2895833333251403,99.81374999999356,Batang Masang Kiri
6098,3.03379,-0.2854166666584774,117.43291666665948,
6099,0.139726,-0.2820833333250334,103.73624999999316,
6100,0.253648,-0.2795833333248652,103.47374999999334,Batang Perigi
6101,0.226724,-0.2737500034662616,104.79499999999314,
6102,1.53759,-0.2679166666579817,103.49624999999338,Batang Perigi
6103,1.23252,-0.2629166666578157,109.11541666665973,Selat Pampang
6104,0.574226,-0.2587499999910392,103.69208333332664,Sungai Concong
6105,0.163173,-0.2562499999909278,119.79458333332616,
6106,0.981192,-0.2545833333243195,120.01124999999251,
6107,1.73148,-0.2512499999908755,117.41958333332605,Marang Kayu River
6108,0.107616,-0.246666666619717,103.65624999999318,Sungai Concong
6109,0.353975,-0.2420833333241034,119.79791666665926,
6110,0.486842,-0.239583333323992,104.75291666665989,
6111,0.208657,-0.2370833333239375,99.80458333332672,Batang Masang Kiri
6112,2.1951,-0.2362499999906617,103.6437499999933,Sungai Concong
6113,1.28777,-0.231666665796979,103.41833333424324,Batang Tuaka
6114,0.10944,-0.2304166666571063,98.52291666666014,
6115,0.702628,-0.2274999991298614,104.73916666757634,
6116,0.107849,-0.2254166666569403,103.5287499999934,Batang Perigi
6117,1.36959,-0.2245833333236078,104.63208333332676,
6118,7.17359,-0.223749999990332,99.80041666666028,Batang Masang Kiri
6119,5.25077,-0.22208333332361,103.4120833333268,Batang Tuaka
6120,0.306455,-0.219166665796024,103.41083333424244,Batang Tuaka
6121,0.266434,-0.2162499999901683,104.6487499999933,
6122,8.43736,-0.2120833333233349,99.79541666666027,Batang Masang Kiri
6123,0.246052,-0.2120833333233349,119.80708333332608,
6124,0.108749,-0.2012499999897272,104.81624999999316,
6125,0.145245,-0.1995833333230052,104.87958333332664,
6126,0.547851,-0.1954166666562855,119.81874999999276,
6127,0.314948,-0.1870833333226755,119.81791666665936,
6128,0.131017,-0.1787499999891793,119.8154166666593,
6129,0.317608,-0.1745833333225732,117.44624999999267,Marang Kayu River
6130,0.264773,-0.1729166666558512,120.01458333332585,
6131,0.140958,-0.1654166666555738,121.6562499999926,
6132,0.155154,-0.1612499999886836,103.46208333332646,Gaung River
6133,29.1513,-0.1495833333218001,103.44708333332652,Gaung River
6134,0.866019,-0.1454166666550804,120.03791666665938,
6135,0.234905,-0.1437499999883584,99.74708333332676,Batang Masang
6136,0.118846,-0.1420833333217501,98.48041666666036,
6137,41.4288,-0.1404166666549144,109.18791666665982,
6138,2.14606,-0.1387500034635422,109.1908333333264,Kapuas River
6139,0.111454,-0.1387500034635422,121.65333333332592,
6140,0.131878,-0.127083333321309,104.50541666665998,Sungai Mentoda
6141,0.278213,-0.122083333321143,120.04124999999271,
6142,0.282913,-0.1179166666544233,117.46708333332596,Marang Kayu River
6143,0.401332,-0.1154166666543687,119.82458333332612,
6144,0.118405,-0.1137499999878173,104.50791666665988,Sungai Mentoda
6145,0.596779,-0.1137499999878173,104.6670833333265,Sungai Semarung
6146,0.607836,-0.1087499999874808,104.65624999999336,Sungai Semarung
6147,0.740121,-0.107916666654205,119.83291666665956,
6148,2.32134,-0.1037499999874853,103.45208333332651,Sungai Gaung
6149,186.153,-0.1004166701297322,99.75999999999352,Batang Masang
6156,1.18314,-0.0745833333197651,129.42541666665875,
6171,44.5847,-0.0220833333187329,99.73291666666016,Batang Pasaman
6172,1.93735,-0.0187499999851752,103.67041666666,
6173,0.141295,-0.0166666665980415,99.72458333332672,Batang Pasaman
6174,0.126396,-0.0120833333184009,104.53624999999327,
6175,4.87505,-0.0087499999851274,103.56041666666005,
6176,3.4629,-0.0020833333186942,103.56874999999349,
6177,0.139145,0.0016666675538772,127.88916666756074,
6178,37.3902,0.0045833333481368,99.694583333327,Batang Pasaman
6179,0.191693,0.0045833333483074,120.10208333332604,
6180,2.40407,0.0212500000153568,103.80541666665982,
6181,598.376,0.0245833333489713,109.2495833333266,Small Kapuas River
6182,0.151426,0.0345833333491327,109.18041666665977,Small Kapuas River
6183,0.174274,0.0379166666823493,109.2304166666596,Small Kapuas River
6184,0.135856,0.0470833333495193,117.47458333332588,
6185,0.181013,0.0504166666827927,120.109583333326,
6186,11.5617,0.0645833298732441,99.62333333332674,Batang Pasaman
6187,1.20858,0.0662500000164527,109.18958333332654,Small Kapuas River
6188,1.4335,0.0729166666833407,99.60458333332684,Sungaı Aur
6189,0.521945,0.0737500000169006,127.88874999999246,
6190,0.364734,0.0754166666832816,104.62208333332644,
6191,0.457536,0.0845833333503947,99.5829166666602,Sungaı Aur
6192,0.554103,0.0920833333505015,98.60458333332669,
6193,7.3521,0.0929166666838341,117.47791666665955,Sungai UPPT PKT
6194,5.11654,0.097083333350497,103.7762499999933,Sungai Simbar
6195,0.68426,0.0987499965403344,127.89666666665904,
6196,36.3501,0.099166666745873,99.55041666666015,Sungaı Aur
6197,3.08824,0.1020833298736079,109.1624999999932,
6198,1.45209,0.1062500000174395,119.86791666665933,
6199,0.298282,0.1137500000177169,99.52291666666032,Sungaı Aur
6200,0.968965,0.1154166666844389,120.11624999999265,
6201,4.84483,0.1170833333511609,109.15124999999318,Sungai Peniti
6202,0.137583,0.1270833333512655,98.53124999999358,
6203,0.216976,0.1300000000820205,99.4887499999934,Sungaı Aur
6204,2.63329,0.1304166666847095,103.7712499999933,Sungai Pedada
6205,0.278836,0.1320833333514315,99.48291666666024,Sungaı Aur
6206,0.182624,0.1345833333513724,120.13541666665913,
6207,0.117296,0.1412499965410347,98.82999999999356,
6208,18.1925,0.1412500000182603,117.5179166666594,Sungai UPPT PKT
6209,0.291714,0.1462500000182558,104.54541666665988,
6210,0.200081,0.1487500000184809,99.42958333332687,Sungaı Aur
6211,0.395495,0.1557111328230576,102.58345477395216,Sungai Kampar
6212,0.481817,0.1579166666853098,117.49041666665926,Sungai UPPT PKT
6213,0.122216,0.1591666667513891,102.58958333332664,Sungai Kampar
6214,0.243272,0.1612500000185832,98.7145833333268,
6215,5.41214,0.1620833333520863,109.13541666665986,Sungai Peniti
6216,1.7714,0.1620833333520863,117.47958333332645,Sungai UPPT PKT
6217,63.6804,0.1675000009011,102.57416666755172,Sungai Kampar
6218,0.121415,0.170833333419182,98.79958333332696,
6219,0.349233,0.173333333419464,102.59624999999336,
6220,0.185366,0.1770833333524137,98.59708333332696,
6221,0.26153,0.1804166666858577,120.13041666665912,
6222,12.2352,0.1854166666860237,103.76624999999348,Sungai Pedada
6223,1.77559,0.1887499965417305,117.4924999999928,Sungai UPPT PKT
6224,68.5371,0.1987500000196291,99.37708333332694,
6225,3.57438,0.1987499965418919,109.1258333333264,Sungai Peniti
6226,0.124384,0.2112500000198451,102.61541666665994,Sungai Kampar
6227,0.119895,0.2129166666865671,119.89291666665918,
6228,0.343409,0.2170833333534005,119.85291666665933,
6229,3.07291,0.220416666686674,119.9037499999929,
6230,0.153375,0.227083333353562,103.75374999999345,Sungai Pedada
6231,0.635114,0.2279166666868946,99.2912499999934,
6232,18.3666,0.2287500000204545,99.36124999999362,
6233,0.653003,0.23375000002045,119.90708333332634,
6234,0.293214,0.23416666675854,102.65958333332684,Sungai Kampar
6235,0.135867,0.2345833333537825,109.10291666665968,
6236,0.154071,0.2370833333538939,119.90458333332596,
6237,1.52474,0.2437500000207819,103.74541666666016,
6238,3.55544,0.2462500000208365,102.84041666666012,Sungai Kampar
6239,0.359997,0.2529166666875539,102.86624999999344,Sungai Kampar
6240,0.124436,0.2579166666877199,102.87291666666016,Sungai Kampar
6241,0.749449,0.259166666760791,102.6745833333266,Sungai Kampar
6242,0.122548,0.2612500000211639,117.522083333326,
6243,0.333661,0.2645833333546079,119.8987499999929,
6244,0.150165,0.267500000909024,102.89166666577438,Sungai Kampar
6245,0.339496,0.2687500000212139,102.87041666665988,Sungai Kampar
6246,0.382225,0.270000000909306,120.20416666577376,
6247,0.113098,0.2770833298765751,117.52416666665933,
6248,6.6424,0.2825000009104315,102.723333332442,Sungai Kampar
6249,0.156029,0.2870833333549853,102.9237499999934,Sungai Kampar
6250,17.7304,0.2937500000217028,103.6045833333268,Guntung River
6251,17.7961,0.2937500000217028,109.02458333332658,Mempawah River
6252,0.154602,0.2937500000217028,119.88958333332596,
6253,12.1049,0.2970833298766706,103.59999999999326,Guntung River
6254,0.883194,0.3004166666885908,109.0079166666597,Mempawah River
6255,0.302018,0.3029166666888727,103.6137499999934,Guntung River
6256,0.126604,0.3062500000221462,102.96708333332674,Sungai Kampar
6257,0.178536,0.3087500000222007,123.34874999999238,
6258,23.4606,0.3154166666890887,108.96708333332629,Mempawah River
6259,0.69112,0.3162500000223076,102.83374999999342,Kampar River
6260,1.06748,0.3170833333556402,103.68791666666004,
6261,0.167275,0.3187500000223622,123.71041666665906,
6262,0.145932,0.323333333433311,119.85874999999282,
6263,2.2586,0.3279166666893616,103.66874999999344,Guntung River
6264,0.141759,0.3287500000226941,103.6137499999934,Guntung River
6265,0.161976,0.3312500000228056,120.2404166666596,
6266,0.260187,0.3345833333560222,123.46291666665944,
6267,1.69059,0.3345833333560222,127.72541666665916,
6268,0.194643,0.3362500000227442,123.87541666665923,
6269,0.209766,0.3412500000229101,117.55208333332598,
6270,0.191414,0.3470833333564656,123.23624999999254,
6271,0.192748,0.3470833333564656,127.69374999999218,
6272,0.220625,0.3512500000232421,123.90458333332585,
6273,0.115787,0.3629166666901255,103.04874999999345,Kampar River
6274,0.102624,0.3637500000233444,123.2229166666591,
6275,0.843718,0.3687500000235104,123.97874999999247,Sungai Tolondadu
6276,0.983844,0.3737500000238469,123.9870833333257,
6277,0.874824,0.3737500000238469,124.01874999999256,Sungai Tolondadu
6278,0.124211,0.3758333334382655,124.00624999999252,Sungai Tolondadu
6279,0.87931,0.3787500000238424,123.20791666665934,
6280,0.115105,0.3829166666906189,103.10041666666008,
6281,0.333421,0.3862500000240629,124.10208333332582,Linawan
6282,0.125243,0.3887500000240038,102.97374999999346,Kampar River
6283,0.233345,0.3887500000240038,124.11541666665904,Sungai Pinolosian
6284,13.7913,0.3912500000240584,99.1362499999936,Batang Batahan
6285,0.232298,0.3912500000240584,119.88874999999256,
6286,2.03621,0.3937500000241698,120.2904166666592,
6287,0.388744,0.393333333439898,124.12541666665902,Sungai Pinolosian
6288,0.393717,0.3945833333576729,103.14458333332658,Kampar River
6289,4.53596,0.3970833333573864,103.58124999999336,Guntung River
6290,0.168267,0.3983333334404051,123.18291666665914,
6291,0.103441,0.3995833333576684,124.24791666665897,Sungai Deaga
6292,1.65577,0.4012500000242198,124.25791666665896,Sungai Deaga
6293,0.322674,0.4070833333577184,121.0979166666591,
6294,0.524218,0.4079166632115516,121.06666666665944,
6295,0.133668,0.4095833333578298,103.01541666666007,Sungai Kampar
6296,0.136952,0.4112500000245518,121.12208333332605,
6297,3.35487,0.4112500000245518,121.1312499999924,
6298,0.237734,0.4137500000246064,121.0562499999926,
6299,12.436,0.4154166666913284,120.95541666665927,Tapal Kuda (Geomorfologi)
6300,0.54765,0.4162499965451616,99.13999999999356,Batang Batahan
6301,0.265596,0.418333333442149,120.97791666665933,Tapal Kuda (Geomorfologi)
6302,4.53012,0.4229166666914352,120.98708333332593,Tapal Kuda (Geomorfologi)
6303,0.952438,0.4262500000250497,103.54624999999344,Parit 1
6304,0.579222,0.4262500000250497,127.58208333332573,
6305,0.320209,0.4279166666916012,120.31958333332602,
6306,0.112072,0.4287500000249338,124.30041666665898,Sungai Deaga
6307,0.789594,0.4295833333583232,103.17791666666017,Kampar River
6308,40.492,0.4379166666917626,117.61124999999264,Sungai Sengata
6309,0.162008,0.4395833333584846,103.53208333332684,Parit 1
6310,8.92028,0.4395833333584846,121.03041666665932,Tapal Kuda (Geomorfologi)
6311,0.286175,0.4425000001111812,121.1629166666596,
6312,0.211666,0.4445833298789239,127.5758333333257,
6313,0.118594,0.4454166666919832,120.3437499999926,
6314,0.975561,0.4479166666920946,108.9404166666596,Mempawah River
6315,0.35451,0.4495833333588166,124.39041666665912,
6316,0.396152,0.4504166666921492,127.91374999999232,
6317,0.353112,0.4554166666923152,124.41374999999256,Sungai Onggunoi
6318,0.242309,0.4595833333591486,121.17708333332588,
6319,1.75698,0.4595833333591486,121.21374999999271,
6320,0.210546,0.4604166666923106,103.4887499999935,
6321,0.466851,0.4620833333590326,120.38041666665936,
6322,0.170488,0.4641666667798176,121.19124999999268,
6323,11.9284,0.4654166666924766,120.75541666665924,
6324,0.172282,0.4666666667800996,127.9354166666592,Ake Sake（萨开河）
6325,0.309157,0.467916666692588,127.9487499999924,Ake Sake（萨开河）
6326,0.658479,0.4762500000259706,119.91374999999266,
6327,4.15311,0.47708333335936,120.41541666665968,
6328,7.29116,0.4779166666926926,122.079583333326,
6329,0.625265,0.482083333359526,119.98208333332582,
6330,0.133812,0.4845833333595806,122.21791666665932,
6331,0.552595,0.48541666669297,122.09291666665922,
6332,0.196668,0.486250000026132,103.46124999999348,
6333,0.165107,0.486250000026132,121.25208333332604,
6334,0.131585,0.4895833333597466,99.12374999999356,Sungai Natal
6335,0.338343,0.490416666693136,108.90874999999312,
6336,0.482911,0.490416666693136,122.30374999999242,
6337,0.14266,0.4908333334489612,103.2287499999934,
6338,6.08021,0.4912500000264685,120.71374999999296,
6339,0.278213,0.4916666675941314,122.30750000086492,
6340,0.583173,0.49291666669302,120.0170833333259,
6341,1.0386,0.497916666693186,122.1170833333258,
6342,3.53804,0.499583333359908,122.44041666665908,
6343,0.207412,0.5004166666932974,117.61791666665933,Sungai Kenyamukan
6344,0.836363,0.5004166666932974,122.3187499999924,
6345,0.300397,0.5009555290116054,122.55928811036824,
6346,1.3412,0.5054166666934634,122.52874999999244,
6347,3.80624,0.5070833333601854,122.35124999999243,
6348,6.36698,0.507916666693518,120.6995833333258,
6349,0.447077,0.5087500000267369,103.18374999999332,Kampar River
6350,102.017,0.50958333336024,123.06208333332576,Sungai Bone
6351,0.263879,0.511250000026962,120.54708333332589,
6352,0.160508,0.5120833333603514,103.2970833333265,
6353,0.245104,0.5120833333603514,120.57874999999297,
6354,0.100071,0.5137500000270734,108.91041666665984,
6355,3.73606,0.5145833298798266,103.42333333332664,
6356,0.12542,0.5145833333602354,122.66041666665922,Paguyaman River
6357,0.157289,0.5154166666936248,122.38041666665958,
6358,0.240083,0.5162500000269574,122.40541666665912,
6359,0.627833,0.5175000001181616,103.19624999999336,
6360,54.661,0.5187500000272394,122.64874999999232,Paguyaman River
6361,0.115804,0.5195833333604014,108.91208333332656,Sungai Duri
6362,0.226329,0.5195833333604014,120.61958333332586,
6363,0.779886,0.5225000001186686,103.21624999999352,
6364,0.420641,0.5237500000272348,120.04791666665938,
6365,0.935718,0.5245833333605674,103.23291666665985,
6366,0.177335,0.5279166666940114,103.26874999999347,
6367,0.228731,0.5295833333605628,99.10458333332696,Sungai Natal
6368,0.312784,0.5312500000272848,117.64124999999274,Sungai Kenyamukan
6369,0.155437,0.5345833333608994,103.3204166666601,
6370,1.00502,0.5454166666942228,108.921249999993,Sungai Duri
6371,0.142797,0.5487500000276668,108.92208333332655,Sungai Duri
6372,15.9259,0.5495833333612268,99.11124999999367,Sungai Natal
6373,1.02065,0.5637500000279942,108.92708333332656,Sungai Duri
6374,4.25968,0.5670833333614382,97.82124999999364,
6375,0.445756,0.5687500000281602,120.03874999999276,
6376,0.12353,0.5704166666948822,97.83708333332696,
6377,0.746463,0.5770833333617702,97.77374999999348,
6378,0.905137,0.5779166666951596,97.73208333332684,Le Aramö
6379,1.38826,0.5804166666952142,99.10708333332684,
6380,0.346386,0.5829166666953256,103.02458333332667,
6381,0.930935,0.5866666667913591,124.5345833333256,Sungai Nuangan
6382,0.320998,0.5887500000286536,120.03624999999272,
6383,1.14657,0.5887500000286536,124.53874999999243,Sungai Nuangan
6384,0.10705,0.589583333362043,103.14208333332688,
6385,8.79744,0.5958333342694004,97.8616666657939,
6386,0.315092,0.5970833333622636,103.14374999999342,
6387,0.393486,0.5987500000289856,97.69208333332676,Le Aramö
6388,0.251844,0.5987500000289856,103.14458333332658,
6389,0.129611,0.5995833333622045,103.0120833333268,
6390,0.463438,0.6004166666955371,128.4762499999922,Sungai Woyo Pakal Waci
6391,0.168508,0.6045833333623705,97.69624999999375,
6392,0.676592,0.6079166666958145,103.29958333332678,
6393,0.470008,0.6095833333623091,103.00208333332664,
6394,3.55902,0.6129166666959804,97.8879166666602,
6395,6.03555,0.618750000029479,97.88958333332693,Le Lallimbo
6396,0.678357,0.6195833333628684,103.2970833333265,
6397,4.62058,0.624583333362807,117.70374999999284,Bengalon River
6398,0.109083,0.6337500000298064,128.4187499999921,Sungai Woyo Pakal Waci
6399,0.613777,0.6337138334899919,102.97989449485108,
6400,4.71793,0.6354166666965284,108.92541666665984,
6401,11.095,0.6370833333630799,97.68708333332675,Le Aramö
6402,6.73249,0.6479166666967444,103.46374999999318,
6403,0.450072,0.6495833333634664,124.5545833333257,Sungai Nuangan
6404,0.164575,0.6612500000303498,99.0662499999936,
6405,0.989602,0.6662500000305158,108.91374999999329,Sungai Baong
6406,0.57447,0.6662500000305158,124.56541666665942,
6407,3.39978,0.6679166666972378,103.47291666666018,
6408,0.445707,0.6804166666975107,108.90708333332655,Sungai Baong
6409,0.398683,0.6820833333642327,127.45541666665906,
6410,0.260172,0.6895833333642827,128.29791666665915,
6411,28.7235,0.6912500000310047,97.89791666666036,Le Lallimbo
6412,0.173179,0.6920833333643372,127.45624999999244,
6413,2.5024,0.6945833333644487,99.06208333332675,
6414,0.243198,0.6941666668013227,103.02791666666012,
6415,0.141299,0.6979166666978927,117.71291666665944,Bengalon River
6416,2.6544,0.6987500000312252,103.1870833333266,
6417,19.544,0.7029166666980586,108.88708333332625,Sungai Baong
6418,0.125625,0.7170833333649966,127.55041666665886,
6419,0.478519,0.717916666698386,102.90791666666009,
6420,0.542928,0.7187500000317186,117.72458333332588,
6421,2.64077,0.731250000032162,102.7829166666602,
6422,1.33455,0.735416666698768,124.6229166666592,
6423,0.508949,0.7462500000323189,120.13624999999296,
6424,0.234666,0.747083333365822,102.52291666666008,
6425,0.421294,0.747083333365822,102.63458333332652,
6426,0.107406,0.7512500000324849,120.58708333332618,
6427,56.9795,0.7520833333658175,97.89041666666031,Le Masio
6428,0.273129,0.7554166666992614,127.33374999999228,Sungai Maliaro
6429,0.563781,0.7579166666993729,120.1812499999927,
6430,1.45121,0.7654166666994229,124.62374999999258,
6431,5.00778,0.7658333342835704,127.37499999913553,Sungai Maliaro
6432,5.00778,0.7662500000327555,127.3770833333258,Sungai Maliaro
6433,0.108225,0.7712500000329214,102.6020833333265,
6434,3.58806,0.7712500000329214,120.20208333332585,
6435,0.716655,0.7712500000329214,124.62624999999264,Saluran Air (Got)
6436,0.177983,0.7779166666998094,120.47541666665916,Botau Bambapun
6437,7.4508,0.7804166666999208,127.38708333332556,Sungai Maliaro
6438,0.366089,0.7812500000330829,97.89791666666036,Le Susua
6439,0.274076,0.7829166666998049,102.45708333332686,
6440,0.418497,0.7829166666998049,120.2187499999925,
6441,0.696371,0.7829166666998049,120.44374999999252,Botau Bambapun
6442,0.393612,0.7895833333666928,102.7729166666602,
6443,0.272136,0.7895833298832713,124.63749999999266,Saluran Air (Got)
6444,0.214104,0.7900000001435501,102.65541666665985,
6445,1.02565,0.7904166667000823,120.22874999999247,
6446,0.157686,0.7904166667000823,127.61958333332586,
6447,0.105295,0.7912500000334148,102.73208333332656,
6448,0.406789,0.7912500000334148,120.41791666665938,
6449,0.728052,0.7912500000334148,120.52874999999256,
6450,0.143989,0.7920833333666337,102.80124999999322,
6451,0.198425,0.7916666668104426,108.8620833333265,
6452,0.324968,0.7945833333668588,102.83541666665997,
6453,3.55821,0.7954166667002482,97.90874999999352,
6454,0.198871,0.7954166667002482,102.84708333332684,
6455,0.130727,0.7950000001440571,120.59708333332584,Maraja River
6456,2.75651,0.8020833333669657,122.8454166666594,
6457,0.471993,0.8037500000336877,120.2404166666596,
6458,0.205466,0.8054166667004097,127.8412499999922,
6459,0.981421,0.8079166667004642,124.6562499999926,Tubig Buyat
6460,0.464821,0.8129166667006302,117.85874999999282,
6461,0.139765,0.8133333334790791,118.5362499999926,Manubar River
6462,0.698715,0.8187500000340151,122.83124999999256,
6463,0.133483,0.8220833298838102,127.63916666665898,
6464,0.953971,0.8245833333675137,104.60541666666012,
6465,0.270929,0.8262500000342357,122.82541666665918,
6466,1.07296,0.8270833333676251,122.87124999999264,
6467,0.86143,0.8295833333675091,117.8845833333262,saluran air
6468,0.248746,0.8291666668138191,120.35874999999272,Bangkalang Banagan
6469,0.143082,0.8312500000344016,103.03791666666012,
6470,0.135309,0.8320833333677911,103.07208333332647,
6471,0.334687,0.8350000001476587,122.7962499999926,
6472,0.321627,0.8370833333677297,103.13541666665998,
6473,0.195544,0.8370833333677297,122.80791666665914,
6474,0.790676,0.8379166667011191,123.9437499999924,Ongkag Ayong
6475,0.282081,0.8379166667011191,123.9587499999925,Ongkag Ayong
6476,0.692119,0.8395833333680116,123.84124999999256,Ongkag Ayong
6477,45.7568,0.8404166667011737,97.8937499999936,Le Susua
6478,1.38063,0.8412500000345631,118.48624999999254,Manubar River
6479,0.201773,0.8416666668151151,104.61208333332644,
6480,1.03445,0.8420833333678956,123.8920833333258,Ongkag Ayong
6481,1.49352,0.8429166632172951,97.60083333332692,Le O'ou
6482,0.16806,0.8425000001484477,123.74291666665908,
6483,0.25089,0.8429166667012851,127.30708333332564,
6484,0.130739,0.8437500000346176,103.0220833333268,
6485,4.72268,0.8437500000346176,108.87874999999303,sungai irigasi
6486,0.673463,0.8454166667011691,120.33624999999256,Bangkalang Banagan
6487,2.61501,0.8454166667011691,123.90791666665903,Ongkag Ayong
6488,2.1348,0.8454166667011691,124.6995833333258,Tubig Buyat
6489,1.67963,0.8479166632172905,122.79249999999251,
6490,0.697806,0.8487500000347836,98.9845833333269,Tabuyung
6491,0.864637,0.8487500000347836,103.05791666665988,
6492,1.16213,0.852916666701617,127.63958333332562,
6493,2.41848,0.854583333368339,122.90958333332604,
6494,0.281989,0.8570833298841194,97.5783333333269,Le O'ou
6495,0.83426,0.8575000009581117,118.67750000084423,
6496,11.1861,0.8579166667016125,120.60874999999272,Maraja River
6497,0.391357,0.8587500000349451,120.24291666665933,
6498,0.141909,0.8616666668168591,102.99208333332648,
6499,0.151496,0.8629166667017785,127.61041666665903,
6500,6.7843,0.8645833333685005,124.707916666659,Tubig Buyat
6501,0.240962,0.8650000009589007,127.60333333247443,
6506,0.339579,0.868750000035277,122.71291666665934,
6507,0.138213,0.868750000035277,128.28041666665877,Kanal
6508,0.112765,0.8712500000352179,97.90041666666008,Le Susua
6509,10.914,0.8737500000352725,108.92624999999316,Atap Kong
6510,0.154203,0.8737500000352725,127.5495833333257,
6511,0.200949,0.8737500000352725,127.55624999999236,
6512,0.271875,0.8741666668181551,118.18458333332616,
6513,0.174055,0.8745833333686619,128.28624999999215,Kanal
6514,0.646509,0.875416666702165,123.97624999999276,
6515,0.963773,0.8762500000353839,104.49041666665984,Tanjungunggat Pelabuhan
6516,0.277738,0.8762500000353839,128.28708333332543,Kanal
6517,0.451116,0.8812500000355499,97.55874999999344,Le Siwalawe
6518,0.237524,0.8820833333688824,103.00708333332682,
6519,0.829418,0.8862500000357159,123.53291666665928,
6520,0.161168,0.8866666668192806,102.9445833333267,
6521,2.25983,0.8887500000355999,127.50791666665909,
6522,1.0506,0.8895833333689893,123.49791666665897,
6566,0.71258,0.9270833333698648,104.4820833333266,Tanjungunggat Pelabuhan
6567,0.483387,0.9320833333700308,102.69208333332648,Sungai Jelayang
6568,0.207071,0.9320833333700308,120.25041666665936,
6569,1.40951,0.9325000009644668,123.03083333247844,
6570,0.140603,0.9337500000367528,124.14708333332568,Tapa Boya
6571,0.336484,0.9345833333700851,102.6987499999932,Sungai Jelayang
6572,0.334861,0.937083333370026,102.9287499999934,
6573,0.110821,0.937083333370026,124.1512499999925,Tapa Boya
6574,0.129187,0.938749996551678,118.05333333332612,
6575,1.0227,0.9412500000368028,97.47874999999344,Lahõmi
6576,1.06459,0.9412500000368028,124.78624999999248,
6577,0.244816,0.942083333370192,103.11541666665984,
6578,4.08406,0.9445833333704172,97.46041666666042,Lahõmi
6579,0.368716,0.9454166667038066,102.5004166666602,
6580,0.156598,0.947083333370358,102.3462499999934,
6726,14.4469,1.1187500000409043,108.9354166666596,Sebangkau River
6727,3.69299,1.1187500000409043,121.474583333326,Sungai Buol
6728,44.4325,1.1195833333744645,97.34541666666011,Le Oyo
6729,1.09706,1.1212500000411865,128.14541666665912,
6730,0.140145,1.122083333374576,102.45374999999342,
6731,0.252456,1.122916666707738,104.07458333332676,Sungai Tering
6732,237.744,1.1233333343144525,102.1241666674972,Sungai Siput
6733,1.07174,1.1237500000410705,127.42791666665904,
6734,0.318116,1.1266666668416292,102.15958333332657,Sungai Siak
6735,0.14896,1.127916666707904,102.88458333332647,
6736,51.0439,1.1308333335085765,103.99208333332666,Sei.Tiban Kampung
6737,0.234282,1.1320833333746805,125.0154166666589,Sosoan Parentek
6738,0.255274,1.133750000041232,102.70624999999347,
6739,0.713437,1.133750000041232,124.3570833333256,
6740,3.29057,1.1345833333746214,103.96791666666007,Sei.Tiban Kampung
6741,2.63191,1.1345833333746214,117.8870833333259,Sungai Baai
6742,0.340057,1.1354166632202691,128.17416666665895,
6743,2.40905,1.136250000041514,104.04874999999345,Sungai Bengkong
6744,0.36535,1.1370833333748465,125.01791666665918,Sosoan Parentek
6745,0.989155,1.138750000041398,103.9420833333266,Sei.Tiban Kampung
6746,0.266883,1.1395833333747871,102.46041666665997,
6789,0.166709,1.1887500000425462,124.46624999999244,Royongan Sidate
6790,0.254305,1.1887500000427167,125.03541666665922,Sosoan Touloun
6791,3.19039,1.189583333376106,124.5120833333259,Royongan Ranoiapo
6792,2.01518,1.1895833298875118,124.51999999999248,Royongan Ranoiapo
6793,0.193532,1.189583333376106,128.19624999999235,
6794,0.128969,1.1920833333759902,120.82874999999274,Botakna Ogomoinit
6795,0.248452,1.1920833333759902,121.4204166666591,Sungai Buol
6796,0.374273,1.1920833333759902,124.5212499999925,Royongan Ranoiapo
6797,2.97231,1.1970833298875618,124.58583333332592,Royongan Ranoiapo
6798,0.976383,1.198750000042878,102.48374999999334,
6799,0.21601,1.198750000042878,125.03874999999232,Sosoan Touloun
6800,70.9692,1.202083333376322,108.98624999999322,Sungai Sambas Besar
6801,0.109425,1.211250000043094,108.98458333332631,Sungai Sambas Besar
6802,0.124065,1.212916666709816,97.27874999999376,Le Dumula
6803,0.16083,1.214583333376538,127.91458333332572,
6804,0.181005,1.21625000004326,125.0462499999926,Sosoan Awuwangko
6805,0.876944,1.219583333376704,127.91541666665888,
6806,2.42158,1.2212499965544907,124.59999999999252,Nimanga
6807,0.100351,1.2220833333768155,102.23791666666024,Sungai Siak
6808,5.44565,1.223750000043367,97.67041666666027,Le Noi
6809,0.759045,1.226250000043592,124.60624999999231,
6810,1.45499,1.2287499965545976,124.60833333332572,Nimanga
6811,0.139446,1.2287500000437035,125.04874999999242,Sosoan Awuwangko
6812,0.169064,1.230416666710255,98.8687499999936,Aek Batu Mundom
6813,0.167932,1.232083333376977,97.26458333332698,
6814,0.254023,1.23291666671048,121.41874999999254,
6815,0.10255,1.233750000043699,121.27374999999256,
6816,0.201914,1.2337500000438697,125.04958333332604,Sosoan Awuwangko
6817,2.27888,1.2350000001850958,121.23708333332593,Botakna Lakea
6818,1.45232,1.2358333335184852,121.23458333332589,Botakna Lakea
6819,0.330141,1.237083333377143,97.26458333332698,
6820,5.80624,1.2379166667104755,124.61291666665907,
6821,0.765029,1.2379166667104755,125.05041666665898,Sosoan Awuwangko
6822,0.253777,1.238750000043865,121.28791666665916,
6823,0.559822,1.240416666710587,120.81791666665958,Botakna Galumpang
6824,0.990447,1.2412500000439195,124.6129166666592,Nimanga
6825,3.38536,1.2445833333773637,124.6129166666592,Nimanga
6826,1.81449,1.2483333335196107,97.64624999999351,Le Noi
6827,0.228137,1.2487500000440264,128.1162499999923,
6828,0.304605,1.251250000044081,121.34541666665928,
6829,0.366138,1.251250000044081,128.1587499999921,
6830,59.0861,1.2570833333776363,124.6070833333257,Nimanga
6831,0.800458,1.2616666668542962,97.23958333332683,
6832,0.625417,1.2645833333778569,125.05791666665893,Sosoan Awuwangko
6833,8.46825,1.2654166667112463,102.15208333332669,Sungai Siak Kecil
6834,0.986703,1.268750000044463,117.32374999999286,
6835,0.38324,1.2683333335215252,121.17791666665936,Botakna Lakuan
6836,2.21916,1.2695833333778523,124.5887499999925,Nimanga
6837,0.35368,1.2708333335217503,124.57874999999252,Nimanga
6838,0.204386,1.2795833298883394,102.43666666666007,
6839,0.648305,1.2800000001892613,124.53958333332594,Nimanga
6840,0.266764,1.2820833333782389,97.21041666666032,
6841,6.83165,1.2887500000449563,97.62208333332694,Le Nou
6842,0.102606,1.2887500000449563,125.0645833333258,
6843,0.824603,1.2895833333783455,121.14791666665928,Botakna Lakuan
6844,0.151807,1.2904166667116783,109.00624999999296,
6845,5.67697,1.2937500000451223,98.84458333332702,Batang Toru
6846,0.236323,1.2937500000451223,102.42124999999322,
6847,0.179593,1.2979166632217698,121.13249999999266,Botakna Lakuan
6848,0.128783,1.2987500000452885,102.43624999999356,
6849,4.45372,1.2987500000452885,127.97291666665888,
6850,0.457478,1.2995833333785072,124.51958333332584,
6851,0.31676,1.3004166667120105,102.15124999999352,Sungai Siak Kecil
6852,1.28927,1.3029166667119512,121.06124999999258,Botakna Matop
6853,0.242977,1.3062500000453952,102.40041666665992,
6854,0.8219,1.3079166667121171,127.97874999999236,
6855,8.93794,1.3129166667122831,109.02458333332658,
6856,0.415035,1.3175000001926378,120.8587499999926,
6857,0.775187,1.3179166667124491,120.86791666665908,Botakna Salumpaga
6858,0.100689,1.320000000998505,102.38166666748693,
6859,0.123331,1.3237499965554207,102.39916666666004,
6860,1.33181,1.3254166667126697,121.01124999999251,Botakna Diule
6861,0.7729,1.3279166667126103,125.06624999999246,
6862,0.425362,1.3283333335270413,111.32458333332636,Lupar River
6863,0.125516,1.3320833333792166,102.3695833333266,
6864,0.271889,1.3345833298889147,102.38833333332671,
6865,0.200017,1.3383333335281122,97.5879166666602,Le Nou
6866,6.62826,1.3395833333794371,102.15708333332684,Sungai Siak Kecil
6867,5.49625,1.3420833333795483,109.04208333332662,
6868,1.68391,1.342500000195059,120.9754166666596,Botakna Salumpaga
6869,0.243257,1.343749996555573,111.34916666665964,Lupar River
6870,0.988187,1.3454166667129923,124.5312499999925,
6871,357.356,1.3479166667128766,111.3470833333264,Lupar River
6872,0.139229,1.352083329888785,125.07499999999244,
6873,0.654528,1.353750000046432,98.8379166666603,Aek Batu Mundom
6874,0.311872,1.3562500000464863,97.57124999999373,Le Sowu
6875,46.826,1.357916666713379,111.1695833333264,Batang Seterap
6876,0.302185,1.357916666713379,127.48541666665916,
6877,0.289156,1.36041666671332,127.48541666665903,
6878,0.178864,1.3637500000465934,98.83291666666032,
6879,1.10735,1.3633333335303632,111.1595833333264,Batang Seterap
6880,0.123458,1.3641666668636958,102.36208333332672,
6881,3.16416,1.3695833333802625,125.08124999999234,
6882,0.10283,1.373750000047096,102.32874999999352,
6883,0.173714,1.3754166667136474,111.20291666665958,Lupar River
6884,0.120584,1.3762500000471505,118.466249999993,
6885,0.761512,1.378750000047262,124.56541666665942,
6886,0.689925,1.3804166667138134,102.4937499999935,
6887,0.265766,1.3820833333805354,127.98958333332553,
6888,0.155959,1.3837500000472571,111.21124999999302,Lupar River
6889,0.105505,1.3854166667138088,111.26374999999314,Lupar River
6890,0.234091,1.3854166667138088,125.10041666665892,
6891,1.87265,1.3870833333807011,97.54291666666012,Luaha Talu
6892,2.26192,1.3937500000475893,111.10541666665972,Lupar River
6893,0.257709,1.3937500000475893,125.1070833333256,
6894,0.569945,1.3937500000475893,127.99708333332546,
6895,0.201517,1.3941666668666812,102.10541666666006,Sungai Bengkel
6896,1.1781,1.394583333380922,124.65708333332576,
6897,45.8298,1.3945833298893149,124.67666666665924,
6898,0.373286,1.3954166667141408,124.59041666665904,
6899,3.17495,1.3962500000474731,97.17291666666029,Le Lafau
6900,0.279606,1.3962500000474731,97.174583333327,Le Lafau
6901,5.26547,1.3970833333808628,124.68208333332608,
6902,0.105225,1.3970833333808628,125.1120833333256,
6903,0.319841,1.3979166667141951,111.0795833333264,Lupar River
6904,1.46554,1.3987500000475848,109.04208333332645,
6905,301.931,1.3987499931748175,110.65499999999298,Batang Sadong
6906,302.092,1.3995833333809171,110.65124999999308,Batang Sadong
6907,0.910176,1.3995833333809171,124.64041666665946,
6908,0.114901,1.3995833333809171,125.16874999999231,SPBU Kadoodan
6909,2.3839,1.401250000047639,124.6845833333258,
6910,1.82501,1.4016666668672428,97.21291666666036,Le Lafau
6911,0.437798,1.402916666714361,97.20041666666032,Le Lafau
6912,9.47034,1.4054166667142454,97.5412499999934,Le Sowu
6913,12.3933,1.4054166667142454,110.64458333332652,Batang Sadong
6914,1.555,1.4087500000476894,97.24624999999357,Le Muzöi
6915,1.33458,1.4100000010066085,124.628333334148,
6916,0.103896,1.4133333343400525,111.21916666583746,Lupar River
6917,0.691503,1.4179166667146887,97.27458333332696,
6918,0.241835,1.4179166667146887,102.30708333332666,
6919,2.3836,1.419583329889463,128.01249999999243,
6920,0.684086,1.420416666714743,124.71291666665934,
6921,5.23867,1.4262500000482987,110.64291666665964,Batang Sadong
6922,0.103398,1.4275000010081271,97.1416666674815,
6923,41.5805,1.4295833333815722,98.7845833333268,Air Batang Toru
6924,0.695758,1.4295833333815722,127.51958333332573,
6925,0.234823,1.4304166667149047,111.03124999999308,Lupar River
6926,0.898795,1.4304166667149047,125.12958333332564,SPBU Kadoodan
6927,0.35711,1.4312500000482942,102.29291666665988,
6928,0.291436,1.4312500000482942,118.38541666665924,
6929,0.101163,1.4329166667151867,128.2995833333257,
6930,0.179478,1.4354166667150707,102.26124999999342,
6931,0.204674,1.4362500000484602,102.1954166666602,
6932,0.150517,1.4362500000484602,124.7420833333257,
6933,2.86984,1.4395833333817336,125.16041666665944,SPBU Kadoodan
6934,4.39368,1.439583333381904,125.19124999999237,SPBU Kadoodan
6935,4.24284,1.4404166667152367,125.18458333332568,SPBU Kadoodan
6936,0.677783,1.441250000048626,102.17291666666016,Sungai Bengkalis
6937,1.77831,1.4420833298896696,102.48666666665991,
6938,0.297769,1.4437500000485102,110.66124999999283,Batang Sadong
6939,4.15328,1.4445833333818996,125.2045833333258,SPBU Kadoodan
6940,19.576,1.4470833333819542,97.292083333327,Le Muzöi
6941,0.647192,1.4470833333819542,97.5029166666602,Le Sowu
6942,2.62454,1.4466666668714083,102.1537499999934,Sungai Bengkalis
6943,1.20794,1.4470833333821247,110.7037499999932,Batang Sadong
6944,8.18084,1.447916666715514,110.67541666665966,Batang Sadong
6945,2.04852,1.4504166667153982,124.74791666665932,
6946,0.107558,1.45208333338212,124.75041666665912,Sungai Malalayang
6947,0.275675,1.4579166667156755,124.76624999999252,Sungai Tondano
6948,0.362126,1.459583333382227,124.77291666665906,Sungai Tondano
6949,4.97113,1.4591666668725338,124.8179166666589,Sungai Malalayang
6950,0.183499,1.4604166667155596,124.7954166666591,Sungai Malalayang
6951,3.7653,1.461250000048949,102.0037499999932,
6952,25.9568,1.4612500000491195,124.82208333332574,Sungai Malalayang
6953,0.396909,1.462083333382452,110.6979166666597,Batang Sadong
6954,18.8856,1.464583333382393,102.11291666665994,Sungai Bengkel
6955,6.21811,1.464583333382393,110.70291666665968,Batang Sadong
6956,27.3132,1.4695833298897014,124.8316666666592,Sungai Tondano
6957,4.40254,1.470000000206937,97.45958333332686,Le Sowu
6958,0.444276,1.4704166667158916,97.46124999999358,Le Sowu
6959,1.47503,1.4720833333826135,97.44374999999371,Le Sawo
6960,15.0355,1.472916666716003,124.83374999999228,Sungai Tondano
6961,2.90189,1.475416666715887,102.09624999999346,Sungai Bengkalis
6962,16.3043,1.4770833333827795,110.7562499999928,Sungai Ladong
6963,0.221014,1.4779166667159416,111.00124999999316,Lupar River
6964,1.51344,1.4804166632231954,97.345833333327,Le Muzöi
6965,2.06025,1.480416666716053,127.53458333332571,
6966,0.52984,1.4829166667161076,97.34708333332684,Le Muzöi
6967,0.115921,1.4845833333828296,110.99624999999298,Lupar River
6968,0.243286,1.4854166667160484,102.48291666666016,
6969,0.317207,1.487083333382941,111.05041666665984,Lupar River
6970,3.19477,1.4879166667162735,102.07958333332658,Sungai Bengkalis
6971,2.64973,1.4912500000497175,102.07541666666016,
6972,5.23111,1.4933333343473691,127.53666666584128,
6973,0.119711,1.494583329889963,102.47749999999331,
6974,2.67637,1.499583333383157,97.40374999999364,Le Sawo
6975,283.419,1.4995833298901289,124.8416666666592,Sungai Das Tondano
6976,1.44673,1.500416666716717,97.40874999999346,Le Sawo
6977,0.118039,1.5012500000500495,97.39208333332677,Le Sawo
6978,0.607082,1.5087500000501564,110.7654166666598,Batang Sadong
6979,11.2157,1.5145833333834844,124.84541666665916,Sungai Tondano
6980,0.550242,1.5216666668785592,111.01874999999302,Lupar River
6981,3.86291,1.5229166667172649,124.84374999999228,Sungai Das Tondano
6982,1.30286,1.5254166667172058,110.76791666665986,Batang Sadong
6983,27.908,1.5254166667172058,110.92291666665948,Sungai Sebuyau
6984,5.58348,1.5262500000505383,102.04041666666024,
6985,0.191787,1.5262500000505383,110.9179166666595,Sungai Sebuyau
6986,0.263416,1.5262500000505383,117.37624999999264,
6987,0.20861,1.5320833333839232,102.41958333332668,
6988,0.159989,1.5329166667174263,98.7712499999936,
6989,0.746408,1.5387500000508112,110.87041666665972,Sungai Tebelu
6990,11.3302,1.5412500000508658,110.76874999999283,Batang Sadong
6991,6.76764,1.5437500000509772,102.02541666666008,
6992,306.867,1.5437500000509772,110.47374999999283,Batang Samarahan
6993,1.50599,1.5445833298903722,110.73166666665958,Sungai Iboi
6994,2.03862,1.5454166667174718,98.77374999999364,
6995,0.505431,1.5454166667174718,118.27624999999271,
6996,0.123726,1.5479166667177535,102.35041666666,
6997,1.49025,1.5479166667177535,110.5212499999932,Batang Samarahan
6998,1.25344,1.5487499965572056,110.52916666665976,Batang Samarahan
6999,2.11229,1.5495833298903676,110.767499999993,Batang Sadong
7000,8.76968,1.5487138489481822,110.85739449028534,Sungai Tebelu
7001,0.414456,1.5512500000510272,109.08874999999308,
7002,1.44008,1.5512500000510272,110.5329166666595,Batang Samarahan
7003,0.453893,1.5512499965570896,128.02416666665897,
7004,797.853,1.5520833333843598,110.39874999999302,Sungai Apong
7005,1.1127,1.5537500000513091,110.71708333332646,Sungai Jemukan
7006,3274.7,1.5554166667180311,110.39874999999302,Kuap River
7007,0.105545,1.5570833333845258,102.2737499999933,Sungai Liong
7008,0.676764,1.5570833333845258,110.69874999999304,Sungai Jemukan
7009,0.462872,1.5570833333845258,110.84208333332651,Sungai Tebelu
7010,0.557924,1.561249996557251,102.0158333333266,
7011,0.144408,1.5620833333846915,101.87291666666,
7012,0.100473,1.5629166667180812,102.24874999999356,Sungai Liong
7013,0.145034,1.5637500000514135,101.87291666666016,
7014,0.26433,1.5633333335490531,102.24041666666012,Sungai Jangkang
7015,14.0948,1.5641666668824428,110.66958333332629,Sungai Semera
7016,0.372434,1.5654166667181355,128.03208333332557,
7017,0.733821,1.5679166667180766,110.8212499999932,Sungai Tebelu
7018,1.88407,1.5695833333849691,98.80958333332694,Batang Lumut
7019,0.197301,1.5691666668829498,110.48958333332617,Batang Samarahan
7020,0.199589,1.5712499965574125,110.53999999999309,Batang Samarahan
7021,0.137646,1.5720833333848532,98.81041666666027,Batang Lumut
7022,0.872318,1.5720833333848532,109.11041666665956,
7023,0.190855,1.5720833333848532,110.44541666665964,Muara Tebas
7024,0.505355,1.5720833333848532,125.16374999999256,
7025,0.399806,1.5729166667182426,110.9954166666596,Lupar River
7026,0.246681,1.5829166667185746,110.4654166666598,Muara Tebas
7027,0.144994,1.5829166632239549,110.53083333332631,Batang Samarahan
7028,0.104693,1.582916666718404,127.547083333326,
7029,0.111369,1.5837500000519071,110.4245833333265,Santubong River
7030,10.3626,1.5845833333852966,110.63624999999308,Sungai Sampun
7031,0.803252,1.5854166667186291,110.43374999999293,Muara Tebas
7032,0.378774,1.5862500000520183,110.54708333332631,Batang Samarahan
7033,0.134826,1.5891666668846938,109.13374999999314,
7034,0.132342,1.593750001479748,118.20208333435016,Sungai Dumaring
7035,2.86502,1.5970833333855126,110.60291666665955,Sungai Asajaya
7036,0.336441,1.5995833333854534,109.1537499999929,
7037,0.272657,1.5995833333854534,124.85874999999236,
7038,3.54523,1.5995833333854534,124.86458333332588,
7039,0.676141,1.5995833333854534,127.99958333332552,
7040,0.887258,1.602916666719068,125.145416666659,
7041,15.0855,1.60375000005223,98.82291666665998,Batang Lumut
7042,0.108684,1.60375000005223,118.1862499999927,Sungai Dumaring
7043,0.181961,1.608750000052396,109.17374999999322,
7044,0.729727,1.608750000052396,127.5529166666588,
7045,6.50286,1.6179166667193954,124.87208333332592,
7046,208.384,1.6187500000525574,111.27958333332629,Krai River
7047,1.05697,1.6187500000525574,127.98874999999236,
7048,0.701087,1.621250000052612,109.19958333332652,
7049,0.291664,1.6229166667195614,111.22374999999306,Krai River
7050,0.744884,1.6245833333862834,110.46458333332625,Muara Tebas
7051,0.163491,1.6270833333861674,111.27791666665972,Krai River
7052,0.495504,1.6279166667195,98.84041666666002,Batang Lumut
7053,0.308221,1.6295833333864491,111.1645833333264,Krai River
7054,0.841597,1.6304166632244232,98.84083333332688,Batang Lumut
7055,0.925723,1.630416666719782,109.216249999993,
7056,0.795848,1.630416666719782,111.18958333332633,Bulin River
7057,0.148312,1.631250000052944,111.26624999999284,Krai River
7058,0.210725,1.6320833333863334,111.25041666665952,Krai River
7059,0.540669,1.6370833333864994,101.59041666666002,
7060,2.43531,1.6366666676938166,110.23500000080384,Sungai Sibu Laut
7061,0.999179,1.6387500000532214,101.55541666666012,
7062,0.844672,1.639583333386554,111.15124999999296,Krai River
7063,0.924402,1.639583333386554,127.99791666665897,
7064,5.01847,1.6425000002229808,101.54208333332669,Palas
7065,0.219136,1.6429166667198274,111.2270833333265,Krai River
7066,0.980062,1.6437500000532168,109.236249999993,
7067,0.165319,1.6462500000532714,110.25458333332654,Sungai Sibu Laut
7068,1.15994,1.6504166667201048,101.52291666665992,Palas
7069,0.456648,1.651249996557965,110.22999999999293,Sungai Sibu Laut
7070,0.291258,1.6587500000535442,101.50874999999348,Dumai
7071,0.26897,1.6600000002246134,101.65458333332668,
7072,0.138359,1.6604166667202662,101.7579166666601,
7073,0.401629,1.661250000053769,127.9912499999923,
7074,3.89861,1.662083329891118,111.02499999999304,Maludam River
7075,0.178275,1.6629166667203208,124.92291666665938,
7076,0.370734,1.6637500000537102,124.92708333332588,
7077,0.242239,1.6645833333870428,101.66624999999355,
7078,0.861149,1.6645833298911723,127.5808333333258,
7079,2.22119,1.6654166667204322,110.13041666665964,Sungai Rayu
7080,0.633308,1.6654166667204322,111.1437499999929,Krai River
7081,2.81431,1.6650000002251772,125.11291666665907,
7082,2.45183,1.6679166667204868,110.13541666665964,Sungai Rayu
7083,1.47899,1.6695833333872088,109.25874999999304,
7084,0.270566,1.6704166667205982,127.99708333332546,
7085,0.125172,1.6737500000538716,125.0595833333258,
7086,3.66682,1.6737500000538716,125.06124999999248,
7087,5.8591,1.6745833333873748,110.3004166666596,Sungai Loba Pelait
7088,0.449757,1.6762500000540967,111.07708333332612,Sungai Melebu
7089,0.553164,1.6770833333874862,109.97708333332656,Kayan River
7090,0.750035,1.6770833333874862,110.42208333332644,Bako River
7091,3.28248,1.6779166667206482,98.82624999999342,Aek Bargot
7092,38.454,1.6779166667206482,101.48624999999328,Palas
7093,1.32192,1.6775000002263027,110.2070833333264,Sungai Sibu Laut
7094,3.57227,1.6800000002265278,111.12124999999288,Krai River
7095,1.028,1.6812500000540922,125.03541666665922,
7096,4.3504,1.6829166667206437,111.09458333332616,Sungai Semarang
7097,0.548781,1.6829166667206437,124.96041666665906,
7098,124.09,1.6854166667209256,101.44458333332682,Sungai Dumai
7099,10.9384,1.6862500000542582,101.45541666665996,Sungai Dumai
7100,0.676195,1.6879166667209802,110.14041666665965,Sungai Rambungan
7101,0.238759,1.6879166667209802,124.96541666665904,
7102,0.25466,1.6887499965581014,127.58249999999236,
7103,1.68462,1.6895833333877022,109.26708333332648,
7104,0.242473,1.6895833298914908,125.0141666666592,
7105,18.1355,1.6907111612966332,98.8140452050058,Aek Bargot
7106,8.66123,1.6937500000545356,101.41624999999328,Sungai Dumai
7107,0.165429,1.6945833333878682,101.57708333332658,
7108,10.1991,1.6950000002281058,101.4145833333269,Sungai Dumai
7109,1.31095,1.6962500000544196,127.57458333332602,
7110,0.644667,1.697916666721312,109.95124999999308,Kayan River
7111,0.31226,1.697916666721312,110.02791666665962,
7112,82.0943,1.6987500000547016,109.88958333332651,Kayan River
7113,0.500043,1.7012500000545856,101.53791666666024,Palas
7114,0.210001,1.7087499965582538,128.01916666665898,
7115,0.102599,1.710416666721528,98.7845833333268,Aek Bargot
7116,0.969759,1.7120833333880796,101.50291666665998,Sungai Dumai
7117,0.12936,1.7120833333880796,110.3287499999932,Santubong River
7118,18.8675,1.7145833333883616,110.3337499999932,Santubong River
7119,0.214403,1.7212500000549085,124.9829166666591,
7120,11.0052,1.722916666721801,98.79624999999368,Aek Bargot
7121,0.135213,1.724583333388523,110.49208333332643,
7122,2.00094,1.7258333335640827,128.01291666665907,
7123,3.31407,1.731250000055411,101.38124999999354,Sungai Mesjid
7124,0.55686,1.7309555016278182,109.87178813067231,Kayan River
7125,0.191521,1.740416666722183,118.05291666665926,Sungai Biatan
7126,8.37305,1.7420833333887344,98.77541666666036,Aek Mela
7127,2.11883,1.7437500000554564,128.0029166666593,
7128,0.300951,1.7495833333890118,109.87708333332624,Kayan River
7129,0.300951,1.7495833333890118,109.87874999999298,Kayan River
7130,0.226857,1.7529166667226264,101.44374999999332,Sungai Dumai
7131,0.304204,1.7579166667226218,127.99374999999236,
7132,0.307363,1.7620833333893984,98.76874999999364,Aek Mela
7133,0.164239,1.7637500000561204,127.98624999999232,
7134,0.687209,1.7662500000560044,127.98124999999231,
7135,0.122904,1.7687500000562864,127.9612499999921,
7136,0.190294,1.7720833333895598,109.85041666665978,
7137,0.609774,1.7750000002355364,111.09874999999316,Krian River
7138,3.77269,1.7804166667229993,98.73791666666,Aek Mela
7139,0.384821,1.7812500000563318,101.3562499999934,Sungai Mesjid
7140,0.178089,1.7829166667230538,118.02041666665924,Sungai Tabalar
7141,0.627358,1.7837500000566138,109.30958333332626,
7142,1.18209,1.7845833333899463,98.70541666666035,Aek Mela
7143,0.344452,1.7862500000564978,98.70708333332692,Aek Mela
7144,12.1208,1.7887500000566092,109.79541666665956,
7145,0.192913,1.7912500000566638,109.79708333332628,
7146,0.653803,1.7929166667233858,101.3562499999934,
7147,0.106166,1.7929166667233858,109.82624999999302,
7148,0.522979,1.8012500000568252,109.34624999999288,
7149,28.3766,1.8020833333902144,109.78208333332634,
7150,1.52435,1.8062500000569912,109.39124999999297,Paloh river wetlands
7151,83.9075,1.812083333390376,100.92708333332688,Sungai Rokan
7154,0.286848,1.825416666724152,100.93374999999344,Sungai Rokan
7164,0.253109,1.8720833333918,117.85958333332589,Liu Padai
7165,0.144558,1.8845833333922428,109.67624999999305,Jernang River
7166,0.209119,1.901250000059292,109.6579166666598,
7167,1.41514,1.9062499965594952,98.54666666666007,Aek Parlabian
7168,0.129747,1.9062500000594584,109.65458333332651,Jernang River
7169,0.1814,1.90791666672618,117.83958333332588,Liu Padai
7170,0.113144,1.913750000059508,101.38708333332688,
7171,0.487952,1.9145833333928408,98.5379166666603,Aek Parlabian
7172,0.188218,1.9195833333930068,127.69291666665912,
7173,0.253702,1.9195833333928365,127.69541666665909,
7174,0.997614,1.9212500000597288,100.89541666666004,Sungai Bantaian
7175,0.153576,1.9229166667264508,127.85041666665929,
7176,0.320831,1.9279166667266168,100.91374999999364,Sungai Bantaian
7177,1.33268,1.929583333393168,98.5237499999937,Aek Parlabian
7178,0.433317,1.93208333339328,101.77708333332669,Selat Morong
7179,0.750744,1.932916666726612,98.51708333332698,
7180,0.182605,1.9345833333933344,111.16041666665956,Batang Seblak
7181,0.346172,1.9504166667272216,109.43208333332645,
7182,1.76018,1.9516666677229184,109.64666666586412,Jernang River
7183,2.05288,1.955416663226515,98.4966666666602,
7184,0.310044,1.9587500000604905,127.90874999999232,
7185,0.229936,1.9720833333942664,98.48458333332678,
7186,0.380123,1.9795833333943165,98.47541666666037,
7187,0.102468,1.9825000002549016,127.76124999999227,
7188,0.32357,1.9858333335885163,98.46874999999363,
7189,8.04303,1.9929166667280924,109.59124999999324,Jernang River
7190,0.292732,1.9995833333948096,100.89041666666026,Rokan River
7191,6.9891,2.0070833333950304,98.432083333327,Batu Garigis
7192,2.30917,2.009583333394972,98.41958333332695,Batu Garigis
7193,15.5295,2.0137500000619184,98.38708333332691,Batu Garigis
7194,0.104266,2.0154166667286404,117.76541666665946,Sungai Pantai
7195,2.34618,2.027083333395524,98.3662499999936,Batu Garigis
7196,1.11421,2.027083333395524,117.71791666665932,Sungai Pantai
7197,0.171664,2.031250000062357,117.80041666665954,Sungai Pantai
7198,1.44426,2.034583333395801,117.70291666665968,Sungai Pantai
7199,1.02818,2.034583333395801,128.3179166666589,Ake Tjao
7200,0.584337,2.035416666729134,101.57291666666016,Selat Morong
7201,3.90659,2.0395833333957967,98.35458333332672,Batu Garigis
7202,1.1516,2.0395833333957967,111.19874999999293,
7203,57.8098,2.040000000260136,98.30374999999368,Aek Tumba
7204,0.297748,2.0445833333959627,101.72291666666,
7205,0.166894,2.0445833333959627,128.36291666665898,Ake Totodakoe
7206,0.100589,2.0470833333958467,100.87624999999326,Rokan River
7207,2.46205,2.04791666672918,98.34208333332704,Batu Garigis
7208,0.245898,2.059583333396233,128.42624999999248,Ake Sabatai
7209,0.306996,2.0620833333963446,128.29124999999226,Ake Tjao
7210,0.39179,2.0650000010669487,111.27166666586942,Rajang River
7211,12.5235,2.0704166667299546,111.29291666665972,Rajang River
7212,0.2062,2.0745833333965606,101.5837499999933,Selat Morong
7213,2.34905,2.076250000063282,117.68374999999276,Sungai Pantai
7214,1.41051,2.08375000006356,97.34791666666024,
7215,0.225563,2.0954166667304435,100.82374999999348,Rokan River
7216,3.1722,2.098333333598987,111.34791666665956,Rajang River
7217,1.37379,2.09958333339722,128.5445833333257,Ake Sambiki
7218,0.411999,2.102916666730664,101.61124999999332,
7219,0.178342,2.105416663227232,128.254166666659,Ake Pilowo
7220,0.316336,2.112916666730825,100.69624999999336,Sungai Kubu
7221,0.223842,2.112916666730825,111.29124999999316,Rajang River
7222,0.706727,2.113750000064215,97.33791666666023,
7223,0.296078,2.1245833333978794,98.18041666666034,Aek Tumba
7224,14.7596,2.125416666731269,100.6512499999933,Sungai Kubu
7225,0.10808,2.132916666731319,97.33874999999364,
7226,4.05847,2.136250000064763,111.35624999999284,Rajang River
7227,12.4471,2.1379166667313143,111.48208333332629,Rajang River
7228,0.362749,2.1379166667313143,127.90291666665884,
7229,332.242,2.138750000064647,111.4970833333262,Rajang River
7230,0.141794,2.141250000064929,111.33708333332623,Rajang River
7231,0.11451,2.1445833333982023,128.5779166666589,Ake Lira
7232,0.179493,2.1483333336036594,111.20791666665974,
7233,0.122234,2.154583333398364,111.42374999999294,Rajang River
7234,0.274427,2.158750000065311,127.92458333332549,
7235,0.110987,2.1595833333987,128.5862499999921,Ake Lira
7236,0.18173,2.162083333398755,111.40374999999318,Rajang River
7237,0.28326,2.1654166667320283,111.47374999999283,Rajang River
7238,0.12476,2.174166667743976,97.31666666587512,
7239,0.123207,2.178750000065804,117.66041666665932,Sungai Berau
7240,0.18402,2.1795833333991936,128.59541666665905,Ake Lira
7241,0.304357,2.181250000065745,127.98124999999231,
7242,0.249802,2.1820833333990777,97.30791666666032,
7243,0.222988,2.1920833333994096,100.77624999999352,
7244,0.254619,2.1966666669414394,111.42958333332648,Rajang River
7245,0.3124,2.1979166667327377,111.2412499999931,Rajang River
7246,56.7437,2.2045833333996256,117.63374999999304,Sungai Lari
7247,0.122335,2.207083333399737,117.64541666665934,Sungai Lari
7248,0.206096,2.210416666733181,97.22874999999368,
7249,0.288225,2.212083333399903,111.28958333332643,
7250,6.63413,2.222916666733397,98.04541666666027,
7251,3.84321,2.231250000067007,98.02958333332695,
7252,0.41606,2.2495833334007784,97.86791666666028,
7253,55.781,2.2575000002805155,97.78208333332692,Sungai Singkil
7254,3.91566,2.2637500000677733,97.96958333332674,
7255,0.423653,2.26708333340099,97.83708333332696,Sungai Singkil
7256,0.390823,2.2754166667346,128.63791666665907,
7257,0.273067,2.2887500000682053,111.19291666665976,
7258,0.114342,2.290416666734928,100.97374999999352,
7259,0.2425,2.2995833334019267,100.41541666666012,
7260,10.769,2.300000000284399,100.89291666666014,Bakau
7261,0.166305,2.3020833298947423,111.19083333332615,
7262,0.116432,2.320416666735582,111.32041666665975,
7263,118.104,2.3279166667358595,111.45708333332612,
7264,2.32459,2.333750000069358,111.49041666665973,
7265,0.127983,2.335000001092567,97.71750000077144,Sungai Singkil
7266,0.10484,2.336250000069242,111.35791666665956,
7267,0.288839,2.3437500000695195,96.46791666666012,
7268,0.29451,2.349583333403018,96.38791666666016,
7269,1103.89,2.352083333403129,111.5162499999928,Loba Skubal
7270,0.201245,2.356250000069906,111.51458333332648,Loba Skubal
7271,0.467756,2.358750000069847,97.70208333332693,
7272,0.261988,2.358750000069847,111.4104166666595,
7273,0.119545,2.3670833334036274,111.37458333332644,
7274,0.127566,2.3670833334036274,111.48124999999288,
7275,0.100347,2.368227399289765,125.41871447708309,
7276,0.18521,2.3729166667369554,111.30041666665976,
7277,0.188274,2.3737500000701743,128.6537499999922,
7278,0.70189,2.390416666737224,128.6645833333257,
7279,0.415421,2.391666667764696,111.25083333410164,
7280,0.14671,2.392916666737449,100.36208333332696,
7281,0.260302,2.4037499965617712,128.67916666665906,
7282,0.142104,2.40666666696103,111.28374999999288,
7283,0.265726,2.40666666696103,128.29791666665915,Ake Tjioe
7284,2.97994,2.4095833334044983,96.31958333332705,
7285,0.206204,2.4095833334044983,100.3587499999935,
7286,0.210173,2.413750000071332,111.24041666665954,
7287,0.115365,2.41958333340466,96.31624999999376,
7288,0.101386,2.4204166667379923,111.4012499999929,
7289,0.440005,2.427916666738099,111.3095833333262,
7290,0.228382,2.4304166667381537,96.47208333332696,
7291,0.114942,2.441250000071875,111.3987499999932,
7292,0.219664,2.441250000071875,111.59874999999306,
7293,10.5447,2.442083333405208,111.59291666665972,
7294,6.72986,2.4512500000720365,111.59874999999306,
7295,0.159361,2.4529166667387585,111.4129166666596,
7296,0.286832,2.4629166667390905,111.58124999999302,
7297,3.46397,2.464583333405642,100.33958333332691,
7298,0.228035,2.465416666739145,96.3862499999936,
7299,0.268294,2.465416666739145,111.51791666665952,
7300,0.577066,2.4679166667392565,111.55708333332645,
7301,3.36434,2.471249996562051,100.33916666666022,
7302,0.415661,2.472916666739252,111.56708333332624,
7303,0.118994,2.4737500000725845,97.6579166666604,
7304,0.313172,2.4737500000725845,111.45791666665968,
7305,0.117999,2.4754166667393065,111.40041666665974,
7306,0.21523,2.476250000072696,111.38708333332649,
7307,0.382182,2.477916666739418,111.30374999999304,
7308,5.2251,2.484583333406306,111.5154166666598,
7309,0.170354,2.4904166667398044,111.30708333332647,
7310,0.191836,2.4904166667398044,111.3779166666597,
7311,0.321967,2.4929166667396885,111.45708333332612,
7312,0.508474,2.494166667774664,111.37749999922228,
7313,72.0605,2.4954166667398,100.11458333332688,Sungai Bila
7314,3.21016,2.4979166667398545,111.51041666665964,
7315,0.42721,2.501666666969868,111.49874999999292,
7316,78.8448,2.507083333406684,100.16124999999352,Sungai Barumun
7317,0.595298,2.507916666740016,100.14708333332692,Sungai Barumun
7318,11.3581,2.51125000007346,100.16624999999352,Sungai Barumun
7319,0.262133,2.513750000073572,109.03041666665972,
7320,56.0613,2.514583333406904,111.4195833333265,
7321,0.568674,2.518749996562065,111.30916666665956,
7322,0.114585,2.51958333340707,96.34624999999352,
7323,12.494,2.51958333340707,100.1554166666602,Sungai Barumun
7324,0.202392,2.5237500000737327,100.13041666666004,Sungai Panai
7325,0.105371,2.526250000073958,128.65208333332566,
7326,0.383628,2.5279166667405093,111.37874999999286,
7327,0.153884,2.5320833334073427,109.00374999999326,
7328,0.156083,2.5395833334073927,111.3779166666597,
7329,0.854027,2.546666666974204,111.30374999999304,
7330,0.331168,2.552083333407836,96.32874999999363,
7331,0.482485,2.557500001114022,97.65750000076144,
7332,0.250024,2.5587500000744967,96.31041666666044,
7333,2.80224,2.567916666741496,100.10624999999328,Sungai Panai
7334,1.0967,2.567916666741496,128.61291666665875,
7335,0.38884,2.5687500000748287,128.44624999999223,
7336,0.165161,2.569583333408218,96.07624999999382,Luan Dehet
7337,0.326379,2.5712500000747696,100.00124999999356,Sei Kualuh
7338,0.335919,2.5725000003097875,111.3779166666597,
7339,0.208441,2.5754166667417167,100.13208333332676,Sungai Panai
7340,0.250609,2.577083333408268,128.51708333332567,
7341,29.3831,2.582083333408434,99.99208333332696,Sei Kualuh
7342,30.776,2.5829166667418235,111.40541666665956,
7343,0.137495,2.583750000075156,97.65708333332702,
7344,2.47361,2.584583333408545,95.9929166666604,
7345,1.22607,2.588333333644755,95.97458333332712,
7346,0.114047,2.588749996562399,100.12833333332668,Sungai Panai
7347,0.656154,2.58833333445034,111.3808333325598,
7348,0.846951,2.597916666742151,100.0987499999934,Sungai Panai
7349,0.258924,2.601250000075595,95.91291666666018,
7350,0.425057,2.605416663229107,100.00833333332696,Sei Kualuh
7351,0.126643,2.6054166667423715,117.81624999999292,
7352,0.889983,2.6095833334090344,97.6554166666603,
7353,5.69004,2.6120833334092595,100.12291666666,Sungai Panai
7354,0.110067,2.612916666742649,128.59374999999238,
7355,0.479584,2.617916666742815,111.38458333332642,
7356,0.18971,2.622083333409421,100.09208333332684,Sungai Panai
7357,0.102322,2.627083333409587,95.88041666666038,
7358,0.594565,2.6279166667429763,111.38374999999304,
7359,0.408991,2.6354166667430263,100.24208333332687,
7360,0.392906,2.636250000076359,96.12374999999378,
7361,0.102089,2.637916666743081,95.86208333332712,
7362,0.173517,2.637500001121793,96.1083333325626,
7363,17.0475,2.639583333409803,100.12291666666016,Sungai Panai
7364,0.720707,2.6545833334101303,99.99041666666022,Sei Kualuh
7365,6.12116,2.6545833334101303,100.0945833333268,Sungai Panai
7366,0.604219,2.65791666322923,96.10166666666044,Lajambaung River
7367,0.399192,2.65791666322923,99.99166666666024,Sei Kualuh
7368,0.465141,2.659583329895952,95.79583333332688,
7369,0.207771,2.668750000077125,111.38124999999314,
7370,0.682171,2.675416666744013,111.4287499999931,
7371,0.106818,2.6787500000772866,100.22374999999364,
7372,1.35453,2.681250000077512,100.09374999999358,Sungai Panai
7373,0.124316,2.6829166667442337,95.78458333332684,
7374,0.257428,2.6937500000777845,99.94958333332691,Leidong
7375,0.293666,2.693749996562872,111.37833333332615,
7376,2.63032,2.707083333411333,95.7620833333268,
7377,0.509818,2.712083333411499,111.46374999999284,
7378,0.135061,2.713750000078221,97.64458333332698,
7379,0.599413,2.7145833334116105,96.114583333327,Lajambaung River
7380,32.874,2.717083333411665,111.47291666665984,
7381,0.242032,2.7220833334116605,95.75124999999366,
7382,38.4021,2.7245833298963475,111.2841666666596,
7383,0.83929,2.7270833334118265,97.6412499999937,
7384,0.147148,2.7387499965629445,125.360833333326,
7385,3.30228,2.742916666745544,111.37208333332616,
7386,0.436534,2.750416666745764,96.10374999999344,Lajambaung River
7387,23.4679,2.750416666745764,99.97791666665997,Leidong
7388,1.13363,2.7512500000791533,111.5070833333262,
7389,0.337789,2.7595833334125928,96.04458333332678,Lajambaung River
7390,0.194571,2.7595833334125928,97.63374999999364,
7391,0.122942,2.7604166667459253,96.05374999999378,Lajambaung River
7392,0.137106,2.762083333412818,111.35958333332628,
7393,0.329118,2.7704166667460868,111.55458333332638,
7394,1.49259,2.7795833334130293,111.57291666665958,
7395,0.359417,2.7845833334130248,117.68708333332596,Sungai Ibus
7396,0.671126,2.7854166667465847,117.67791666665926,Sungai Ibus
7397,0.345095,2.7945833334133567,97.62374999999348,
7398,0.315957,2.797083333413468,117.6137499999927,Sungai Sabanar
7399,0.286509,2.79875000008019,111.73374999999294,Igan River
7400,31.2441,2.8004166667467416,111.74208333332638,Igan River
7401,0.305102,2.8045833334136887,111.71874999999278,Igan River
7402,1.12007,2.8062500000804107,111.70291666665965,Igan River
7403,1.55888,2.808750000080522,99.99458333332684,Leidong
7404,0.302846,2.810416666747244,111.73124999999284,Igan River
7405,5.97113,2.8112500000805767,95.96291666666023,Luan Sigule
7406,1.33007,2.81541666674724,111.68458333332626,Igan River
7407,15.8896,2.8162500000807427,97.61791666666034,
7408,0.497294,2.821250000080738,99.99458333332684,Leidong
7409,0.108667,2.826250000080904,111.6704166666596,Igan River
7410,1.13256,2.830416666747567,95.91041666666048,Luan Sigule
7411,0.316545,2.83125000008107,95.88624999999372,Luan Sigule
7412,0.921627,2.8408333344750645,111.65416666741528,
7413,2.38988,2.843750000081116,117.56624999999258,Sungai Sabanar
7414,0.330627,2.848750000081281,117.5679166666597,Sungai Sabanar
7415,0.122195,2.8504166667480035,117.63624999999274,Sungai Sabanar
7416,1.01628,2.862916666748447,108.85374999999289,
7417,35.6558,2.870416666748497,111.88041666665949,Oya River
7418,0.252277,2.8745833334153303,111.853749999993,Oya River
7419,0.19958,2.877916666748604,108.8620833333265,
7420,10.4267,2.877916666748604,111.92374999999282,Sungai Buloh 2
7421,0.10727,2.88291666674877,95.76791666666035,
7422,17.5142,2.89125000008238,112.00124999999298,Sungai Judan
7423,0.237593,2.8920833334157123,97.58124999999347,
7424,1.29547,2.8929166667491018,97.55708333332672,
7425,0.277291,2.902916666749263,112.0587499999931,Petanak River
7426,0.424815,2.904583333415985,97.51541666666007,Krueng Bakongan
7427,0.132828,2.9054166667493178,105.78541666666,
7428,71.6803,2.909166667008094,112.0954166666595,Batang Mukah
7429,0.584442,2.92083333367583,108.81124999999328,
7430,2.16767,2.922083333416367,97.48458333332684,Krueng Bakongan
7431,25.3723,2.923750000083089,117.60458333332632,Kayan River
7432,1.4253,2.925416666749811,108.88041666665993,
7433,1.01169,2.927083333416533,108.8179166666598,
7434,0.141215,2.931250000083139,112.1779166666596,Sungai Penian
7435,0.525826,2.936250000083305,97.42458333332696,Krueng Ujung Mangki
7436,0.373024,2.9404166667501386,117.52541666665934,Kayan River
7437,1.35559,2.9437500000835826,108.8345833333263,
7438,4.6697,2.9437500000835826,112.22124999999312,Sungai Penipah
7439,0.136047,2.954583333417247,112.25708333332636,Sungai Matading
7440,0.273714,2.960416666750632,97.39791666666032,Krueng Ujung Mangki
7441,0.308229,2.960416666750632,108.88624999999308,
7442,0.451201,2.96625000008396,108.88708333332625,
7443,5.93408,2.96625000008396,112.30124999999316,Sungai Matading
7444,101.797,2.967500001154235,99.81250000074384,Sungai Asahan
7445,0.106899,2.9679166667508525,99.9437499999936,
7446,45.2444,2.9695833334175745,99.80624999999344,Sungai Asahan
7447,0.249599,2.976249996563752,105.7366666666598,
7448,0.181675,2.981250000084458,107.79624999999334,
7449,0.230372,2.983750000084342,97.377083333327,
7450,77.8889,2.983750000084342,99.80208333332683,Sungai Asahan
7451,78.1598,2.983750000084342,99.80374999999356,Sungai Asahan
7452,0.415967,2.986250000084624,112.39791666665997,Sungai Bedengan
7453,0.341177,2.99125000008479,112.42041666666,
7454,0.164391,2.997916666751508,99.80874999999357,Sungai Asahan
7455,0.892084,2.999166667016425,99.8204166666601,Sungai Asahan
7456,1.22763,3.001250000084952,112.46458333332636,
7457,0.56686,3.004166667016932,112.47958333332632,
7458,2.66939,3.0120833334184454,99.86041666666034,Sungai Asahan
7459,0.174489,3.0120833334184454,112.51541666665958,Balingian River
7460,51.7762,3.015000001159024,112.5850000007415,Balingian River
7461,0.116562,3.0162499965636584,117.50916666665933,
7462,0.326549,3.0195833334187228,112.55791666665982,Balingian River
7463,0.116299,3.036250000085772,112.61791666666,Sungai Setuan Besar
7464,11.5788,3.037083329896973,97.33333333332696,Krueng Kluet
7465,0.827255,3.0387500000858267,97.33208333332708,Krueng Kluet
7466,0.227404,3.0462500000859336,112.64791666665997,Sungai Serujut
7467,0.270095,3.047916666752656,112.65124999999284,Sungai Serujut
7468,20.8898,3.0562500000862656,97.31791666666032,Krueng Kluet
7469,2.67286,3.060416666753042,117.47124999999278,
7470,0.115767,3.061250000086432,112.69708333332642,Sungai Serupai
7471,14.6399,3.06625000008637,112.7204166666595,Sungai Serupai
7472,0.274478,3.070416666753204,97.31208333332694,Krueng Kluet
7473,0.291747,3.07458333341998,99.81958333332688,Sungai Asahan
7474,77.8676,3.08291666675359,112.80124999999305,Batang Tatau
7475,0.141643,3.092083333420419,99.80374999999356,
7476,0.282464,3.0954166667536924,117.3829166666594,
7477,3.3275,3.098750000087307,97.30458333332687,Krueng Kluet
7478,0.667546,3.1004166667538584,99.79708333332668,
7479,0.177152,3.1020833334205804,112.88874999999324,
7480,1.34953,3.107916666754079,97.30208333332678,Krueng Kluet
7481,4.18624,3.1137500000876344,112.9229166666596,
7482,0.191672,3.11875000008763,99.78458333332696,
7483,1.50816,3.1204166667545223,112.93874999999277,
7484,0.874373,3.1429166667550703,97.2895833333269,
7485,0.770187,3.1454166667549543,117.26874999999268,Sungai Bengara
7486,0.10254,3.15875000008856,117.39541666665946,
7487,0.285453,3.161250000088671,117.27124999999272,Sungai Bengara
7488,1.68699,3.162083333422004,97.28374999999374,
7489,600.22,3.1670833334221697,113.0429166666595,Kemena River
7490,5.52377,3.1712500000888326,113.02124999999307,Kemena River
7491,56.2395,3.1712500000888326,113.03374999999288,Kemena River
7492,5.61924,3.175416666755609,99.7345833333269,
7493,0.168642,3.179583333422272,106.2762499999933,
7494,1.48258,3.180416666755775,99.72624999999346,
7495,5.24712,3.18625000008916,117.26958333332618,Sungai Bengara
7496,0.256507,3.191250000089497,99.71208333332686,
7497,1.54998,3.1920833334226586,97.27458333332696,
7498,134.811,3.19458333342277,113.04041666665968,Kemena River
7499,1.51221,3.200416666756269,99.70041666665998,
7500,2.12928,3.208750000089708,99.67458333332668,Sungai Guntung
7501,0.19402,3.2145833334232066,99.65208333332664,Tanjung Tiram Induk
7502,0.3423,3.217083333423318,99.64208333332688,Tanjung Tiram Induk
7503,0.19178,3.21791666675648,106.2179166666598,
7504,2.58333,3.22708333342365,113.0629166666597,Kemena River
7505,66.3297,3.229583333423534,99.58958333332669,Tanjung Tiram Induk
7506,0.241076,3.231249996564202,117.26249999999276,Sungai Sekatak
7507,12.7314,3.236250000090422,113.06958333332636,Kemena River
7508,0.359219,3.238333333705384,99.55958333332694,Tanjung Tiram Induk
7509,50.8474,3.242083333423807,113.0729166666597,Sungai Sibiu
7510,19.7209,3.2462500000905834,113.0745833333266,Sungai Sibiu
7511,0.444264,3.248750000090695,117.1812499999926,Sungai Sekatak
7512,0.22828,3.250416666757417,117.62541666665923,
7513,0.113553,3.252083333424139,117.2529166666593,Sungai Sekatak
7514,0.105502,3.2554166667574123,117.19291666665924,Sungai Sekatak
7515,5.5165,3.257083333424305,97.18291666666028,
7516,0.192367,3.257083333424305,117.27041666665924,Sungai Sekatak
7517,0.107195,3.2579166667576374,117.18041666665954,Sungai Sekatak
7518,0.245139,3.2587500000910268,99.53541666666018,Gambus
7519,3.32742,3.2587500000910268,117.16541666665944,Sungai Sekatak
7520,0.791255,3.2604166667577488,97.19291666666044,
7521,69.9458,3.2637500000910222,113.07624999999314,Sungai Sibiu
7522,0.251124,3.268750000091188,99.52708333332674,Gambus
7523,0.299103,3.269583329897728,117.380833333326,
7524,0.241186,3.277083333424571,117.4570833333264,
7525,31.1262,3.2812499965644406,117.60999999999274,
7526,0.240798,3.2904166667583468,106.2604166666598,
7527,6.83966,3.290833333710509,113.08291666665946,
7528,0.230311,3.300416666758508,113.09791666665944,Likau River
7529,42.7604,3.301250000092068,117.57708333332596,
7530,1.22423,3.302916666758449,97.14958333332709,
7531,0.770791,3.31041666675884,97.1437499999937,
7532,18.4259,3.3137500000921136,117.56291666665948,
7533,3.7926,3.315416666759006,99.49291666666022,Gambus
7534,0.149776,3.31875000009228,99.48708333332668,Gambus
7535,0.735594,3.319583333425669,117.55458333332592,
7536,0.350365,3.3270833334258896,97.12874999999376,
7537,0.218289,3.3362499965645043,97.12416666666049,
7538,0.104042,3.3358333337146746,117.43458333332616,
7539,2.77265,3.3429166667596064,117.5379166666595,
7540,0.366224,3.3445833334263284,117.39041666665946,Telsuan Teladan
7541,6.313,3.347083333426383,113.15624999999308,Likau River
7542,31.9953,3.347916666759545,99.4770833333269,Tanjung
7543,0.874534,3.361250000093321,117.52458333332596,
7544,0.11691,3.3620833334267104,117.66624999999271,
7545,0.110357,3.3812500000938144,117.4162499999926,Bengawan River
7546,0.128879,3.383750000093756,117.51541666665936,Bengawan River
7547,0.350046,3.38708333342737,113.1720833333262,Likau River
7548,136.358,3.389166667863151,99.40250000072632,Sipare-Pare
7549,3.90459,3.4029166667610298,97.08458333332705,
7550,1.1647,3.4029166667610298,117.3270833333262,Telsuan Teladan
7551,0.383163,3.40333333372098,125.57958333332569,
7552,1.43359,3.4104166667611366,117.30874999999288,Telsuan Teladan
7553,4.1852,3.417083333427797,125.55124999999224,Salu Peliang
7554,60.025,3.417500000388827,99.32624999999354,Pagurawan
7555,0.128991,3.419583333428079,117.5287499999929,Bengawan River
7556,0.218531,3.427083333428129,97.072083333327,
7557,0.554768,3.4345833334284066,117.20041666665952,Betayau River
7558,0.156645,3.4345833334284066,117.542083333326,Bengawan River
7559,1.34219,3.4379166632313627,97.06583333332696,
7560,1.83252,3.4395833334285726,99.31624999999354,Bahapal
7561,0.483603,3.4420833334284566,97.0645833333271,
7562,0.817149,3.4420833334284566,117.22791666665978,Betayau River
7563,0.20296,3.452083333428618,113.24291666665944,
7564,0.574761,3.4570833334289546,125.50124999999252,Salu Peliang
7565,6.42672,3.460000000392938,117.84208333332616,
7566,0.225374,3.464583333429061,117.41624999999271,Bengawan River
7567,2.35121,3.465416666762394,97.05124999999369,
7568,1.77319,3.4687500000960085,125.66541666665898,
7569,2.17274,3.4712500000959494,97.0487499999934,
7570,0.178452,3.4729166667626714,99.27874999999352,Sei Padang
7571,159.401,3.4729166667626714,99.28208333332697,Sei Padang
7572,0.310807,3.472500000394064,117.82874999999262,
7573,0.482377,3.481250000096111,117.8687499999928,
7574,0.48172,3.489583333429721,117.3270833333262,Bengawan River
7575,1.8202,3.492916666763165,97.03208333332708,
7576,2.31995,3.498750000096493,117.85958333332589,
7577,2.75859,3.500416666763215,99.244583333327,Sei Bedagai
7578,0.221303,3.5012500000965474,117.47208333332615,
7579,0.164277,3.503750000096659,117.85708333332592,
7580,43.9582,3.5054166632316424,99.24083333332686,Sei Bedagai
7581,0.495865,3.516250000096875,125.62708333332604,
7582,24.7278,3.517916666763597,113.30374999999287,
7583,0.216925,3.517916663231688,125.62416666665922,
7584,0.134503,3.519583333430319,97.01958333332703,saluran irigasi
7585,0.315094,3.529583333430651,117.7554166666597,
7586,0.222322,3.5312500000973728,125.49291666665908,Salu Peliang
7587,0.380713,3.540000001211638,117.39833333259936,
7588,0.41048,3.542083333430924,97.00374999999347,saluran irigasi
7589,4.39273,3.5562500000978616,96.98874999999371,saluran irigasi
7590,0.206661,3.557083329898433,117.75333333332604,
7591,1.49004,3.558750000097973,99.15624999999358,Sei Bedagai
7592,0.404847,3.560416666764468,117.3012499999927,Sesayap River
7593,0.100458,3.5695833334316376,125.51208333332568,
7594,16.6108,3.571250000098189,99.12041666666028,Sei Buluh
7595,1.30233,3.572916666764911,96.94624999999354,Saluran Air
7596,1.91178,3.574583333431633,96.9429166666601,Saluran Air
7597,0.836035,3.5754166667649656,125.58374999999228,
7598,0.681336,3.578333333737305,125.5604166666592,
7599,0.921358,3.588750000098571,96.92208333332678,Saluran Air
7600,0.197285,3.5891666670717086,125.56291666665912,
7601,0.375077,3.590416666765293,125.5679166666589,
7602,0.205107,3.5995833334322924,99.08208333332692,Sei Buluh
7603,0.500159,3.602916666765566,125.50458333332564,
7604,0.897892,3.608749996565166,99.07166666666006,Sei Baru
7605,0.987556,3.609583333432454,125.50291666665908,
7606,0.794605,3.6104166667657855,125.47291666665922,
7607,0.218699,3.6137500000992304,125.4670833333256,
7608,0.761831,3.61458333343262,125.46208333332584,
7609,0.571654,3.617916666766064,125.452916666659,
7610,0.700323,3.6195833334326153,125.4487499999924,
7611,3.53584,3.623750000099392,99.04041666666012,Sei Sijenggi
7612,2.13547,3.625000000408363,99.03458333332674,Sei Sijenggi
7613,7.18878,3.625416666766114,117.1237499999928,Sesayap River
7614,35.6697,3.63041666676628,96.8979166666602,Krung Mate
7615,1.35345,3.6333333337424847,99.01541666665996,Sei Tontong
7616,0.150493,3.633750000099724,125.4295833333258,
7617,1.5896,3.634583333432886,96.8979166666602,Krung Mate
7618,0.221359,3.639583333433052,117.5187499999928,Sungai Linuankajan
7619,0.883028,3.6420833334331633,96.89624999999349,Sungai Padang Kawa
7620,1.58626,3.642916666766723,99.0054166666602,Sei Tontong
7621,8.2071,3.642916666766496,113.38374999999304,
7622,0.142858,3.646250000099769,117.75124999999288,
7623,0.308426,3.6487500001000512,125.56124999999258,
7624,14.5964,3.655416666766939,98.98041666666025,Sei Perbaungan
7625,1.05285,3.6579166667668233,98.97124999999365,Sei Ular
7626,0.113155,3.662916666766989,108.22041666665984,
7627,0.279837,3.676250000100765,98.94124999999354,Sei Ular
7628,24.6804,3.680416666767428,98.90458333332668,Sei Pantai Labu
7629,1.5078,3.681249996565441,125.5433333333259,Sungai Patung
7630,2.24511,3.6820833334343206,96.87624999999372,LHUNG TUHA
7631,0.191129,3.685416666767594,98.88208333332663,Sei Pantai Labu
7632,0.149693,3.6895833334343706,98.87041666666016,Sei Serdang
7633,0.907651,3.6895833334343706,125.53624999999248,Sungai Patung
7634,0.108356,3.6962500001012586,108.30541666665982,
7635,0.401324,3.697083333434648,117.39541666665946,Sungai Linuankajan
7636,190.575,3.702083333434644,98.84541666666,Sei Belumai
7637,0.217643,3.707916666768142,98.82624999999342,Batang Kuis
7638,0.59327,3.708750000101304,125.5212499999925,Sungai Patung
7639,0.197239,3.710416666768026,117.39958333332606,Sungai Linuankajan
7640,6.61112,3.7204166667685854,117.48708333332615,Sungai Linuankajan
7641,0.434155,3.721250000101747,117.28708333332644,Sungai Linuankajan
7642,2.40112,3.72208333343508,113.42624999999282,
7643,241.183,3.722916666768469,98.79291666666025,Sei Percut
7644,4.16616,3.724166667084319,108.27374999999302,
7645,59.4749,3.727083333435076,96.80124999999371,Sungai Krueng Susoh
7646,0.134946,3.731250000101909,125.46958333332576,Sungai Patung
7647,0.180318,3.737916666768797,96.51708333332704,
7648,0.143106,3.738749996565616,126.81333333332576,
7649,9.53321,3.739583333435519,96.62208333332676,
7650,2.1928,3.742916666768963,126.83624999999245,
7651,8.22768,3.744583333435685,96.73708333332706,Sungai Krueng Susoh
7652,0.278084,3.746249996565666,98.7658333333269,Sei Terusan
7653,0.107683,3.770416666769506,113.45458333332635,Batang Suai
7654,681.001,3.771250000103066,98.70708333332692,Sei Deli
7655,439.04,3.7729166667693903,98.67374999999332,Sei Belawan
7656,3.30855,3.7737500001029503,96.46791666666012,
7657,0.335876,3.7737500001029503,117.6029166666592,Sungai Sembakung
7658,238.704,3.777083329899142,98.67249999999363,Sei Belawan
7659,0.131536,3.7804166667698382,117.61791666665954,Sungai Sembakung
7660,0.223579,3.780833333756277,126.7620833333258,
7661,0.283249,3.793750000103444,98.6862499999936,Sei Belawan
7662,0.328696,3.793750000103444,98.68958333332664,Sei Belawan
7663,22.4231,3.794583333436776,113.49291666665954,Batang Suai
7664,0.601237,3.799583333436942,126.75208333332569,
7665,0.772069,3.802916666770386,96.43541666666032,Krueng Tripa
7666,0.255789,3.808750000103771,126.8187499999924,
7667,7.81893,3.809166667092313,108.23374999999328,Sungai Binjai
7668,0.181531,3.812916666770548,126.7462499999922,
7669,0.127859,3.813750000103937,117.73041666665938,Sungai Sembakung
7670,0.708901,3.822083333437377,108.12874999999298,Sungai Curing
7671,0.432559,3.837916666771037,126.79041666665898,
7672,0.700562,3.840416666771148,126.78291666665882,
7673,0.10009,3.844583333437925,108.3954166666598,
7674,0.431547,3.860416666771585,108.37958333332648,
7675,0.121135,3.8912500001056287,108.35874999999317,
7676,24.3076,3.892083333439132,96.35708333332708,Krueng Tripa
7677,1.5452,3.892083333438961,126.71791666665912,
7678,94.2061,3.9070833334392887,98.66291666666037,Sungai Nipah Larangan
7679,0.255037,3.915416666773069,98.60541666666006,Sungai Karanggading
7680,1.151,3.915416666773069,108.0145833333264,Sungai Keram
7681,0.218162,3.9170833298996968,96.33999999999368,Krueng Tripa
7682,0.10404,3.9237500001065087,98.58374999999336,Sungai Karanggading
7683,0.574423,3.927916666773342,117.46541666665928,anak sungai
7684,0.385841,3.934583333440002,108.38291666665992,
7685,0.808784,3.9429166667736126,98.5587499999936,Sei Wampu
7686,1.02307,3.9454166667735535,98.55291666666028,Sei Wampu
7687,35.1225,3.950833333772209,113.69041666665952,Sungai Niah
7688,0.596398,3.957083333440608,107.99124999999322,Sungai Keram
7689,10.3315,3.968750000107491,96.30541666666043,
7690,120.224,3.9779166667744335,98.54624999999356,Sei Wampu
7691,56.5957,3.992083333441428,113.7279166666599,Sungai Sibuti
7692,0.142584,3.9970833334415934,107.98541666665987,
7693,0.332256,3.9970833334415934,126.67791666665904,Sungai Tarun
7694,0.206468,4.000452715998733,117.4459388746235,anak sungai
7695,0.792389,4.004583333441644,126.67124999999248,Sungai Tarun
7696,0.100015,4.004583333441644,126.71041666665906,Sungai Tarun
7697,0.577121,4.00875000010825,96.27958333332714,Krueng Seunagan
7698,0.279494,4.010416666775143,98.48791666666024,Sungai Langkat
7699,12.8789,4.012916666775254,96.27624999999352,Krueng Seunagan
7700,1.8924,4.012916663233398,117.43749999999272,anak sungai
7701,0.827458,4.017083333442031,126.78624999999238,Sungai Tarun
7702,3.82531,4.02541666677547,98.43041666666012,Sungai Serapuh
7703,0.40208,4.03208332989999,108.01749999999303,Sungai Keram
7704,5.47758,4.037083333442524,98.29624999999362,Sungai Babalan
7705,35.5772,4.040416666775798,98.45041666666026,Sungai Serapuh
7706,0.194652,4.042083329899924,126.80249999999228,Sungai Tarun
7707,19.0192,4.042500001262795,98.29666666595348,Sungai Babalan
7708,0.162151,4.045416666776134,117.45708333332618,anak sungai
7709,0.578471,4.052083333442852,126.6745833333256,Sungai Tarun
7710,57.7026,4.055711297622622,96.23904510419555,Krueng Seunagan
7711,0.211882,4.057083333442847,98.41624999999368,Sungai Gebang
7712,35.1471,4.0737500001098965,98.3712499999936,Sei Lepan
7713,0.884311,4.074583333443229,126.69124999999246,Sungai Tarun
7714,32.7405,4.084583333443561,98.1629166666603,Sei Sirah
7715,0.187766,4.084583333443561,117.7237499999926,
7716,0.129247,4.084583333443561,126.71374999999227,Sungai Tarun
7717,0.313464,4.085416666776951,117.3270833333262,
7718,0.109292,4.086250000110283,117.78041666665922,
7719,0.184221,4.091250000110449,98.17041666666034,Sei Besitang
7720,0.328206,4.09375000011039,126.72041666665882,Sungai Tarun
7721,0.134975,4.097916666777167,96.19958333332698,Krueng Seunagan
7722,0.104129,4.097916666777167,117.7095833333259,
7723,1.89555,4.100416666777278,98.17624999999371,Sei Sirah
7724,0.241144,4.107916666777498,96.18874999999385,Krueng Seunagan
7725,0.992511,4.10958333344422,126.73291666665888,Sungai Tarun
7726,0.206345,4.110416666777439,98.29124999999362,Sungai Babalan
7727,0.135377,4.113750000111054,117.3554166666595,
7728,0.449923,4.114583333444386,98.2804166666603,Paluh Haji Dorani
7729,0.132383,4.117083333444327,117.49208333332616,
7730,0.302471,4.118750000111049,98.17374999999362,Sei Besitang
7731,0.426072,4.124583333444548,98.17374999999345,Sei Besitang
7732,5.50711,4.125416666777937,98.21708333332695,Sei Sepadan
7733,0.329092,4.125416666777937,98.25708333332705,
7734,2.95733,4.128750000111381,98.25124999999372,Sungai Tepigandu
7735,5.24794,4.135833333789549,96.15791666666036,Krueng Manggi
7736,0.641826,4.137916666778153,117.63624999999274,
7737,15.125,4.139583333444875,96.12374999999378,Krueng Manggi
7738,0.143325,4.140416666778265,98.26541666666031,Sungai Tepigandu
7739,0.86172,4.140416666778265,126.79708333332576,
7740,35.2921,4.142916666778319,96.1470833333268,Krueng Manggi
7741,0.724066,4.142916666778319,117.91791666665972,
7742,0.279395,4.142916666778319,126.74958333332576,
7743,0.118415,4.146250000111763,117.41541666665955,
7744,17.7441,4.146250000111763,117.65291666665962,
7745,12.5656,4.146250000111763,117.66208333332588,
7746,0.782117,4.148750000111647,117.91374999999276,
7747,0.121032,4.148750000111647,126.74958333332576,
7748,1.92168,4.150416666778369,117.91291666665938,
7749,2.48353,4.153750000111813,98.1612499999934,Sungai Salhadji
7750,0.145371,4.153750000111813,98.2729166666602,
7751,0.143306,4.162083333445423,126.75291666665883,
7752,0.256828,4.162916666778642,117.68791666665936,
7753,0.900341,4.163333333792082,96.10124999999374,Krueng Manggi
7754,0.414092,4.165416666778697,117.32458333332602,
7755,0.177351,4.170416666778863,117.54791666665948,Sungai Serudong
7756,0.85516,4.172916666778974,98.1837499999936,Sungai Serangdjaja
7757,0.343254,4.172916666778974,117.8937499999928,Tawau River
7758,0.378381,4.173750000112307,96.09208333332714,Krueng Manggi
7759,1.67396,4.175416666779029,98.18958333332694,Sungai Serangdjaja
7760,0.356096,4.17791666677914,98.20374999999336,Sungai Serangdjaja
7761,0.766864,4.180000000460325,113.87041666665982,
7762,0.103934,4.184583329900761,98.22666666666026,Sungai Serangdjaja
7763,0.128681,4.187083333445912,98.23291666666027,Sungai Serangdjaja
7764,0.220587,4.192916666779468,113.88041666665949,
7765,0.201179,4.1945833334461895,117.82874999999262,
7766,0.558139,4.198750000112966,126.77458333332572,Air Beo
7767,0.221207,4.199583329900918,96.06666666666035,Krueng Bubon
7768,0.261241,4.200416666779688,126.85208333332582,Sungai Mallat
7769,28.9573,4.209583329900681,96.04583333332688,Krueng Bubon
7770,0.171248,4.212916666779961,113.89624999999272,Sungai Raan
7771,0.431642,4.214583333446683,117.79874999999264,
7772,0.255282,4.217083333446567,96.01624999999376,Krueng Bubon
7773,0.490513,4.2195833334466215,96.01458333332704,Krueng Bubon
7774,1.01314,4.2229166667800655,117.782083333326,
7775,0.16906,4.225416666780177,113.90708333332634,Sungai Raan
7776,4.71314,4.230416663234223,126.79249999999227,Sungai Mallat
7777,0.119997,4.233750000113616,98.24624999999357,Sungai Serangdjaja
7778,0.54884,4.233750000113616,117.77874999999268,
7779,0.890454,4.2362500001138415,95.99791666666016,Krueng Bubon
7780,0.11848,4.237916666780393,126.79291666665917,Sungai Mallat
7781,4.02312,4.240416666780504,118.03458333332615,Membalua River
7782,513.312,4.24166666713279,117.90874999999278,Tawau River
7783,2.91688,4.242083329900879,117.9533333333261,Kinabutan Besar River
7784,9.1325,4.244583333447281,117.54374999999312,Sungai Serudong
7785,30.9897,4.24541666678067,117.93708333332596,Kinabutan Kecil River
7786,46.2683,4.246666667133297,117.91791666665938,Tawau River
7787,0.199184,4.246666667950251,126.85833333262735,Air Beo
7788,0.204278,4.247916666780725,126.78124999999228,Air Beo
7789,0.52021,4.248750000114285,113.923749999993,Sungai Raan
7790,0.60147,4.248750000114285,118.05374999999276,Parit River
7791,0.726846,4.251250000114169,126.76791666665896,Air Beo
7792,0.204076,4.252083333447558,126.86958333332564,Kali Tabata
7793,10.6617,4.255416666780832,118.07708333332596,Apas River
7794,0.821382,4.26125000011433,113.9329166666596,Sungai Raan
7795,0.107943,4.26208333344772,117.72791666665944,
7796,12.4799,4.267916666781218,98.2404166666604,Sungai Serangdjaja
7797,3.83124,4.268750000114608,118.09374999999272,Gading River
7798,1.51803,4.270416666781159,98.2404166666604,Sungai Serangdjaja
7799,59.3977,4.275416666781496,95.9737499999938,Krueng Wojla
7800,30.2466,4.278750000114769,117.8645833333262,Tanjung Batu River
7801,1.11061,4.281250000114824,118.11291666665944,Wakuba River
7802,21.7556,4.287083333448152,117.85874999999272,Tanjung Batu River
7803,0.246105,4.287916666781541,126.71291666665934,Kali Lebo
7804,1.73287,4.290000000470741,118.13958333332609,Jerangan River
7805,0.212978,4.297083333448484,95.94124999999376,Krueng Wojla
7806,0.606845,4.297083329901113,113.95249999999304,Sungai Beluboh
7807,1.39909,4.299583333448595,95.93958333332704,Krueng Wojla
7808,5.89691,4.299583333448595,118.17708333332598,Balung River
7809,13.1636,4.300416666781928,117.83791666665934,Imam River
7810,5.80406,4.30208333344865,113.95458333332624,Sungai Beluboh
7811,0.106306,4.302916666782039,118.22374999999272,Balung River
7812,2.71454,4.305416666782094,117.83458333332612,Imam River
7813,0.213182,4.3145833334489225,98.26791666666004,
7814,0.128366,4.317083333448977,117.60208333332616,Simandalan Island
7815,0.419146,4.317916666782537,126.88458333332584,Kali Tabata
7816,13.4914,4.322083333449143,113.96458333332612,Sungai Maktab
7817,0.137832,4.331250000115972,126.69458333332555,Kali Awit
7818,0.133259,4.332083333449475,126.87291666665897,Kali Binalang
7819,4.65068,4.339583333449582,113.97041666665962,Sungai Lusut
7820,2.24122,4.341249996568024,95.9049999999936,
7821,6.51313,4.343750000116359,117.79874999999264,Merotai Kecil River
7822,3.61504,4.344583333449748,118.43041666665933,
7823,58.7867,4.351250000116465,118.34708333332594,Kalumpang River
7824,0.251536,4.351666667143036,118.4554166666594,
7825,49.2628,4.352916666783187,113.9704166666594,Sungai Maktab
7826,0.319615,4.352916666783187,118.53041666665943,
7827,1.1557,4.354583333449909,118.4654166666594,
7828,0.117929,4.358750000116686,95.88791666666044,
7829,0.304371,4.358750000116686,118.47791666665944,
7830,0.527124,4.359583333450075,126.6904166666593,Kali Awit
7831,18.4193,4.360416666783408,117.73541666665938,Umas Umas River
7832,26.9244,4.362083333449959,118.50041666665948,Yei Yei River
7833,0.110095,4.3720833299015,95.87499999999368,Krueng Teunom
7834,1.89046,4.372916666783624,118.55458333332604,
7835,16.3125,4.382916666783956,117.5804166666594,Sungai Kalabakan
7836,0.796,4.384583333450507,126.69874999999216,Kali Ensem
7837,1.60475,4.387083333450789,126.84874999999217,Kali Dapihe
7838,0.10339,4.402083333451117,117.67791666665936,Umas Umas River
7839,0.334618,4.403750000117839,113.98624999999276,Miri River
7840,970.794,4.40541666323503,113.98666666665964,Miri River
7841,5.42755,4.40541666678439,117.58624999999256,Sungai Kalabakan
7842,1.98302,4.409583329901864,117.62083333332612,Sungai Kalabakan
7843,0.256092,4.411250000117889,126.70124999999246,Kali Ensem
7844,0.831672,4.413750000118,126.85291666665933,Amat Creek
7845,0.417656,4.417083333451444,95.82874999999376,Krueng Teunom
7846,1.16236,4.419583333451328,126.85624999999244,Amat Creek
7847,73.7311,4.420416666784718,98.27624999999364,Sungai Tamiang
7848,0.661468,4.425416666784884,117.64791666665928,Sungai Kalabakan
7849,5.81479,4.427916666784938,118.57374999999296,Heyah Heyah River
7850,1.10472,4.435416663235117,126.71749999999248,Kali Kuma
7851,0.581964,4.437083329901839,118.6549999999927,
7852,3.0726,4.438333333817866,118.5912499999929,Heyah Heyah River
7853,1.78834,4.4404166667853815,98.23124999999357,Sungai Iyu
7854,10.7527,4.4470833334522695,95.804583333327,Krueng Teunom
7855,0.279835,4.450416666785486,118.65458333332596,
7856,1.58146,4.452916663235385,118.61916666665934,
7857,1.30071,4.462916666785759,126.73374999999248,Kali Essang
7858,5.25782,4.466250000119203,118.62374999999304,Sakong River
7859,1.44507,4.467083333452536,126.73374999999226,Kali Essang
7860,0.187789,4.474583333452642,118.6904166666593,
7861,5.05251,4.477500000488362,118.49041666665973,Sing Sing River
7862,0.803616,4.479583333452808,98.18708333332688,Sungai Peunaga
7863,1.34262,4.479583333452808,126.85541666665904,
7864,0.632433,4.482083333452863,118.50624999999307,Sing Sing River
7865,16.7373,4.483750000119414,118.59708333332615,Gajah River
7866,98.7824,4.48666666797476,113.99833333401534,Sungai Lutong
7867,0.186023,4.48958333345297,118.5720833333263,
7868,1.36101,4.491250000119862,118.58124999999268,Sakong River
7869,0.173898,4.49708333345319,126.82958333332556,Arangkaa Creek
7870,15.0341,4.502083333453356,98.07791666666031,
7871,0.998888,4.502916666786746,95.7454166666605,
7872,0.735616,4.503750000120078,118.47624999999276,Tutoh River
7873,0.380127,4.512083333453518,118.52458333332606,Gajah River
7874,0.197613,4.512083333453518,126.81708333332551,Arangkaa Creek
7875,0.737423,4.512916663235785,98.0708333333269,
7876,0.498856,4.514583333453572,118.45291666665936,Sing Sing River
7877,1.68053,4.518333334644581,126.72333333263782,
7878,0.56691,4.520416666787298,118.56458333332604,Sakong River
7879,2.87122,4.522083333453679,98.1137499999934,
7880,22.6138,4.522916666787182,98.02208333332692,
7881,0.434495,4.53041666678746,118.44124999999268,Sing Sing River
7882,8.63856,4.531666667159982,95.7137499999937,
7883,0.11742,4.532916666787344,118.44874999999251,Barong River
7884,4.00894,4.534583333454066,97.98624999999362,
7885,0.387274,4.552916666788008,97.97374999999356,
7886,0.862092,4.569583333454887,118.46124999999302,Segalang River
7887,26.4271,4.577500000497537,118.40458333332616,Segarong Channel
7888,1.90024,4.5795833334552185,113.9845833333262,Baram River
7889,83.506,4.5795833334552185,118.40208333332612,Segarong Channel
7890,79.9185,4.580416666788608,113.98624999999288,Baram River
7891,76.4548,4.587547496302648,114.18416666665962,Belait River
7892,0.365494,4.590833333832165,114.00458333332632,Baram River
7893,5.11799,4.5920833334554345,95.6404166666602,Krueng Sabe
7894,4.44232,4.599583333455712,97.9754166666603,
7895,0.100943,4.612083333455757,118.45458333332613,Sangap River
7896,0.123636,4.619583333456035,114.32458333332612,
7897,0.233505,4.62208333345626,114.33374999999272,
7898,0.107179,4.627916666789474,118.34291666665922,Gading Gading River
7899,0.16949,4.629583333456367,118.31041666665942,Sapang River
7900,0.250266,4.632083333456421,118.42291666665926,Mapat River
7901,0.65153,4.637083333456587,118.30208333332598,Sapang River
7902,0.102115,4.64125000012325,114.38208333332624,
7903,0.531016,4.642916666789972,95.58291666666042,Krueng Sabe
7904,0.265167,4.653750000123637,97.9745833333269,
7905,0.126637,4.661250000123687,118.48708333332593,Sangap River
7906,0.695051,4.666250000123853,95.56541666666038,Krueng Rigaih
7907,0.18473,4.671250000123848,114.45791666665946,
7908,0.232237,4.678750000124126,97.96374999999358,
7909,0.165407,4.68125000012418,114.47791666665944,
7910,12.6406,4.682916666790902,118.25624999999307,Atas River
7911,0.141847,4.697083333457897,107.93958333332642,
7912,5.90286,4.7012500001246735,118.2387499999927,Atas River
7913,0.996341,4.718750000125283,119.49624999999251,
7914,1.42849,4.721250000125167,97.96124999999353,
7915,0.599913,4.724583333458611,119.49874999999248,
7916,4.90815,4.727083333458722,118.216249999993,Matarid River
7917,11.2202,4.7295833299041306,95.50583333332702,
7918,2.37493,4.732083329904015,118.2124999999927,Madai River
7919,1.39048,4.745416666792437,97.9537499999936,
7920,0.360526,4.763750000126208,119.46708333332596,
7921,0.130097,4.791250000126809,115.06291666665948,Pandaruan River
7922,26.6178,4.791666667184416,115.05541666665954,Pandaruan River
7923,0.947223,4.800416666793581,95.45208333332704,
7924,0.150673,4.803749996571298,97.93499999999368,Krueng Peureulak
7925,3.36936,4.808749996571464,114.63999999999282,Birau River
7926,0.806097,4.808750000127361,119.49874999999248,
7927,0.929757,4.811250000127245,119.84791666665944,
7928,0.150893,4.814583333460689,119.49791666665942,
7929,3.73471,4.828750000127684,95.42541666666015,
7930,25.748,4.828750000127684,118.1670833333261,Tingkayu River
7931,2.75908,4.83375000012785,119.459583333326,
7932,1.36744,4.847083333461626,95.4220833333269,
7933,269.835,4.850416666794899,115.01458333332609,Sungai Limbang
7934,0.116416,4.860416666795061,119.83458333332624,
7935,0.105385,4.861666668012958,115.12083333265218,Kenalian River
7936,5.93612,4.862916666795286,119.45124999999302,
7937,23.8222,4.864583333461837,118.13041666665949,Tingkayu River
7938,0.164595,4.872083333462115,115.0187499999929,Brunei River
7939,12.7451,4.887916666795775,97.89374999999376,Krueng Peureulak
7940,1.72705,4.890416663238682,119.79333333332612,
7941,2.05394,4.892916666795941,115.34708333332615,Sungai Punang
7942,22.4623,4.894583333462663,114.98624999999288,Brunei River
7943,8.1314,4.894583333462663,115.31374999999277,Kabab Putus River
7944,0.346676,4.896249996572237,95.39999999999372,
7945,3.266,4.896250000129385,119.85124999999276,
7946,1.2265,4.897916666795936,97.85874999999344,Krueng Peureulak
7947,0.592115,4.904583333462824,115.37624999999277,Sungai Sangkurum
7948,2.01516,4.904583333462824,119.8437499999925,
7949,2.98781,4.905416666796157,118.16541666665944,
7950,2.98562,4.906250000129546,118.16374999999256,Tingkayu River
7951,0.748115,4.907500000528557,97.8412499999934,Krueng Peureulak
7952,0.117895,4.91791666679643,115.24541666665948,Bun Bun River
7953,0.344066,4.927083333463372,115.39541666665946,Sungai Sangkurum
7954,0.277047,4.930416666796816,118.18374999999264,
7955,1.06598,4.932083333463538,97.8079166666604,
7956,0.208277,4.939583333463645,118.66208333332622,
7957,19.0591,4.9437500001304215,118.46041666665928,
7958,0.480304,4.9470833334638655,114.82374999999286,
7959,0.643846,4.952916666797421,114.8320833333263,Sungai Sengkurong
7960,1.06165,4.952916666797421,118.58791666665924,
7961,18.426,4.955416666797305,97.7829166666603,
7962,165.455,4.956666668022479,115.42499999932272,Lawas River
7963,3.58484,4.957083333464027,118.20708333332618,Sepagaya Dam
7964,33.4112,4.961250000130804,115.19291666665949,Trusan River
7965,0.101166,4.962083333464193,115.2204166666595,Trusan Sundar River
7966,3.55147,4.965416666797637,118.45291666665923,
7967,0.237014,4.965833333867352,118.28458333332594,Tabanak River
7968,0.499481,4.972916666797687,97.76541666666044,
7969,0.421999,4.972916666797687,115.042083333326,Sungai Salar
7970,4.13599,4.976250000131131,118.23541666665926,Sepagaya Dam
7971,0.487834,4.987916666798014,97.7479166666604,
7972,5.05709,4.990416666798296,118.82208333332608,
7973,3.16148,4.994583333464902,118.8362499999928,
7974,0.118982,4.999583333465068,115.03958333332604,Sungai Salar
7975,0.151567,5.00125000013179,97.7329166666604,
7976,1.80525,5.005416666798624,118.43291666665937,
7977,19.8998,5.007083333465175,118.87458333332596,
7978,1.79481,5.012916666798503,97.71874999999363,
7979,1.68787,5.013750000131836,118.4129166666595,
7980,28.3825,5.015000001361671,115.46833333265852,Lawas River
7981,170.895,5.016250000132118,118.32291666665937,Edam River
7982,0.554389,5.019583333465391,97.71124999999353,
7983,0.511784,5.019583329906652,118.88833333332629,
7984,2.44549,5.021666667206091,114.9895833333262,Sungai Tilong
7985,15.0981,5.024166667206202,118.38458333332608,Edam River
7986,0.184206,5.027916666799001,95.36624999999368,Krueng Lam Beusu
7987,8.87317,5.03833333387422,118.92791666665948,
7988,1.01292,5.046666667208342,115.52458333332618,
7989,0.222589,5.047916666799495,118.96374999999296,
7990,24.1611,5.050416666799549,95.34124999999358,Krueng Teumaleuh
7991,4.80816,5.057916666799656,119.74541666665914,
7992,0.228402,5.058750000133159,119.01874999999268,
7993,11.5894,5.0612500001331,119.02291666665964,
7994,1.14439,5.0612500001331,119.82124999999267,
7995,0.127554,5.0612500001331,119.8504166666596,Malum River
7996,2.17815,5.062916666799822,97.6629166666604,Krueng Julo Rayeuk
7997,0.231269,5.063333333876642,119.03624999999283,
7998,3.85036,5.065416666800047,119.85708333332629,Malum River
7999,14.547,5.066249996573959,119.74999999999272,
8000,0.209447,5.067916666799988,115.53958333332616,
8001,11.3389,5.0687500001333206,97.65458333332695,Krueng Julo Rayeuk
8002,6.73837,5.0691666680338585,119.05666666599392,
8003,3.74937,5.0720833334667645,119.0662499999928,
8004,7.02041,5.0720833334667645,119.88041666665912,Malum River
8005,90.8651,5.073750000133487,119.9037499999929,Malum River
8006,12.2906,5.07541666324056,115.54916666665964,
8007,2.82719,5.079583333466871,119.09541666665916,
8008,7.75731,5.082916666800315,115.55041666665944,
8009,10.9879,5.08541666680037,119.94458333332602,Malum River
8010,1.26202,5.086250000133759,119.1087499999926,
8011,2.69885,5.08750000054556,119.92291666665916,Malum River
8012,1.36307,5.088333333878893,97.64541666666014,Krueng Julo Rayeuk
8013,0.129047,5.089583329907384,119.11833333332596,
8014,2.08993,5.10125000013403,119.1445833333263,
8015,18.3287,5.103750000134312,115.55458333332626,
8016,0.820301,5.107500000547418,119.16458333332616,
8017,18.7135,5.120416666801191,119.80624999999247,
8018,0.3312,5.121250000134523,115.55458333332648,
8019,0.877233,5.122916666801245,95.30374999999373,
8020,1.67738,5.122916666801245,119.1862499999927,
8021,0.12908,5.129166667216055,97.61291666666034,Krueng Malehan
8022,1.37354,5.137916666801573,119.9870833333258,Malum River
8023,0.105292,5.138750000134962,119.2062499999928,
8024,0.288693,5.14166666721718,119.9879166666592,
8025,14.3967,5.144583333468461,97.21124999999364,Krueng Pase
8026,0.342851,5.144583333468461,97.59291666666036,Sungai Beulah
8027,7.2107,5.147916666801734,119.85624999999254,Malum River
8028,0.197735,5.151250000135349,97.1487499999937,Krueng Cunda
8029,0.380473,5.154583333468622,115.56708333332632,
8030,13.0098,5.155000001375754,119.87416666599744,Malum River
8031,0.183696,5.155416666802012,119.99958333332609,
8032,2.63156,5.157916666802237,120.00374999999268,
8033,0.558465,5.160416666802178,115.57208333332596,Bangking River
8034,0.750166,5.160416666802178,120.1754166666592,
8035,48.2097,5.167083333469066,97.27041666666032,Krueng Keureutu
8036,0.612167,5.167083333469066,119.23458333332589,
8037,3.14017,5.168333334710383,120.07500000065409,
8038,0.141984,5.16958333346895,97.57291666666045,Sungai Beulah
8039,2.01002,5.17041666324161,97.1383333333269,Krueng Cunda
8040,0.427146,5.170000000553273,120.02624999999271,
8041,0.196432,5.179583333469282,115.5837499999932,Bangking River
8042,2.68499,5.179583333469282,119.24458333332586,
8043,0.310271,5.180416666802614,115.58874999999318,Bangking River
8044,1.3904,5.182083333469336,120.18874999999277,
8045,0.399693,5.182083333469336,120.28958333332594,
8046,0.223777,5.184583333469277,120.11541666665914,
8047,0.259013,5.187083329908489,115.59416666665948,Sungai Inuman
8048,0.19256,5.187083333469332,120.2670833333259,
8049,0.142537,5.187916666802892,97.3245833333268,Krueng Piadah
8050,4.14144,5.187916666802892,120.16874999999266,
8051,2.00341,5.188750000136224,119.94124999999258,Malum River
8052,0.159264,5.189583333469443,115.59374999999297,Bangking River
8053,1.5205,5.190416666802776,97.33958333332696,Krueng Piadah
8054,0.748198,5.190416666802776,120.24708333332592,
8055,0.16768,5.19375000013622,119.2529166666593,
8056,2.11612,5.19458332990871,120.13666666665928,
8057,0.598107,5.196249996575261,119.9466666666592,Malum River
8058,11.7303,5.197916666803053,96.52708333332704,Krueng Seunalan
8059,0.925176,5.1987500001363856,96.41624999999374,Krueng Samalanga
8060,8.98974,5.1987500001363856,96.52124999999364,Krueng Seunalan
8061,1.14011,5.200416666803108,120.23374999999248,
8062,3.56525,5.203750000136552,120.23624999999254,
8063,1.79482,5.206250000136492,96.37624999999366,Krueng Samalanga
8064,1.3828,5.207083333469825,120.11958333332608,
8065,0.474007,5.209583333470107,96.58041666666014,Krueng Peudada
8066,0.436673,5.210416666803269,96.61708333332678,Krueng Peudada
8067,7.17183,5.210416666803269,120.11958333332608,
8068,29.2326,5.212083333469991,96.48124999999374,Sungai Jeunieb
8069,0.299248,5.217916666803546,120.30791666665948,
8070,30.2203,5.219583333470268,115.599583333326,Sungai Inuman
8071,0.575185,5.2208333338914485,96.66458333332712,
8072,0.455577,5.22125000013682,97.0970833333269,Krueng Cunda
8073,0.289054,5.222083333470152,95.25374999999347,
8074,0.396249,5.225833334716242,96.34416666731914,Krueng Samalanga
8075,0.162745,5.226250000136986,119.26541666665968,
8076,5.70383,5.22875000013704,119.97291666665922,
8077,0.319225,5.231250000137152,96.7379166666604,
8078,2.26856,5.232083333470655,96.76208333332698,Krueng Peusangan
8079,317.168,5.232916666803646,115.47041666665962,Igur Igur River
8080,0.8122,5.232916666803646,120.0045833333262,
8081,16.2512,5.234583333470596,96.72208333332708,
8082,0.301895,5.234583329908958,120.29333333332602,
8083,6.82219,5.235000001383696,96.88416666731877,Krueng Mane
8084,2.54405,5.235416666803928,97.06374999999372,Krueng Geukueh
8085,5.58973,5.235416666803928,120.0279166666594,
8086,18.9602,5.238749996575791,96.30166666666032,Krueng Meureudu
8087,0.751225,5.242916663242568,120.03666666665936,
8088,32.4734,5.24541666680409,97.48541666666034,Krueng Djamboaje
8089,0.190239,5.24541666680426,119.25124999999252,
8090,0.37007,5.24541666680409,120.2812499999926,
8091,5.88419,5.251250000137588,96.91958333332708,Krueng Mane
8092,0.110643,5.25291666680431,95.24624999999378,
8093,1.31961,5.259583333471028,96.22041666666048,Krueng Beauratjan
8094,10.1052,5.26208333347131,119.24708333332616,
8095,2.37991,5.26208333347131,120.25124999999277,
8096,4.96648,5.264583333471194,120.06374999999277,
8097,6.04601,5.267378077741171,120.07654502026946,
8098,0.473312,5.26958333347136,96.15791666666036,Krueng Pante Radja
8099,4.2095,5.276250000138248,162.97541666665734,
8100,47.0759,5.27833333389691,115.20291666665946,
8101,38.7283,5.27833333389691,115.23708333332638,Sungai Tanjung Aru
8102,57.7249,5.27833333389691,115.23874999999292,Pintu Kawalan Pasang Surut Waterfront
8103,4.02914,5.292916666805297,120.22791666665968,
8104,0.345662,5.296250000138741,115.36291666665944,Klias River
8105,1.15099,5.301250000138907,120.2154166666594,
8106,0.405635,5.30541666680557,120.12374999999258,
8107,13.918,5.313750000138953,115.38124999999286,Klias River
8108,14.2844,5.322500000567743,96.0512499999935,
8109,2.98628,5.325416666806007,120.1537499999929,
8110,5.97817,5.325416663243573,163.01666666665778,
8111,7.5117,5.328749996577017,115.19083333332628,Sungai Tanjung Aru
8112,17.9687,5.335416666806168,96.01208333332715,
8113,4.23866,5.33791666680645,120.2187499999925,
8114,0.710395,5.34333333390299,120.19291666665936,
8115,0.224878,5.35375000014011,119.25624999999252,
8116,5.89423,5.356250000140051,115.24374999999291,Sungai Tanjung Aru
8117,10.2691,5.361249996577385,95.97249999999354,
8118,4.55921,5.362916666806939,115.2437499999927,Sungai Tanjung Aru
8119,3.23449,5.3729166668071,95.96624999999368,irigasi
8120,4.08146,5.374583333473822,118.9112499999926,
8121,1.44841,5.382083333473872,118.88041666665936,
8122,0.335633,5.386250000140876,95.25208333332694,Krueng Gupeue
8123,44.0179,5.386250000140876,95.92541666666044,irigasi
8124,0.212498,5.399583333474425,95.91124999999346,irigasi
8125,1.74215,5.400416666807814,119.05374999999252,
8126,1.88488,5.401250000141147,119.06541666665942,
8127,0.167242,5.402083333474536,118.8979166666594,
8128,0.137559,5.404166667241896,119.084583333326,
8129,0.894704,5.411250000141308,95.90208333332704,
8130,0.209712,5.411250000141308,119.09958333332622,
8131,0.118435,5.41375000014142,115.407083333326,Klias River
8132,0.120408,5.419583333474918,95.8937499999936,irigasi
8133,1.55461,5.420416666808137,120.57791666665923,
8134,0.478696,5.42125000014164,119.2112499999928,
8135,0.180108,5.426250000141806,115.42624999999316,Klias River
8136,0.245611,5.43041666680864,95.88791666666044,irigasi
8137,0.520748,5.437916663245176,119.10999999999262,
8138,4.13008,5.441250000141963,118.81208333332586,Segama River
8139,0.578149,5.447916666808851,119.1612499999926,
8140,1.0379,5.469583333476066,95.24041666666044,Krueng Leupueng
8141,4.74917,5.482083333476282,95.23374999999372,Embung Lambadeuk
8142,0.552906,5.48958333347656,115.48374999999272,Ajung Rock River
8143,0.561487,5.515416663246469,120.7841666666593,
8144,0.86586,5.515416666810552,120.89291666665918,
8145,7.85708,5.518750000143996,118.55874999999264,
8146,2.00364,5.519583333477385,95.85041666666024,sungai kecil
8147,4.16509,5.529583333477547,115.7579166666594,Binsuluk River
8148,4.16347,5.529583333477547,115.7595833333262,
8149,12.3265,5.531250000144041,115.73208333332629,Binsuluk River
8150,0.613902,5.533750000144323,118.5379166666595,
8151,5.20673,5.534583333477713,115.69124999999268,Binsuluk River
8152,63.449,5.535833333921119,118.75041666665948,
8153,12.3908,5.538750000144319,120.8162499999928,
8154,34.0087,5.540416666811211,115.80708333332598,Membakut River
8155,0.415451,5.541250000144373,120.80458333332592,
8156,10.1581,5.542916666810925,120.7579166666593,
8157,2.09302,5.543750000144485,95.79708333332712,sungai kecil
8158,0.304017,5.546250000144539,95.78874999999368,sungai kecil
8159,0.169762,5.550000000588966,95.2620833333271,
8160,1.23302,5.551250000144705,120.892083333326,
8161,18.7962,5.554583333477979,95.27624999999352,Krueng Garot
8162,0.18288,5.558333333923258,115.55958333332649,
8163,0.110272,5.558750000144983,118.57874999999262,Kinabatangan River
8164,42.4456,5.559583333478145,115.84791666665956,
8165,0.584445,5.559583333478145,120.82124999999246,
8166,1.02547,5.562083333478256,120.77041666665934,
8167,1.39713,5.564583329913887,118.58666666665954,
8168,0.818697,5.568750000145144,120.87958333332595,
8169,1.4683,5.568333333924159,125.35624999999231,
8170,51.1161,5.569583333478306,95.29874999999356,Krueng Aceh
8171,31.3871,5.571666668083935,115.60166666601548,Illanun River
8172,16.338,5.577083333478583,115.8695833333262,
8173,1.31721,5.578750000145476,95.70541666666044,
8174,0.411249,5.5795833334788085,118.69374999999252,
8175,40.9613,5.5862499965807615,95.35166666666038,Krueng Aceh
8176,1.52719,5.590416666812189,95.6729166666604,
8177,3.54775,5.594583333479136,95.51958333332716,Krueng Raja
8178,6.48431,5.595416666812355,118.52958333332606,
8179,0.364861,5.597083333479077,95.65791666666024,
8180,0.4302,5.602916666812575,115.5837499999932,Sungai Illanun
8181,0.808973,5.603750000145965,95.49708333332713,Krueng Raja
8182,0.238537,5.604583333479297,118.672083333326,
8183,2.58463,5.6087499965813095,95.63999999999372,
8184,1.57673,5.611250000146015,95.54041666666046,Krueng Raja
8185,1.34298,5.612916666812737,125.43208333332576,Butulan River
8186,2.48535,5.614583333479459,95.63291666666048,
8187,0.119521,5.617083333479741,118.66291666665938,
8188,3.77006,5.622916666813069,95.39208333332716,
8189,22.4449,5.627083333479845,125.4404166666592,Butulan River
8190,0.176298,5.628750000146397,118.57041666665918,Kinabatangan River
8191,1.15387,5.631250000146679,115.88624999999296,Benoni River
8192,45.4833,5.644583333480114,115.8879166666593,Benoni River
8193,14.9961,5.652083333480334,125.30541666665908,Big Margus River
8194,12.0189,5.664583333480778,118.12874999999258,
8195,0.210644,5.66541666681394,115.89374999999268,Benoni River
8196,10.0973,5.672083333480828,118.54124999999284,Kinabatangan River
8197,1.96622,5.675000000600733,117.94791666665948,Lipong River
8198,1.81624,5.679583333481105,117.9895833333261,Sekong Kecil River
8199,19.3996,5.680416666814267,115.89541666665956,Benoni River
8200,0.48829,5.683750000147711,118.14374999999256,
8201,6.33862,5.691250000148159,118.1145833333262,
8202,0.185611,5.693750000148043,118.0804166666594,
8203,2.10855,5.693750000148043,125.48208333332582,Butuan River
8204,0.1624,5.694583333481376,118.02041666665924,Bode Kecil River
8205,0.379854,5.698750000148209,118.1487499999929,
8206,0.332942,5.702500000603436,120.81791666665958,
8207,0.128598,5.7087499965830375,118.0316666666596,Sekong Kecil River
8208,10.1128,5.710416666815092,125.27458333332584,Pangyan River
8209,0.195741,5.712083333481814,118.1337499999928,
8210,0.173434,5.715416666815258,117.92958333332604,Pari River
8211,3.2819,5.720416666815254,125.49958333332565,Kalbay River
8212,24.0067,5.746250000149246,125.22791666665898,Baliton River
8213,0.304579,5.747083329917132,117.90333333332626,Api-Api River
8214,1.07354,5.748750000149357,118.1654166666592,
8215,221.233,5.752916666816134,115.90874999999278,Papar River
8216,0.414875,5.757916666816129,125.52374999999256,Malalan River
8217,0.138105,5.774583333483349,118.00041666665923,
8218,104.456,5.774583333483349,118.3454166666595,Sungai Kinabatangan
8219,1.13822,5.77708332991773,118.33916666665937,Sungai Kinabatangan
8220,4.43643,5.777916666816623,118.16291666665973,
8221,0.887209,5.778750000149955,118.35124999999266,Sungai Kinabatangan
8222,0.146529,5.780416666816677,120.40708333332589,
8223,0.884039,5.782916666816618,121.14874999999267,
8224,0.165669,5.782916666816618,125.5404166666591,Malalan River
8225,21.4978,5.787083333483565,118.29791666665938,
8226,0.157905,5.787083333483565,118.3062499999926,Sungai Kinabatangan
8227,8.23444,5.792083333483731,115.99041666665948,
8228,0.373472,5.792083333483731,121.1895833333258,
8229,24.5738,5.792916666817121,117.8970833333259,Segaliud River
8230,0.214736,5.794583333483672,117.91124999999283,Pangatin River
8231,1.21112,5.796250000150394,125.55791666665914,
8232,0.280772,5.805416666817337,117.95541666665952,
8233,25.632,5.807083333484059,118.05874999999276,Kebun Cina 3 River
8234,0.583888,5.813333334774086,118.27416666602642,
8235,0.198289,5.821250000151053,125.57541666665918,
8236,2.44061,5.822916666817775,118.00874999999267,Sibuga River
8237,98.6251,5.823333333948256,118.00708333332614,Sibuga River
8238,0.503772,5.82541666681783,116.01791666665952,
8239,1.41514,5.827916666817714,95.3445833333272,Krueng Ceunohot
8240,87.2205,5.827916666817714,125.20624999999234,Glan River
8241,4.63399,5.830416666817996,116.03541666665956,
8242,22.2129,5.834583333484602,125.20624999999222,Glan River
8243,71.8783,5.842083329918864,116.03749999999296,Moyog River
8244,0.402929,5.845416666818323,125.59458333332576,
8245,4.59085,5.854583333485095,125.0504166666592,
8246,0.580873,5.858750000151929,124.947916666659,
8247,2.74169,5.864583333485427,117.77374999999256,
8248,8.91577,5.86690217165085,117.76981341476085,
8249,1.19562,5.86875000015209,117.78374999999266,
8250,225.584,5.869583333485423,118.10708333332629,Kebun Cina 3 River
8251,256.761,5.870416666818812,118.104583333326,Kebun Cina 3 River
8252,0.5704,5.871250000152145,124.8995833333256,
8253,65.4355,5.871666667286036,116.04958333332615,Moyog River
8254,0.896077,5.873750000152256,121.29791666665926,
8255,41.9622,5.875416666818978,117.47958333332622,Labuk River
8256,78.0678,5.8767885189234335,116.04928836476108,Moyog River
8257,0.890537,5.8770833334857,119.95624999999268,
8258,6.12713,5.880416666819144,121.2687499999929,
8259,0.228506,5.882083333485866,117.50624999999286,Labuk River
8260,0.852506,5.884583333485921,124.85208333332604,Taluk River
8261,0.437168,5.884583333485921,125.62874999999237,Marabatuan River
8262,0.336277,5.885000000620664,117.4862499999931,Labuk River
8263,0.842315,5.886250000152472,117.52291666665964,Labuk River
8264,88.7608,5.89375000015275,117.5029166666593,Labuk River
8265,6.41954,5.89375000015275,121.25541666665912,
8266,0.649102,5.894583333486253,117.62041666665924,
8267,1.78377,5.894583333486253,124.81958333332568,Kiblis River
8268,0.333166,5.897083333486194,117.63708333332612,
8269,32.6671,5.898750000152916,117.55874999999288,Labuk River
8270,2.09465,5.899583333486248,120.95291666665958,
8271,0.563239,5.899583333486248,125.6404166666589,Marabatuan River
8272,1.63824,5.900416666819638,121.08458333332578,
8273,0.229239,5.902083333486132,121.05374999999252,
8274,0.735224,5.903750000153082,118.0804166666594,Kebun Cina 3 River
8275,1.93086,5.903333334782758,120.96749999936368,
8276,2.21557,5.903750000153082,121.1137499999927,
8277,2.4863,5.904583333486414,120.91541666665944,
8278,1.71416,5.907916666819688,117.67458333332615,
8279,2.78961,5.907916666819688,118.07458333332612,Kebun Cina 3 River
8280,2.06879,5.90875000015302,124.8037499999923,
8281,11.9329,5.911666667289637,120.90708333332576,
8282,435.995,5.912916666819854,116.04374999999288,Moyog River
8283,0.111202,5.916250000153127,117.56374999999264,Sungai Muanad
8284,1.31712,5.916250000153127,121.36124999999264,
8285,9.43201,5.916250000153127,125.26874999999234,
8286,0.273913,5.91791666682002,117.76708333332635,
8287,0.487556,5.91791666682002,125.64791666665928,Marabatuan River
8288,5.09652,5.919583333486742,120.8879166666594,
8289,15.6328,5.919583333486742,120.89541666665924,
8290,9.47504,5.920000000623986,125.27374999999232,Sapu Masla River
8291,0.138817,5.921250000153464,117.57541666665952,
8292,0.131873,5.921250000153464,117.60874999999272,
8293,6.45542,5.921250000153464,121.0062499999924,
8294,3.73271,5.923333334784672,121.24500000062072,
8295,157.519,5.924583333486737,121.032083333326,
8296,83.0663,5.927083333486792,118.05291666665926,Sibuga River
8297,182.996,5.928750000153514,121.15374999999244,
8298,3.34474,5.928750000153514,124.74291666665908,Kiblis River
8299,4.49089,5.929166667291497,121.02541666665934,
8300,19.9615,5.931250000153625,121.24208333332592,
8301,26.6163,5.93375000015368,121.38374999999246,
8302,0.304071,5.935416666820402,117.83374999999262,
8303,0.16083,5.936250000153791,117.63874999999302,
8304,4.31205,5.937083333486953,121.23624999999276,
8305,68.324,5.938750000153675,121.16708333332576,
8306,1.8604,5.940416663254382,118.05416666665964,Sibuga River
8307,3.08791,5.940416666820568,121.21624999999244,
8308,0.415006,5.940416666820568,121.21791666665932,
8309,59.2953,5.944166667292848,121.1862499999927,
8310,8.23927,5.951250000154118,124.70041666665908,Tambilil River
8311,9.98743,5.954583333487392,125.6720833333261,
8312,13.4744,5.956250000154114,125.1029166666591,Siguel River
8313,2.78655,5.965416666821056,124.66291666665892,Tambilil River
8314,42.7329,5.967916666821168,117.90874999999278,
8315,10.718,5.967916666821168,120.88541666665948,
8316,4.67212,5.967916663255096,125.11333333332584,Siguel River
8317,11.1913,5.968750000154671,125.2845833333256,Malapatan River
8318,0.288183,5.96958333348789,117.60208333332616,
8319,0.470207,5.96958333348789,121.57374999999251,
8320,0.449752,5.972916666821334,117.59541666665928,
8321,744.993,5.974583333488056,116.0654166666593,
8322,13.945,5.982083333488106,120.88958333332609,
8323,3.02423,5.983750000154828,125.11874999999225,Siguel River
8324,0.144721,5.987083333488272,117.62874999999292,
8325,68.3384,5.990416666821716,121.35958333332589,
8326,1.04088,5.990000000630573,121.3645833333261,
8327,37.6388,5.992083333488267,116.09791666665956,Likas River
8328,1.99544,5.992083333488267,116.09958333332612,Likas River
8329,0.257275,5.9929166668216,121.3687499999927,
8330,16.3754,5.995416666821882,121.21791666665932,
8331,8.74937,6.000416666822048,124.59458333332566,Nalus River
8332,6.87786,6.000416666822048,125.28874999999243,Malapatan River
8333,3.60855,6.002083333488599,117.55208333332598,
8334,4.97377,6.002083333488599,121.31708333332574,
8335,6.60143,6.002083333488599,125.69124999999246,Lawayon River
8336,510.535,6.004583333488654,116.11041666665938,
8337,11.822,6.004583333488654,121.31291666665912,
8338,11.7348,6.005833334792555,120.90166666603513,
8339,1.16796,6.006250000155376,124.59041666665904,Nalus River
8340,67.8788,6.006666667298646,121.33541666665928,
8341,7.55791,6.00958333348882,125.13124999999276,
8342,11.8839,6.011250000155542,125.28958333332582,
8343,41.6902,6.013750000155653,116.11124999999276,
8344,37.1597,6.013750000155653,121.18958333332591,
8345,3.05754,6.014583333488986,121.55458333332592,
8346,3.10824,6.016250000155708,125.6937499999924,Lawayon River
8347,0.129465,6.017083333489097,117.62624999999277,
8348,0.297344,6.017083333489097,121.2862499999926,
8349,22.4525,6.01791666682243,121.1870833333262,
8350,4.62406,6.023750000155644,124.520416666659,
8351,108.312,6.023750000155815,125.280416666659,Lun Padidu River
8352,0.161378,6.027083333489259,117.56958333332636,
8353,7.94066,6.027083333489259,121.38208333332592,
8354,0.429021,6.039583333489475,121.18124999999247,
8355,0.184885,6.040416666822864,117.62291666665952,
8356,8.52222,6.042083333489586,125.14374999999222,Banwalan River
8357,11.2985,6.043750000156308,120.97124999999266,
8358,43.4972,6.043750000156308,125.27958333332585,
8359,12.1255,6.04458333348947,124.48708333332593,Kalaong River
8360,5.79253,6.051249996590116,125.14833333332592,Makar River
8361,564.941,6.05375000015664,120.99374999999247,
8362,1.27771,6.059583333489968,117.99708333332616,
8363,101.523,6.059583333489968,121.00541666665958,
8364,0.20427,6.059583333489968,121.16041666665922,
8365,0.197925,6.06041666682313,117.59124999999268,
8366,26.6965,6.062083333489852,116.1287499999928,Likas River
8367,32.4366,6.062083333489852,121.00708333332614,
8368,1.29365,6.0662500001566855,121.15958333332615,
8369,12.02,6.067083333490018,124.45124999999234,Kalaong River
8370,0.735329,6.071666668131968,121.01416666603814,
8371,0.30863,6.073750000156906,117.61541666665926,
8372,5.05821,6.07708333349035,121.13958333332585,
8373,58.4834,6.077916666823739,125.15458333332572,Sinawal River
8374,0.476609,6.080416666823794,121.13208333332602,
8375,126.639,6.081250000157354,125.27291666665906,Buayan River
8376,0.719775,6.087083333490682,121.04874999999276,
8377,3.16722,6.087083333490682,121.06874999999252,
8378,0.281738,6.087083333490682,121.09291666665912,
8379,4.75386,6.087916666823901,125.2670833333259,Buayan River
8380,0.231634,6.089583333490623,117.6045833333261,
8381,0.966784,6.089583333490623,121.10791666665943,
8382,9.07162,6.090416667979639,125.70541666665906,
8383,4.44642,6.093750000157399,124.40041666665913,Luan River
8384,42.5554,6.093750000157399,125.157083333326,Sinawal River
8385,185.271,6.096249996591268,125.24999999999238,Buayan River
8386,370.919,6.097083333491014,125.22541666665892,Buayan River
8387,1.27102,6.101250000157677,117.6095833333261,
8388,288.1,6.102083333491009,125.1954166666594,Sinawal River
8389,78.542,6.102916666824399,125.16374999999256,Sinawal River
8390,764.762,6.10458333349095,125.1645833333256,Sinawal River
8391,0.178912,6.114583333491282,116.10208333332616,Mengkabong River
8392,15.5985,6.115416666824615,124.33624999999256,Kraan River
8393,11.7209,6.118333333975954,124.3470833333256,Kraan River
8394,5.11577,6.123750000158225,125.7037499999924,
8395,10.4688,6.131250000158104,116.13374999999304,Tambalang River
8396,98.61,6.141250000158436,116.1537499999929,Tambalang River
8397,1.69179,6.141250000158436,124.29874999999242,Kraan River
8398,1.44723,6.142916666825158,121.82874999999284,
8399,0.149365,6.144583329925865,117.60999999999274,
8400,6.19481,6.14458333349188,125.70708333332584,
8401,5.87481,6.165000000647012,117.58291666665946,
8402,34.261,6.16958333349254,124.2412499999923,
8403,9.29187,6.172083333492651,116.16208333332622,
8404,0.102506,6.177500001475607,117.58166666727529,
8405,0.66484,6.179583333492872,120.96791666665932,
8406,9.05615,6.191250000159755,125.7037499999924,
8407,39.1165,6.206250000160082,124.19208333332564,Palimbang River
8408,162.938,6.22125000016058,116.18708333332596,Tuaran River
8409,1.6448,6.222083333493742,117.60541666665928,
8410,2.62835,6.243750000160958,120.5545833333258,
8411,0.35377,6.24541666682768,117.66291666665938,
8412,38.4779,6.247083333494402,116.2112499999929,Tuaran River
8413,3.89734,6.255416666828012,120.57874999999297,
8414,3.5375,6.266250000161563,125.66874999999266,
8415,0.419852,6.269583333494779,120.49708333332605,
8416,0.73031,6.278750000161779,120.58208333332618,
8417,0.642942,6.299583333495605,124.13041666665936,
8418,0.132352,6.301250000162327,117.7304166666595,
8419,0.292409,6.303333334820536,116.3241666672692,
8420,1.71012,6.3120833334958775,120.58291666665924,
8421,4.60705,6.315416666829492,124.1170833333258,
8422,15.6246,6.323750000162761,120.54208333332576,
8423,53.5918,6.339583333496591,125.64624999999262,Lais River
8424,0.141157,6.342500000663733,117.71791666665943,
8425,0.475325,6.346250000163479,117.71624999999278,
8426,0.905518,6.350416666830085,125.63791666665897,Lais River
8427,0.484926,6.352916666830197,120.59041666665962,
8428,0.337568,6.370416666830579,126.16708333332576,
8429,2.37064,6.378749996598856,124.08333333332575,
8430,6.88351,6.384583333497744,116.34874999999283,Sungai Kadamaian
8431,0.673152,6.401250000164794,120.68624999999258,
8432,20.2274,6.404583333498067,125.61958333332586,
8433,0.777044,6.4054166668314,126.147083333326,
8434,53.5504,6.412500000670548,121.97208333332584,
8435,44.0172,6.412916666831677,122.02041666665934,Tumahubong River
8436,16.1891,6.412916666831677,122.0362499999926,Tumahubong River
8437,1.32952,6.41416666733727,122.04458333332592,Tumahubong River
8438,53.7923,6.421250000165287,122.06541666665908,Tumahubong River
8439,127.457,6.426250000165226,116.40791666665972,Tempasuk River
8440,30.9935,6.426250000165226,122.07791666665912,Tumahubong River
8441,9.9039,6.431250000165392,121.95291666665936,
8442,7.27867,6.436249996600623,122.09749999999258,Tumahubong River
8443,0.178203,6.436250000165387,125.58624999999232,Pangian River
8444,21.2076,6.4404166668322205,122.11791666665933,Sapah Bulak
8445,10.3161,6.441250000165553,121.94374999999263,
8446,6.93451,6.441250000165553,121.94541666665953,
8447,68.2325,6.442916666832275,117.72624999999287,Sungai Sugut
8448,5.33676,6.446666667340253,122.13458333332608,
8449,1.76144,6.450416666832382,122.15374999999268,
8450,16.6728,6.450416666832382,125.58208333332595,Pangian River
8451,1.12813,6.450416663267561,126.12249999999244,
8452,13.7471,6.454583333499329,124.04124999999236,
8453,0.15161,6.457916666832773,116.45624999999302,
8454,0.349485,6.460000000674938,122.18708333332596,
8455,8.46868,6.467083333499602,121.90708333332611,
8456,5.72346,6.480416666833207,121.902083333326,
8457,12.2627,6.48125000016671,126.1029166666591,
8458,4.26048,6.483750000166651,122.1954166666593,
8459,2.3747,6.484583333499984,124.03958333332572,
8460,0.304002,6.4970833335002,117.65458333332616,
8461,2.5978,6.4970833335002,125.57124999999236,Pangian River
8462,0.166849,6.496666667344982,126.2137499999924,
8463,0.453772,6.49791666683376,121.8820833333258,Suba' Maluso
8464,3.55742,6.507083329936279,126.09416666665902,
8465,17.0265,6.507500000679386,117.60124999999266,
8466,8.26255,6.515416666833971,122.19208333332584,Basilan River
8467,0.821861,6.517916666834083,125.5229166666594,
8468,1.69733,6.517916666834083,126.21541666665917,
8469,3.53753,6.521250000167527,125.5212499999925,
8470,57.6674,6.522083333500859,122.19208333332584,Basilan River
8471,69.439,6.5258333348407405,116.50166666606128,Sungai Kawang-Kawang
8472,25.2172,6.531250000167688,125.51708333332569,
8473,0.501223,6.535416668069559,122.2020833333262,
8474,1.43211,6.537083333501187,121.87041666665948,Suba' Maluso
8475,0.302767,6.538750000167909,117.55374999999287,
8476,4.40033,6.540416666834631,124.06041666665897,Limulan River
8477,6.60927,6.544583333501464,117.47874999999271,
8478,28.7825,6.545416666834797,126.0870833333256,
8479,16.2219,6.5479166668347375,117.46291666665957,
8480,17.0888,6.552916663270992,121.87916666665922,Suba' Maluso
8481,1.51685,6.553333334843217,117.4274999993961,
8482,0.30973,6.5545833335016255,126.22708333332604,
8483,2.94913,6.557083333501851,121.87958333332595,Suba' Maluso
8484,4.95943,6.559583333501792,121.87958333332595,Suba' Maluso
8485,7.92673,6.572083333502178,121.86791666665908,Suba' Maluso
8486,26.6202,6.577083333502173,116.7687499999929,Bandau River
8487,86.4843,6.577083333502173,116.82541666665952,
8488,1.56366,6.580416666835617,116.53958333332628,
8489,1.03127,6.580000000686198,121.85708333332605,Suba' Maluso
8490,54.3776,6.582916666835672,116.75958333332596,Bandau River
8491,0.406938,6.582916666835672,116.85374999999294,
8492,7.10283,6.582916666835672,122.21541666665917,
8493,7.86965,6.583750000169061,125.44541666665896,
8494,7.54285,6.584583333502224,124.04624999999236,
8495,1.49126,6.584583333502224,126.0912499999922,Tibanban River
8496,9.85925,6.587500000686987,121.85124999999287,Suba' Gallayan
8497,0.109649,6.588750000169227,117.4912499999931,
8498,29.7243,6.593749996605823,122.265833333326,
8499,5.78139,6.593750000169393,125.36791666665908,
8500,15.816,6.594583333502555,116.75541666665936,
8501,1.54376,6.597916666835999,116.5445833333265,
8502,8.13844,6.599583329939208,124.05583333332572,Limulan River
8503,25.8718,6.599583333502551,125.35958333332565,
8504,28.8807,6.602916666836165,125.39958333332606,
8505,0.124053,6.603750000169555,126.22458333332575,
8506,0.965115,6.607916666836161,116.86124999999264,
8507,0.147957,6.608750000169721,117.3120833333262,
8508,5.69573,6.610833334022516,117.36041666665938,
8509,2.03881,6.623750000169878,116.56458333332604,
8510,0.457626,6.623750000169878,117.40874999999288,
8511,33.0879,6.623750000169878,126.0787499999924,
8512,0.618885,6.629583333503547,117.29041666665933,
8513,9.50643,6.629583333503376,121.79541666665932,
8514,0.102432,6.63291666683682,117.44208333332608,
8515,1.06889,6.634583333503542,125.38291666665918,Balasinon River
8516,0.665066,6.637916666836816,117.28624999999272,
8517,46.5269,6.64125000017043,124.04874999999264,Salaman River
8518,14.9197,6.64208333350382,116.76374999999292,
8519,30.2076,6.64208332994076,126.07166666665933,Tibanban River
8520,2.20738,6.642916666836982,122.27124999999262,
8521,0.307952,6.645416666837036,121.59874999999272,
8522,0.148449,6.651250000170592,116.90124999999284,
8523,4.12576,6.661250000170924,121.87791666665942,
8524,0.181483,6.662083333504086,121.87458333332576,
8525,1.46697,6.662083333504086,121.89958333332572,
8526,1.57983,6.662500000694081,122.22791666665944,
8527,0.707368,6.663750000170808,116.92791666665973,
8528,10.7656,6.667916666837812,126.0745833333259,
8529,51.5432,6.668750000170974,121.9295833333258,Kumalarang River
8530,0.970944,6.669583329941872,116.61916666665944,
8531,270.41,6.672083333504418,122.1462499999924,Gubauan River
8532,15.5026,6.672916666837807,121.9387499999924,Basilan River
8533,0.258602,6.675416666837862,117.41374999999266,
8534,26.7559,6.677083333504584,124.0354166666591,Barurao River
8535,0.380245,6.680416666838028,116.62541666665948,
8536,0.159132,6.682083333504579,116.79041666665944,
8537,17.6239,6.682083333504579,121.84291666665912,
8538,8.83232,6.6829166668379685,125.38124999999228,
8539,560.313,6.68583333402961,125.3804166666589,Padada River
8540,0.115603,6.687916666838135,116.95874999999285,
8541,50.4626,6.692083333504911,124.02708333332578,Barurao River
8542,0.612396,6.70125000017191,124.0229166666594,Barurao River
8543,1.82085,6.7020833335050725,116.63958333332609,
8544,7.31035,6.7037500001717945,126.08624999999245,
8545,0.39164,6.706250000171906,117.42458333332615,
8546,157.613,6.706250000171906,121.9687499999925,Basilan River
8547,0.116933,6.710416666838682,116.98291666665943,
8548,0.135419,6.711250000172072,116.64458333332618,
8549,1.57835,6.713750000172126,117.49291666665933,
8550,27.3554,6.715416666838848,122.09291666665943,Malo-ong River
8551,1.93227,6.7179166668387325,121.98208333332582,
8552,6.67753,6.719583333505682,122.11208333332604,
8553,215.293,6.720416666838844,125.3729166666592,Sacub River
8554,0.538769,6.722083333505736,126.24541666665893,
8555,0.287583,6.732083329943919,116.81666666665944,
8556,302.255,6.73375000017262,125.37791666665908,Sacub River
8557,9.69551,6.736250000172504,117.27458333332618,
8558,2.39589,6.738750000172786,116.64458333332618,
8559,7.30532,6.74125000017267,126.09624999999244,Bitaogan River
8560,12.2566,6.744166669976153,122.01166666674716,
8561,46.9719,6.744547513119983,122.04177227372656,
8562,123.878,6.747083333506225,124.03874999999256,Tran River
8563,4.60642,6.748750000172947,117.45624999999268,
8564,0.14607,6.74958333350628,117.25708333332614,
8565,34.4338,6.757083333506387,116.99208333332604,Bengkoka River
8566,0.306102,6.757500000702919,117.2487499999927,Sungai Bongkol
8567,6.60982,6.762916666839885,126.07624999999268,Bitaogan River
8568,1.75205,6.763750000173275,116.63624999999274,
8569,0.23095,6.770416666840163,126.24791666665897,
8570,0.716349,6.772083333506714,124.0354166666591,Tran River
8571,1.97085,6.772916666840047,125.38374999999223,Digos River
8572,3.91926,6.786250000173823,125.39124999999228,Tagabuli Creek
8573,2.34062,6.787916666840374,124.02291666665916,
8574,18.9325,6.788333334039237,116.85291666665955,
8575,0.116102,6.789583333507267,158.24124999999106,
8576,2.08069,6.795416666840595,124.00541666665949,
8577,0.490613,6.796250000174155,126.23041666665928,Bitaogan River
8578,2.06706,6.805416666840927,125.38291666665909,Digos River
8579,0.125747,6.805416663280084,158.2991666666577,
8580,3.00274,6.810416666840922,125.38958333332572,Digos River
8581,0.161087,6.812083333507815,123.962916666659,
8582,0.378907,6.812916666841204,126.08541666665906,Bitaogan River
8583,1.56006,6.8179166668412,117.2187499999926,Sungai Bongkol
8584,5.4079,6.820416666841254,116.66958333332616,Sikuati River
8585,0.617029,6.820000001533515,117.217500000575,Sungai Bongkol
8586,24.5074,6.820000001533515,126.0841666672411,
8587,0.113775,6.824583333508087,116.85124999999276,
8588,0.310504,6.827083333508142,158.31708333332426,
8589,36.7263,6.831250000174805,125.41124999999226,Pilan River
8590,0.588316,6.837916666841693,117.0620833333262,Telaga River
8591,10.9335,6.842083329948139,117.06666666665956,Telaga River
8592,2.75906,6.842916663281471,117.22999999999274,Sungai Bongkol
8593,78.4051,6.847083333508465,126.0795833333259,Cuabo River
8594,0.114304,6.8475000015358205,117.23166666607904,Sungai Bongkol
8595,0.550472,6.850416666842079,158.3029166666577,
8596,0.136663,6.852083333508631,116.80458333332638,Sungai Dualog
8597,3.59662,6.852916663281803,116.79749999999284,Sungai Dualog
8598,0.180152,6.855416666842245,117.05624999999304,Telaga River
8599,0.386694,6.858750000175519,116.64291666665952,Sikuati River
8600,0.190266,6.865416666842407,123.97624999999276,
8601,2.02204,6.867083333509129,126.334583333326,
8602,0.671558,6.867916666842518,123.97541666665904,
8603,120.207,6.867916666842518,126.0495833333258,Cuabo River
8604,0.14844,6.869583333509013,158.1562499999909,
8605,2.40036,6.871250000175735,116.66374999999276,
8606,0.187982,6.876249996616309,117.05749999999271,Telaga River
8607,0.775649,6.876250000175901,126.02458333332572,Cuabo River
8608,0.970454,6.882083333509456,116.67791666665936,Sikuati River
8609,1.19972,6.882916666842789,116.7862499999926,
8610,2.47753,6.88541666684273,125.45624999999244,
8611,1.44272,6.88541666684273,126.31374999999252,
8612,0.116436,6.887083333509622,117.0470833333261,Sungai Paparaun
8613,20.3045,6.890416666842896,116.82708333332609,Cina River
8614,0.12631,6.890416666842896,158.15041666665752,
8615,1.52233,6.893749996617032,158.32999999999117,
8616,1.41406,6.894583333509672,117.25791666665953,
8617,0.25015,6.896250000176394,134.14124999999194,
8618,414.582,6.899583333509668,122.08374999999262,
8619,22.846,6.90125000017656,125.9970833333258,
8620,3.86571,6.90125000017656,126.15708333332576,
8621,9.07558,6.902916666843282,125.46958333332556,
8622,0.245147,6.906250000176556,125.68958333332556,
8623,6.51377,6.907916666843448,126.16041666665888,
8624,321.251,6.911250000176722,122.0562499999926,Tumaga River
8625,61.4058,6.912916666843444,125.4820833333256,Idong Creek
8626,2.5178,6.914583333510336,116.69708333332596,Sikuati River
8627,4.46928,6.9154166668433845,126.26708333332556,
8628,0.179929,6.9170833335101065,158.30041666665807,
8629,3.71515,6.921250000176883,123.96624999999256,Kinimi Creek
8630,0.335771,6.921250000176883,158.11208333332434,
8631,0.165008,6.923333334052074,117.2504166666596,
8632,10.2459,6.925416666843887,116.84041666665952,Daval River
8633,0.169374,6.926250000177049,158.2870833333243,
8634,73.7946,6.927916666843771,125.97958333332564,
8635,641.62,6.929583329951754,122.15416666665932,Masinlog River
8636,12.8427,6.9304166668438825,116.70624999999302,Ruru River
8637,7.29162,6.933750000177327,122.0029166666593,
8638,2.57623,6.933750000177327,126.1854166666592,Mati Creek
8639,0.114787,6.934583333510659,117.06458333332648,Malubang River
8640,1.96973,6.936250000177381,117.07291666665924,
8641,0.862875,6.935833334876747,125.78833333275033,
8642,1.25238,6.93708333351077,116.83708333332618,Daval River
8643,0.100087,6.9379166668439325,123.97041666665916,
8644,27.8906,6.938750000177265,126.23291666665898,Mati Creek
8645,14.2114,6.943750000177431,126.22541666665892,Mati Creek
8646,0.258441,6.944166668210698,122.17416666608426,Masinlog River
8647,1.57897,6.944583329952252,126.19083333332571,
8648,19.8281,6.945416663285755,122.17666666665934,Mercedes River
8649,5.45013,6.948750000177597,121.98208333332592,
8650,30.3772,6.949583333510986,126.3087499999922,Bitanagan River
8651,1.60966,6.949583333510986,158.17874999999094,
8652,0.209086,6.950416666844319,117.08374999999272,
8653,154.125,6.950833334054607,126.21708333332572,Mati Creek
8654,50.5086,6.95291666684443,121.96708333332585,Ayala River
8655,12.7371,6.95291666684443,126.204583333326,Mati Creek
8656,0.580951,6.957083333511207,117.1970833333263,
8657,29.9641,6.957916666844596,125.48458333332565,
8658,1.74749,6.958750000177759,158.19708333332437,Pilen Kiewp
8659,0.121594,6.959166667388729,123.97124999999257,
8660,1.68332,6.9637500001779244,116.72374999999283,Ruru River
8661,4.64318,6.96458332747045,158.2183333333245,Pilen Kiewp
8662,0.207068,6.963390456210163,158.26316481920264,Pilen Kiewp
8663,0.120036,6.966249996619979,116.72416666665936,Ruru River
8664,20.1738,6.96875000017809,125.48458333332565,
8665,1.30611,6.970416666844812,125.78624999999226,
8666,6.76212,6.972083333511534,121.93458333332616,
8667,10.3008,6.972083333511534,126.31374999999252,
8668,12.7744,6.974166668213286,125.4849999994192,Inawayan River
8669,47.5639,6.9750000015466185,122.18416666608618,Mercedes River
8670,0.565315,6.9770833335117,117.18624999999292,
8671,2.03824,6.97791666684509,116.80041666665944,Tajau River
8672,0.739939,6.980416661701895,118.46874999999272,
8673,11.5079,6.980000000723976,125.48624999999276,
8674,58.2134,6.98541666684514,125.98541666665916,Piso River
8675,0.15638,6.985833334057872,118.44458333332592,
8676,1.05327,6.988333334058325,117.13124999999286,
8677,9.18064,6.988750000178584,125.49291666665908,Bayabas Creek
8678,0.224403,6.990833334881188,125.7849999994204,
8679,1.20706,6.992083333512028,117.17041666665943,
8680,0.332712,6.994583333512139,123.99124999999252,
8681,10.9861,6.995416666845472,126.32791666665936,Bitanagan River
8682,0.265111,6.998750000178916,118.517083333326,
8683,7.53799,6.999583333512305,121.92124999999236,Sas River
8684,9.93091,7.000416666845638,118.5170833333259,
8685,3.75279,7.001250000179027,126.33208333332573,Mayo River
8686,2.09107,7.002083333512189,118.42958333332616,
8687,0.119764,7.002916663288204,116.78499999999292,Scretang River
8688,0.754566,7.005416666845633,125.78124999999228,
8689,0.539081,7.005000000726454,126.34958333332564,
8690,542.028,7.007083333512355,125.50708333332568,Bayabas Creek
8691,61.1368,7.008750000179077,125.50791666665896,Bayabas Creek
8692,25.283,7.012916666845683,125.98958333332575,
8693,17.381,7.020416666846131,126.44624999999246,
8694,33.114,7.025833334884339,125.521666666089,Bayabas Creek
8695,8.374,7.026250000179459,125.7762499999926,
8696,23.2453,7.027083333512849,122.2054166666594,
8697,1.00255,7.028750000179571,118.43874999999277,
8698,2.13921,7.031666667395768,118.47791666665944,
8699,225.508,7.039583333513065,125.5354166666591,
8700,1.45245,7.040416666846454,122.20624999999244,Manicahan River
8701,22.1832,7.040416666846454,124.00208333332569,
8702,716.261,7.040416666846454,125.57291666665913,Matina River
8703,397.462,7.043749996623092,125.541666666659,Matina River
8704,693.373,7.047083333513342,125.55208333332564,Matina River
8705,5.99034,7.052083333513508,126.45124999999234,Quinonoan River
8706,1776.4,7.057083333513504,125.6120833333258,Matina River
8707,1.25689,7.057083333513504,126.45124999999234,Quinonoan River
8708,16.7252,7.064166668220878,125.71416666722688,Binoling River
8709,1.00351,7.065000000732312,124.0179166666594,Matuber River
8710,3.18649,7.068750000180557,121.902083333326,Lawingan River
8711,0.826557,7.068750000180557,125.95374999999228,Pintatagan River
8712,6.50563,7.06958333351389,122.20541666665906,Bolong River
8713,0.434654,7.06958333351389,124.02041666665912,Matuber River
8714,5.49948,7.0712500001804415,122.2054166666594,Bolong River
8715,65.1275,7.076250000180778,125.70374999999252,Binoling River
8716,0.9141,7.077083333513997,125.69708333332584,Binoling River
8717,24.2435,7.077083333513997,125.94208333332564,Pintatagan River
8718,1169.49,7.080416666847611,125.6270833333258,Mamay Creek
8719,8.94832,7.083750000180885,125.93624999999224,Pintatagan River
8720,1.73141,7.083750000180885,126.4662499999922,
8721,20.7561,7.090416666847773,126.46958333332556,Quinonoan River
8722,95.4069,7.092083333514268,122.2370833333257,Bolong River
8723,42.7382,7.092916666847657,125.910416666659,Pintatagan River
8724,2.13017,7.097083333514433,121.902083333326,Lawingan River
8725,275.952,7.104583333514711,124.03791666665916,Matuber River
8726,265.998,7.11291666684815,125.65708333332556,Mamay Creek
8727,7.8653,7.116250000181594,126.4862499999922,Quinonoan River
8728,7.04918,7.117083333514927,122.25291666665908,Bolong River
8729,1.34967,7.118750000181649,126.49291666665896,Quinonoan River
8730,29.3119,7.124583333515204,125.88624999999251,
8731,0.191997,7.132500000738503,124.05708333332586,Matuber River
8732,33.2816,7.132916666848814,125.6862499999927,Mamay Creek
8733,34.0449,7.138749996627666,125.88749999999244,Matiao River
8734,0.64092,7.139583333515532,124.0637499999923,Matuber River
8735,10.6978,7.142083333515586,125.68708333332565,Sasa Creek
8736,1.1912,7.146250000182249,126.51958333332573,
8737,3.15719,7.147916666849142,121.90291666665917,Malayal River
8738,0.292596,7.147916666848971,124.09458333332576,
8739,1.13592,7.147916666849142,124.10374999999236,
8740,1.26254,7.150416666849196,124.11458333332588,
8741,1.36311,7.151250000182415,124.11624999999276,
8742,0.598592,7.151250000182415,124.11791666665908,
8743,0.16841,7.155416666849192,124.12208333332592,
8744,388.554,7.156666667407535,125.66041666665922,
8745,8.90635,7.165416666849524,125.89291666665906,Kingking River
8746,3.07606,7.170207522802912,125.73076217564858,
8747,65.4891,7.172916666849574,126.52374999999256,
8748,0.573463,7.175416666849685,121.91791666665928,
8749,219.554,7.176250000183018,125.65624999999272,
8750,0.267037,7.189583333516623,121.92458333332604,Malayal River
8751,86.5704,7.189583333516623,122.2487499999928,
8752,22.0318,7.196250000183511,125.8712499999924,
8753,333.925,7.199288345021103,124.16487817310076,Dimapatoy River
8754,76.8211,7.207916666850565,122.25374999999258,Curuan River
8755,10.2966,7.207916666850565,125.8720833333258,Lahi River
8756,56.3587,7.209166668232797,126.53749999943352,
8757,25.0413,7.210416666850506,126.54458333332592,
8758,10.077,7.214166668233133,121.94499999943412,
8759,12.9036,7.219583333517448,121.9520833333262,
8760,28.392,7.219583329964905,125.64666666665904,Likanan River
8761,17.4435,7.223750000184111,125.86291666665898,Pindasan River
8762,1.3918,7.235833334081633,125.84874999999238,Pindasan River
8763,35.5774,7.237083329965685,125.6483333333258,
8764,73.2467,7.24625000018483,125.65208333332588,
8765,1.30642,7.247916666851381,125.84208333332585,
8766,0.153692,7.251250000184825,121.98458333332589,Lintangan River
8767,8.85531,7.252083333517987,124.20291666665946,
8768,5256.33,7.252083333517987,124.20624999999234,Rio Grande de Mindanao
8769,243.768,7.254583333518269,125.68041666665908,Lasang River
8770,3.63322,7.263750000185041,122.28041666665912,
8771,3.02093,7.264583333518431,122.01041666665937,
8772,221.925,7.267083333518485,124.20541666665918,Rio Grande de Mindanao
8773,13.2479,7.28125000018548,125.84124999999231,
8774,1.67829,7.287083333518979,126.56624999999237,Caraga River
8775,5.06766,7.288750000185701,126.56624999999237,Caraga River
8776,38.7934,7.292083333519145,122.06374999999264,Sibuco River
8777,347.138,7.292916666852534,125.69874999999251,Lasang River
8778,43.2031,7.293750000185867,124.21374999999284,
8779,0.908986,7.299583333519422,126.55624999999225,Caraga River
8780,27.7275,7.300000001573267,125.84833333387871,
8781,5.46736,7.306250000185912,122.29041666665944,
8782,13.6648,7.307916663302421,122.80583333332596,
8783,6.36201,7.311250000186078,122.06624999999237,
8784,5.50081,7.311250000186078,122.85624999999254,
8785,2563.74,7.3187500001863555,125.73791666665907,
8786,0.703692,7.319583333519688,124.21541666665917,
8787,2.15745,7.319583333519688,134.49708333332524,Itungelbai
8788,70.3242,7.320416666853248,126.55291666665914,Kawaig River
8789,0.356018,7.3237500001865214,126.55791666665893,
8790,7.83517,7.331250000186742,122.3154166666593,
8791,11.5167,7.332916666853293,125.85041666665904,Maco Creek
8792,1.94059,7.335416666853575,122.3062499999926,Vitali River
8793,1.35863,7.335416666853575,122.8062499999926,
8794,30.0717,7.33791666685363,122.80541666665908,
8795,1.06766,7.338750000186849,125.77124999999228,Tuganay River
8796,2.4693,7.339583333520181,122.90708333332576,
8797,2.4384,7.342083333520463,122.91624999999271,
8798,0.37515,7.342916666853625,134.46374999999205,
8799,1.23928,7.347916666853791,124.25458333332584,
8800,8.03312,7.349583333520343,125.85458333332554,Maco Creek
8801,0.350307,7.350416666853732,151.63041666665777,
8802,71.5793,7.352083333520625,124.25791666665896,Nituan River
8803,1.52925,7.352083333520625,126.5545833333257,Kawaig River
8804,0.705531,7.356250000187231,134.51958333332527,
8805,635.644,7.363750000187508,125.84208333332606,Maco Creek
8806,1.90364,7.36458333352067,126.55624999999225,Caraga River
8807,0.982919,7.369583333520836,134.56958333332545,
8808,3.00526,7.371250000187558,122.9254166666592,
8809,0.235169,7.372083333521118,122.04791666665916,
8810,6.87972,7.372500001578999,122.8716666672077,
8811,24.879,7.37291666685428,123.42208333332565,
8812,12.977,7.37374999663939,126.55666666665913,
8813,0.117978,7.374166667428085,122.93874999999277,
8814,3.00099,7.380416666854558,122.8870833333258,
8815,0.12946,7.380416666854558,123.45124999999234,
8816,4.99796,7.380416666854558,151.8887499999912,
8817,3.0868,7.386250000187886,122.86124999999264,
8818,3.34171,7.387916666854608,122.79791666665916,
8819,0.119684,7.392916666854774,134.5854166666586,Ngrikill
8820,5.81971,7.393750000188106,122.05291666665936,
8821,4.22064,7.394583333521496,122.36791666665933,
8822,0.265524,7.394583329973727,134.5074999999922,Ngerime
8823,4.03777,7.396250000188388,122.36374999999236,
8824,7.5544,7.400416663307453,122.79999999999244,
8825,139.528,7.407083333521882,122.34791666665932,
8826,28.2337,7.408333334915142,126.5491666672051,Manorigao River
8827,10.3981,7.410416666855156,123.34124999999244,
8828,6.13093,7.411249996641345,123.43833333332576,
8829,82.8854,7.413333334098354,124.24374999999236,
8830,1.02735,7.415416666855322,122.05958333332568,
8831,12.6007,7.417916666855433,124.23124999999231,
8832,41.0878,7.420416666855488,122.34791666665932,
8833,4.72251,7.423750000188761,126.54791666665916,
8834,0.469878,7.430416666855649,151.86291666665807,Wichen River
8835,0.528838,7.433750000189093,134.59374999999204,
8836,1.45802,7.436666667434054,122.83041666665918,
8837,0.181003,7.439547588679261,134.48177229596297,
8838,4.76373,7.444061167841994,123.44204739548388,
8839,0.714025,7.445416666855976,122.83624999999232,
8840,1.88935,7.448750000189591,123.31541666665952,
8841,16.1823,7.452083329976915,124.14583333332588,Matimos-Minoan River
8842,3.91654,7.454583333522976,151.8787499999912,Wichen River
8843,8.48315,7.458750000189752,123.3962499999925,
8844,2.4603,7.458333334102861,151.86041666665778,
8845,5.41775,7.459583333523142,123.29624999999236,
8846,0.302296,7.461250000189636,124.1462499999925,
8847,7.53922,7.467083333523192,122.0704166666594,Anungan River
8848,117.172,7.467916666856524,122.35708333332582,
8849,50.6857,7.472083333523358,124.1337499999928,Matimos-Minoan River
8850,14.0235,7.478333334920478,126.59666666720044,
8851,12.0407,7.4791666682538676,122.81916666720042,
8852,0.951301,7.484583329978705,123.38416666665933,
8853,0.176122,7.486250000190466,122.81041666665942,
8854,25.7211,7.48708332997893,122.96416666665904,
8855,1.06744,7.486666668254656,134.51666666611789,
8856,2.46449,7.495416666857295,122.8579166666592,
8857,4.50114,7.499583333523901,122.99791666665908,Lapirawan River
8858,16.2451,7.500416666857461,123.18291666665904,
8859,0.320623,7.500416666857461,134.52541666665877,
8860,7.9427,7.504166667440415,122.40874999999257,Batungan River
8861,35.5585,7.506250000190789,124.1212499999924,Budas River
8862,24.5685,7.510416666857623,123.38124999999252,
8863,2.75317,7.512916666857677,124.1170833333258,Budas River
8864,10.1984,7.520000000775326,123.30708333332586,
8865,4.02669,7.522083333524506,122.92874999999265,Lutiman River
8866,43.2256,7.522083333524506,124.11124999999242,
8867,8.2511,7.523750000191228,122.81374999999252,
8868,16.9643,7.524583333524731,122.10208333332582,
8869,0.21677,7.526250000191283,122.80458333332592,
8870,6.91427,7.527916666858175,123.21708333332596,
8871,5.04337,7.529583333524897,123.0120833333259,Lapirawan River
8872,0.772279,7.531250000191449,123.29374999999244,
8873,15.1963,7.531250000191449,123.30124999999236,
8874,0.116954,7.531666667443062,123.28291666665928,
8875,3.29355,7.535000000776904,123.26124999999264,
8876,0.260058,7.537916666858166,122.44124999999258,
8877,3.07784,7.537916666858166,122.88958333332572,
8878,24.3013,7.537916666858166,124.0970833333256,
8879,0.742902,7.540833334110573,122.4637499999926,
8880,1.30012,7.542916666858332,122.89374999999268,Lutiman River
8881,6.03779,7.543750000191665,122.45708333332573,
8882,40.231,7.543750000191665,122.905416666659,Lutiman River
8883,6.34168,7.545416666858614,122.82708333332572,
8884,0.3562,7.547083333525109,123.34041666665928,Dinas River
8885,3.97634,7.547083333525109,123.34208333332596,
8886,3.50092,7.555416666858719,126.58124999999234,Mahanob River
8887,12.9285,7.5629166668588255,123.02708333332578,
8888,0.758403,7.567083333525431,122.1412499999924,
8889,1.08254,7.568750000192324,126.58124999999256,
8890,8.22291,7.572083333525768,122.43374999999264,
8891,23.8293,7.576249996650688,124.07249999999236,Malabang River
8892,3.66404,7.577083333525934,123.14374999999268,
8893,28.9169,7.57833333411412,126.5587499999923,
8894,2.38588,7.579583333525875,123.16541666665898,
8895,5.16084,7.580416666859207,122.81291666665912,
8896,7.67731,7.581249996650854,122.42999999999256,
8897,3.67726,7.5820833335259294,123.18374999999276,
8898,33.34,7.583750000192822,122.1412499999924,Siraway River
8899,119.399,7.587083333526095,124.0637499999923,Malabang River
8900,0.762703,7.590416666859539,122.13291666665918,
8901,1.10186,7.590416666859539,122.13541666665924,
8902,111.593,7.596250000192924,123.03041666665922,
8903,0.456286,7.596666668262742,122.79249999945944,
8904,111.434,7.602083329985419,123.38249999999243,Dinas River
8905,51.1227,7.606250000193256,122.44624999999292,Tupilac River
8906,623.239,7.606250000193256,123.38374999999256,
8907,2.93302,7.607083333526589,126.56208333332576,
8908,0.100619,7.607083329985755,134.56416666665882,
8909,1.44232,7.610416666859862,122.79124999999284,
8910,257.979,7.611250000193195,124.0454166666592,Malabang River
8911,100.62,7.612083333526755,122.45791666665924,Tupilac River
8912,0.36744,7.61166666745072,123.3970833333259,
8913,151.981,7.615416666860199,123.18708333332596,
8914,2.45287,7.61708333352675,123.4204166666591,
8915,127.359,7.619583333527032,124.03958333332572,
8916,1.46141,7.624583333526971,123.43791666665912,
8917,54.8299,7.637083333527244,126.55291666665892,Dapnan River
8918,15.7579,7.637916666860576,124.02541666665913,
8919,13.6552,7.642916666860742,123.17624999999248,
8920,94.5313,7.643750000194132,122.47958333332576,Tupilac River
8921,0.755538,7.644583333527464,122.13624999999264,
8922,16.8511,7.645416666860854,124.00041666665936,
8923,2.41722,7.647083333527405,124.01541666665923,
8924,3.60296,7.648750000194127,123.46541666665917,
8925,3.11476,7.64958333352746,123.04124999999284,
8926,18.2937,7.653333334121442,123.4687499999926,
8927,49.6846,7.654583333527626,122.48291666665943,Tupilac River
8928,7.88198,7.65875000019463,123.0429166666595,
8929,0.738548,7.663750000194625,126.55458333332604,Dapnan River
8930,0.743357,7.664583333527958,123.472916666659,
8931,9.33179,7.665416666861347,123.97374999999248,
8932,36.2067,7.667083333528069,122.49958333332576,Surabay River
8933,3.32163,7.6770833335282305,126.5512499999926,
8934,229.942,7.680416663323513,122.13249999999266,Siocon
8935,7.03316,7.688750000195284,123.145416666659,
8936,216.612,7.690416666861779,123.92124999999248,
8937,1.67702,7.690416666861779,126.55291666665914,
8938,14.7822,7.694583333528783,122.51458333332585,
8939,0.257972,7.697083333528667,126.5512499999926,
8940,4.23562,7.698750000195389,123.85124999999266,
8941,3.89383,7.698785718897909,123.0882276949086,Kumalarang River
8942,0.365135,7.699583333528949,123.844583333326,
8943,10.3898,7.7012500001955,123.8770833333258,
8944,1.30133,7.7020833335286625,122.797083333326,Siay River
8945,49.419,7.706250000195496,123.79958333332593,
8946,2.54958,7.707916666862218,123.47791666665898,
8947,10.8734,7.707916666862218,126.55791666665893,
8948,13.1713,7.710416666862443,122.53458333332584,
8949,552.338,7.718750000195882,122.80041666665907,Siay River
8950,6.94358,7.722916666862716,122.11541666665926,
8951,202.761,7.72625000019616,123.11874999999236,Kumalarang River
8952,8.39037,7.731250000196326,122.54458333332592,
8953,2.44215,7.732083329993486,126.54666666665912,
8954,68.1973,7.73375000019621,123.76374999999256,
8955,6.39238,7.738750000196205,122.55541666665933,
8956,46.9326,7.74208333352982,126.49458333332586,
8957,18.5214,7.745416666863264,122.56458333332614,
8958,7.73531,7.746250000196653,122.57124999999246,
8959,203.264,7.754583333530093,122.7612499999924,Kabasalan River
8960,301.818,7.765416666863587,122.61374999999248,
8961,43.8969,7.7650000007985795,123.42458333332604,
8962,0.620918,7.771250000197085,126.46958333332556,Cateel River
8963,1.391,7.772083333530475,123.73374999999236,
8964,1.82938,7.777916666863973,122.12041666665924,
8965,2.39903,7.777916666863973,123.42208333332565,
8966,3.52039,7.783333334133715,122.71291666665934,Kabasalan River
8967,13.4864,7.784583329996849,122.6591666666592,Bakalan River
8968,113.675,7.786250000197583,126.45291666665923,Cateel River
8969,2.66508,7.786250000197583,126.4570833333256,
8970,0.211978,7.7908333349435,122.12500000051182,
8971,48.1261,7.792500000801226,123.7187499999925,
8972,4.28326,7.804583333531184,122.13958333332585,
8973,1.31491,7.812916666864794,126.44208333332584,Cateel River
8974,8.288,7.81416666827846,123.4233333328084,
8975,20.5167,7.815416666864905,123.68458333332616,
8976,11.1121,7.815416666864905,126.41958333332605,
8977,485.282,7.817500000803648,123.43208333332564,
8978,54.7214,7.81916666747037,123.46958333332576,
8979,209.83,7.820416666864901,123.44791666665924,
8980,0.339376,7.822083333531793,117.0187499999929,
8981,7.95907,7.822916666865126,123.64541666665924,
8982,60.1708,7.830416666865233,123.62791666665908,
8983,0.234242,7.832083333531955,117.0470833333262,
8984,1.29711,7.833750000198677,122.15291666665928,
8985,462.057,7.833750000198677,123.51374999999234,
8986,26.358,7.845833334139741,123.53208333332611,Bayao River
8987,301.25,7.847083333532225,123.57958333332569,Bayao River
8988,0.384698,7.847916666865615,117.0620833333262,
8989,4.04685,7.847916666865615,126.37374999999224,
8990,21.2306,7.850416666865669,123.5587499999924,
8991,0.928081,7.851250000199229,122.15874999999266,
8992,3.0451,7.872916666866274,122.18541666665932,
8993,11.7316,7.877083333533051,126.3662499999923,
8994,1.46311,7.891250000200046,117.0670833333262,
8995,4.92901,7.901250000200207,116.9637499999926,
8996,0.974843,7.90208333353354,122.22124999999278,
8997,0.359297,7.907916666867095,126.3587499999926,
8998,1.17662,7.912916666867261,126.36208333332604,
8999,2.42406,7.917916663339213,122.23166666665918,
9000,20.2878,7.941250000201137,126.37291666665942,
9001,0.496611,7.949583333534747,117.0795833333259,
9002,1.38403,7.95268640353072,123.67023543696804,Butadon River
9003,4.59462,7.954583333534913,123.6562499999926,
9004,1.55505,7.9545833335347425,123.67708333332575,Butadon River
9005,0.659063,7.96208333353502,116.96791666665943,
9006,0.736982,7.971250000201962,122.24458333332598,
9007,723.559,7.971250000201962,123.6895833333258,Butadon River
9008,0.466181,7.98625000020229,117.05374999999265,
9009,0.494829,7.98625000020229,122.25458333332595,
9010,1.79587,7.988750000202401,116.9612499999928,
9011,1215.04,7.988750000202401,123.64374999999256,Salug River
9012,6.72041,7.989583333535734,126.42041666665888,
9013,0.164975,7.990833334153422,122.26374999999256,
9014,1.17584,7.995416666869062,117.0579166666596,
9015,0.25641,8.003750000202672,126.40791666665892,
9016,279.32,8.009583333536227,123.75541666665912,Inanguian Creek
9017,4.05509,8.012083333536111,123.65458333332585,Salug River
9018,115.896,8.017083333536277,123.76374999999246,Inanguian Creek
9019,0.509466,8.018750000203,116.97208333332604,
9020,40.0362,8.020416666869721,123.6562499999926,Salug River
9021,36.7624,8.021250000203281,126.41541666665888,
9022,62.911,8.02875000020316,123.6612499999926,Salug River
9023,20.0488,8.030416666869883,122.33791666665934,Sibalic River
9024,52.1216,8.032916666869994,126.41541666665898,
9025,0.236222,8.0370833335366,116.9987499999927,
9026,16.2251,8.041250000203604,126.41708333332554,
9027,18.9403,8.043750000203488,122.36958333332598,
9028,43.7233,8.04541666687038,123.6895833333258,
9029,5.02975,8.047916666870492,122.39874999999256,Sibalic River
9030,158.596,8.048714327639402,123.78510565057604,Bulod River
9031,122.733,8.050416666870547,123.73624999999254,Inanguian Creek
9032,23.0734,8.051250000203765,123.7137499999925,
9033,0.509171,8.052083333537269,123.71041666665906,
9034,175.343,8.056250000203931,123.7537499999928,Bulod River
9035,99.4643,8.06291666687082,123.80291666665914,
9036,11.0905,8.063750000204152,126.42291666665892,
9037,0.400231,8.065416666870874,117.0379166666595,
9038,56.9014,8.065416666870874,122.49958333332576,Quipit River
9039,25.3636,8.065416666870874,122.50458333332574,Quipit River
9040,55.3333,8.07000000082769,122.51958333332608,Quipit River
9041,48.61,8.072083333537591,123.770416666659,Bulod River
9042,390.894,8.072500001629066,122.47333333382367,Quipit River
9043,3.3249,8.073333334962626,126.42833333282806,
9044,1.00616,8.074166667494865,123.770416666659,Bulod River
9045,0.746992,8.075000000828197,117.05541666665933,
9046,17.0378,8.075416666871035,122.54458333332592,Labason River
9047,8.5362,8.08041666687103,122.57708333332585,
9048,0.887315,8.084583333537978,126.4337499999924,
9049,13.2988,8.085416666871367,123.82958333332569,Bulod River
9050,35.8413,8.092083333538085,123.78458333332594,
9051,0.136285,8.099583333538305,117.05291666665926,
9052,194.527,8.10541666687186,122.6187499999926,Patawag River
9053,7.84647,8.105000000830955,123.8004166666592,Bulod River
9054,17.1194,8.107083335977848,123.85541666686164,Titunod River
9055,79.993,8.109583333538467,123.8812499999924,
9056,5.129,8.111250000205189,122.62708333332569,
9057,129.941,8.111250000205189,122.73208333332582,Mucas River
9058,5.7976,8.112083333538749,122.7204166666595,Mucas River
9059,30.2682,8.112083330020141,123.80833333332578,
9060,81.514,8.112916666872081,122.74458333332586,Mucas River
9061,2.70052,8.1137500002053,126.4287499999923,
9062,31.4232,8.114583333538633,122.7037499999924,
9063,5.97801,8.114583333538633,123.8112499999928,Lagbas Creek
9064,12.0337,8.115416666872022,122.77374999999256,Canawan River
9065,6.45858,8.117916666872077,122.69374999999263,Mucas River
9066,7.99613,8.11791666335381,123.9024999999924,
9067,1.00443,8.120416666872188,126.43458333332558,
9068,9.95777,8.121249995117864,122.81624999999246,Canawan River
9069,1.57801,8.12208333353891,123.91208333332588,Titunod River
9070,4.80255,8.126250000205687,122.83041666665906,
9071,19.5361,8.127916666872409,123.82124999999256,Labo River
9072,1.51432,8.128750000205798,122.63624999999251,Patawag River
9073,7.93656,8.131250000205682,123.9170833333261,Titunod River
9074,9.80972,8.133333334167048,122.84624999999232,Palandok River
9075,0.172517,8.137083333539238,123.83124999999234,Labo River
9076,31.9612,8.13791666687257,122.64291666665906,Patawag River
9077,201.437,8.141250000205844,123.83291666665924,Labo River
9078,55.5499,8.142083330022388,122.85749999999256,Palandok River
9079,1.05241,8.143750000206126,122.88374999999256,Palandok River
9080,6.62454,8.143750000206126,122.89458333332584,Palandok River
9081,6.63658,8.144166667501281,123.92458333332593,Maigo River
9082,13.0391,8.147083333539342,122.91374999999243,Talinga River
9083,2.2319,8.147083333539342,126.43624999999248,
9084,0.870371,8.152083333539508,122.92041666665932,Talinga River
9085,51.3781,8.15458333353962,123.85541666665917,
9086,30.3166,8.15458333353962,123.9412499999928,
9087,5.61998,8.157083333539674,122.9270833333261,
9088,26.0328,8.156666667502577,126.43541666665897,
9089,23.2519,8.17041666687328,123.96124999999256,Maigo River
9090,2.25948,8.170000001635515,126.44333333381542,
9091,7.07476,8.172083333540002,123.9729166666591,Maigo River
9092,10.4502,8.176250000206835,123.98541666665916,
9093,36.7801,8.182083333540334,122.95458333332613,
9094,122.868,8.183750000206885,124.0012499999923,Balugohan Creek
9095,2.2454,8.186250000206996,126.33791666665888,
9096,7.24979,8.186666668303076,124.0091666661706,Balugohan Creek
9097,110.591,8.1870833335405,124.12458333332586,Linamon River
9098,1893.42,8.1870833335405,124.16708333332588,
9099,6.24313,8.187916666873718,124.06791666665949,
9100,15.0483,8.187916666873718,124.12291666665897,Linamon River
9101,0.277512,8.188750000207051,117.28708333332622,
9102,27.9254,8.188750000207051,124.06624999999268,
9103,216.625,8.192083333540495,123.86708333332604,Labo River
9104,1.34379,8.192083333540495,124.08291666665924,Lapayan
9105,1.46201,8.192083333540495,124.09541666665928,Lapayan
9106,1301.69,8.192083333540495,126.3562499999922,
9107,6.03335,8.192500000839402,124.07791666665923,Lapayan
9108,0.537493,8.195416666873939,124.0545833333257,
9109,91.2988,8.195416666873939,124.18374999999251,Agus River
9110,85.5163,8.19791666687405,122.98041666665938,Ingin River
9111,3.30564,8.19791666687405,126.32874999999252,
9112,0.191184,8.199583333540602,123.86541666665926,Tudela River
9113,0.610469,8.201250000207494,117.27208333332612,
9114,7.36301,8.202916663360554,126.44083333332584,
9115,0.478773,8.20791666336089,126.39583333332575,Dampingan Fish Port
9116,65.0615,8.20874999669411,124.2016666666591,
9117,13.5979,8.211250000207656,122.99541666665904,Ingin River
9118,13.5689,8.211250000207656,124.21791666665912,Baslayan Creek
9119,0.568054,8.211250000207656,126.39791666665916,Dampingan Fish Port
9120,0.456756,8.211250000207656,126.44458333332555,
9121,413.205,8.215416666874432,122.99624999999251,Ingin River
9122,180.745,8.220416666874428,126.31291666665912,Bislig River
9123,757.338,8.225416666874594,124.23374999999236,Baslayan Creek
9124,0.130671,8.225416663362182,126.44916666665904,
9125,0.15897,8.23041666687476,126.42291666665892,
9126,9.13895,8.236250000208088,117.34291666665932,
9127,83.574,8.237916663363308,124.23916666665912,Baslayan Creek
9128,56.2575,8.241250000208424,126.32708333332562,Bislig River
9129,2.40505,8.242916666874976,126.43708333332586,
9130,2.3541,8.247916666875142,126.33541666665906,Bislig River
9131,19.2483,8.251250000208586,122.9937499999926,Sindangan River
9132,165.284,8.253750000208697,123.849583333326,Tudela River
9133,4.6789,8.256250000208752,126.35041666665916,
9134,24.651,8.260833334179267,122.969583333326,Sindangan River
9135,31.1413,8.26541666687558,123.8487499999926,Tudela River
9136,0.441933,8.264583335999419,124.25041666648394,Baslayan Creek
9137,0.107805,8.27375000020902,117.34958333332622,
9138,8.08278,8.277500000847567,122.9562499999928,
9139,7.98291,8.277916666875967,124.26374999999268,Baslayan Creek
9140,4.494,8.279583330033347,126.37166666665917,
9141,8.63486,8.280416666875908,123.84791666665922,
9142,3.04271,8.283749996700124,126.37749999999232,
9143,12.9771,8.286250000209407,123.84791666665944,Tudela River
9144,3.33184,8.302916666876456,123.84791666665922,Tigdok River
9145,17.6829,8.302916666876456,126.3762499999923,
9146,3.95577,8.30541666687651,124.25458333332584,
9147,1.66677,8.319583330036608,117.30166666665968,Bugsuk River
9148,219.477,8.321666667518343,123.85791666665898,
9149,66.0667,8.325416663370504,122.98249999999246,
9150,71.7893,8.33041666687717,126.33458333332568,Hinatuan River
9151,2.4115,8.33875000021061,122.98708333332593,
9152,21.5131,8.339583333543999,123.85041666665929,
9153,50.0125,8.342916666877443,124.25791666665896,
9154,14.287,8.34875000021077,122.98958333332588,
9155,37.3288,8.354583333544326,123.84791666665922,
9156,3.22013,8.354583333544326,124.26041666665948,
9157,0.133304,8.360416666877825,117.20958333332612,
9158,200.029,8.362916666877936,126.33208333332573,Hinatuan River
9159,16.9435,8.363750000211269,122.98791666665932,
9160,399.098,8.367083333544713,126.34041666665917,
9161,29.8578,8.3737500002116,123.84291666665922,Aloran River
9162,2.68223,8.388333334191316,126.3612499999922,Hinatuan River
9163,7.82994,8.38958333354526,124.27958333332585,
9164,0.936004,8.39041666687865,126.36541666665914,Hinatuan River
9165,68.3968,8.399583333545422,124.2845833333256,
9166,0.113783,8.399583333545422,126.37208333332568,Hinatuan River
9167,5.07328,8.400416666878812,117.25708333332592,Malitub River
9168,20.0185,8.402500000859334,123.83541666665916,Aloran River
9169,29.0405,8.403750000212256,124.2845833333256,
9170,0.68885,8.406249996710756,117.2608333333261,
9171,2.71299,8.4070833335457,123.83541666665916,
9172,4.72491,8.412916666879028,117.27291666665928,Malitub River
9173,139.152,8.41708333354569,123.83624999999256,Aloran River
9174,12.7003,8.41874999671171,122.99333333332596,
9175,34.2078,8.425416666879471,123.00624999999252,
9176,40.7729,8.425416666879471,124.28791666665892,
9177,0.657694,8.425416666879471,126.35291666665888,Enchanted River
9178,22.8993,8.429583333546248,126.3512499999922,Enchanted River
9179,0.28891,8.437083333546354,117.21541666665952,Malitub River
9180,17.0345,8.437916666879687,123.0120833333259,
9181,11.6188,8.443750000213242,124.28874999999243,
9182,3.50041,8.446250000213297,126.35541666665938,Enchanted River
9183,0.519594,8.451250000213292,117.3212499999928,Malitub River
9184,0.171153,8.45791666338198,126.35999999999252,Enchanted River
9185,0.921685,8.464583333547068,117.34208333332606,
9186,62.099,8.46625000021362,123.8154166666592,Dagata Creek
9187,11.2396,8.467916666880342,126.3620833333257,Enchanted River
9188,0.981903,8.467916666880342,126.37041666665914,Enchanted River
9189,9.04559,8.470833334199199,124.29624999999236,
9190,110.483,8.475000001653484,124.7099999995288,Umalag River
9191,32.4302,8.477083333547284,123.81541666665908,Dagata Creek
9192,166.319,8.477916666880674,124.68374999999264,Umalag River
9193,0.858502,8.478333334199988,117.359583333326,Tuba River
9194,108.527,8.481250000213947,124.67208333332589,Cagayan de Oro River
9195,0.80203,8.48291666688067,117.21874999999272,Malitub River
9196,410.522,8.483211856721766,124.6657113571257,Cagayan de Oro River
9197,6.34174,8.483750000214172,124.72541666665929,Umalag River
9198,3.29296,8.48374999671762,126.3841666666592,Enchanted River
9199,156.3,8.487083333547446,124.73041666665938,Umalag River
9200,17.1512,8.49125000021445,117.39624999999296,Tuba River
9201,0.279748,8.49125000021445,124.66291666665929,Cagayan de Oro River
9202,47.654,8.493750000214334,123.04458333332605,Bucana River
9203,43.8235,8.494583333547723,123.8004166666592,Paypayan River
9204,20.7985,8.495416666881056,124.74374999999247,
9205,0.402312,8.495416666881056,124.74541666665914,
9206,667.9,8.496250000214445,124.66374999999232,Cagayan de Oro River
9207,20.7622,8.497916666881167,124.74624999999276,Umalag River
9208,9.92504,8.500416666881222,124.30541666665933,
9209,10.9313,8.501250000214611,117.4320833333262,Tuba River
9210,1.0761,8.503750000214495,123.05291666665914,
9211,9.64083,8.504583333547885,124.30708333332564,
9212,2573.47,8.504878527108644,124.6573780210382,
9213,31.7604,8.508333334202916,123.78208333332589,
9214,146.583,8.510416666881383,124.64624999999228,
9215,8.05011,8.512916666881665,123.28291666665928,
9216,150.791,8.512916666881665,124.75291666665908,Umalag River
9217,3.47368,8.513750000214998,123.25791666665953,Dikayu River
9218,0.193964,8.51541666688155,124.63291666665896,Calaanan Creek
9219,5.59016,8.51541666688155,126.36958333332598,
9220,2.58055,8.516250000214939,123.0745833333258,
9221,106.361,8.516250000214939,123.29458333332582,
9222,2.56214,8.51791666688166,123.0837499999924,
9223,31.0698,8.518750000215164,123.09291666665922,Manukan River
9224,58.0873,8.518750000214993,124.57708333332572,
9225,28.0638,8.519583330054104,123.24833333332606,Pian River
9226,375.68,8.519583333548155,124.6070833333257,Bungcalalan River
9227,27.246,8.520833334204042,117.4562499999928,
9228,0.731714,8.521666668322553,126.35166666619966,
9229,22.8019,8.522916666881827,123.22624999999266,Dohinob Gamay River
9230,14.4375,8.523333334989275,123.1349999995332,
9231,7.87393,8.52375000021516,123.1412499999924,
9232,7.72555,8.52541666688171,123.15208333332566,Dohinob Gamay River
9233,2.25781,8.527083333548603,123.214583333326,Dohinob Gamay River
9234,139.515,8.529583333548487,123.30791666665924,Punta River
9235,0.402505,8.529583333548487,126.334583333326,
9236,11.8697,8.529547722035147,126.2273943314326,
9237,55.2754,8.53125000021521,123.30958333332592,Punta River
9238,1.90096,8.53125000021521,126.14458333332573,
9239,37.3745,8.532083333548599,123.18458333332592,Dohinob Gamay River
9240,22.9409,8.532083333548599,123.19791666665913,Dohinob Gamay River
9241,0.383561,8.532916666881931,126.1612499999926,Barobo River
9242,0.797984,8.533333334205167,126.31708333332595,
9243,1.75592,8.533333334205167,126.31874999999218,
9244,0.299993,8.534583333548653,126.28208333332566,
9245,0.158441,8.537083333548765,124.55958333332568,Bungcalalan River
9246,62.436,8.537500001656781,124.55666666711728,Bungcalalan River
9247,3.48311,8.539166668323674,124.549166667117,Bungcalalan River
9248,63.4053,8.542916666882093,126.12458333332565,Barobo River
9249,1.17856,8.543750000215653,117.24124999999276,Canipaan River
9250,30.9721,8.547083333548926,123.77458333332596,Daisug River
9251,0.368847,8.54958333354898,124.3345833333259,
9252,6.12966,8.551250000215703,124.34041666665928,
9253,16.8362,8.553750000215814,124.34291666665912,
9254,868.508,8.555416666882536,124.74208333332558,Tagoloan River
9255,44.6185,8.560416666882702,124.52708333332588,
9256,3.926,8.562083330058158,126.11666666665906,Barobo River
9257,0.16859,8.564583333549308,104.8362499999933,Rạch Bà Hương Ngoài
9258,8.64251,8.565416666882868,124.3570833333256,
9259,8.59706,8.570416666882863,123.75041666665936,Daisug River
9260,12.6465,8.571250000216196,123.74791666665897,Daisug River
9261,30.0454,8.571250000216196,124.75374999999246,Tagoloan River
9262,8.46526,8.572916666882918,117.2595833333262,Canipaan River
9263,3.48542,8.572500001658625,124.36499999953776,
9264,19.6438,8.572916666882918,126.11874999999225,
9265,0.486066,8.574061326650622,123.56704724388862,Tulon Creek
9266,18.2378,8.580833334992462,123.7433333337798,Daisug River
9267,143.521,8.583750000216469,124.49124999999265,Alubijid River
9268,5.86444,8.584583333549801,104.9412499999932,Rạch Giốc
9269,5.59047,8.587083333549913,124.3762499999923,
9270,5.47833,8.587916666883416,124.48124999999244,Alubijid River
9271,33.7386,8.589583330060691,124.77083333332575,
9315,17.1764,8.670416666885274,126.13874999999224,
9316,2.70173,8.67458333355188,126.147083333326,
9317,0.746123,8.676249996735748,106.59999999999305,
9318,3.98244,8.676250000218829,117.5754166666594,
9319,4.00562,8.677083333552162,126.15708333332566,
9320,0.286983,8.682916663403148,123.47499999999263,Sinonoc Creek
9321,4.76115,8.68458333006987,117.71083333332626,
9322,2.04401,8.684583333552212,126.1745833333258,
9323,3.02437,8.685416663403203,117.68999999999278,
9324,0.870241,8.687083333552323,117.69708333332596,
9325,18.6594,8.689583333552207,117.74291666665977,
9326,2.71969,8.69166666833138,124.74083333288218,Mandangisiao River
9327,0.398329,8.694583333552373,117.33458333332624,Colby River
9328,1.52916,8.696250000219095,126.18541666665942,
9329,3.61879,8.697916666885817,126.19374999999228,
9795,1.20059,9.71125000024358,125.39624999999228,
9796,0.403614,9.713333334318236,124.41208333332564,Guinsularan River
9797,260.699,9.715416666910356,123.8620833333257,
9798,0.448417,9.717083333576907,118.43374999999276,
9799,0.442375,9.719583328684225,118.6954166666594,Binuan River
9800,0.104508,9.72041666352959,123.15666666665902,Talaptap River
9801,11.3623,9.721250000243742,124.43208333332608,
9802,12.2643,9.723750000243797,123.33958333332588,"Flowing ""brook"""
9803,1.643,9.72541666691052,118.44791666665924,
9804,2.38172,9.726250000243738,124.52874999999244,
9805,8.37857,9.72791666691063,123.50958333332584,
9806,2.45534,9.72791666691063,124.53708333332588,
9807,9.82005,9.730416663531004,125.39666666665914,
9808,4.71059,9.732083333577409,123.50958333332608,
9809,0.91209,9.73541666691085,118.47791666665944,
9810,0.615033,9.73625000024424,125.94124999999246,
9811,0.608192,9.737916666910792,125.5887499999926,
9812,18.237,9.738750000244124,123.8437499999926,
9813,10.4242,9.74000000098755,125.5854166666594,
9814,6.50205,9.741250000244406,124.46541666665917,Tanguhay River
9815,19.9313,9.74375000024429,123.51541666665923,
9816,1.58445,9.74458333357768,123.34124999999244,Matutinao River
9817,12.091,9.746250000244402,122.39958333332618,
9818,10.5596,9.747083333577564,124.57791666665912,
9819,0.437623,9.747916663533717,125.93916666665903,
9820,0.481059,9.750416666911178,124.58291666665912,
9821,0.62647,9.750416666911178,126.08624999999245,
9822,1.33741,9.751250000244568,118.49458333332586,
9823,12.8918,9.7520833335779,125.55958333332592,
9824,111.005,9.755416666911174,123.53208333332611,
9825,3.67441,9.756250000244734,126.11458333332588,
9826,160.753,9.757083333578066,122.39958333332618,
9827,20.3962,9.75958333357795,118.6920833333262,Irawan River
9828,160.835,9.760833334322854,124.48374999999248,Tanguhay River
9829,50.7241,9.762083333578232,123.150416666659,Talaptap River
9830,215.671,9.761666667656186,126.0445833333256,
9831,23.3896,9.765416666911506,126.0262499999926,
9832,13.9272,9.766250000244838,125.5129166666593,
9833,4.80188,9.767083333578228,122.39958333332618,Sipalay
9834,19.4174,9.768454571504437,123.14512215288278,Talaptap River
9835,9.65246,9.769583333578112,125.40791666665892,
9836,11.9841,9.773750000245116,118.69458333332592,Irawan River
9837,7.21993,9.775416666911669,118.70791666665946,
9838,6.28971,9.776666667657764,123.15041666665934,
9839,0.953621,9.779583333578614,123.7854166666591,
9840,35.5629,9.780416666911831,126.0020833333258,
9841,14.052,9.782083333578557,118.7204166666595,
9842,40.9533,9.78458333357861,125.42624999999236,Surigao River
9843,91.8777,9.785416666911829,125.42791666665914,Surigao River
9844,10.2281,9.788750000245445,123.34541666665903,Matutinao River
9845,5.07869,9.793750000245607,118.77374999999256,
9846,976.483,9.795000001701569,125.47916666697824,
9847,4.91749,9.799583333578935,122.39791666665906,Sipalay
9848,0.569432,9.80125000024566,123.14124999999252,
9849,6.35515,9.80125000024566,125.45874999999272,Surigao River
9850,15.0524,9.802083333579048,125.98874999999224,
9851,0.158305,9.805416666912492,123.792083333326,
9852,1.42531,9.806250000245656,123.14208333332613,
9853,31.4425,9.806250000245656,123.53958333332594,
9854,24.1609,9.807083333579214,126.14958333332572,
9855,0.195389,9.809583333579267,118.5454166666592,Tagbariri Creek
9856,1.1871,9.809166667660804,125.98291666665888,
9857,54.9517,9.810416666912658,123.36708333332592,Matutinao River
9858,13.0962,9.810000000994137,123.54458333332582,
9859,9.02244,9.810000000994137,123.79374999999231,Moalong River
9860,0.77519,9.810833334327697,124.57124999999246,
9861,1.40569,9.81333333432798,123.14291666665927,Ayungon River
9862,7.58045,9.815416666912824,122.40124999999284,
9863,7.83035,9.81791666691288,125.60624999999231,
9864,9.11651,9.818749996877555,118.75416666665944,
9865,0.116064,9.818749996877555,124.55833333332588,Carood River
9866,15.0962,9.82041666691299,122.39791666665906,
9867,55.3675,9.82041666691282,125.9762499999922,
9868,18.5058,9.826250000246318,126.14374999999256,
9869,3.02957,9.829583333579762,125.63708333332556,
9870,3.79919,9.831250000246484,125.96041666665906,
9871,14.6817,9.8325000017021,123.37333333301206,
9872,5.77064,9.833750000246368,118.74874999999258,
9873,19.2285,9.833750000246368,123.8054166666592,Moalong River
9874,9.05212,9.83625000024665,123.37374999999258,Matutinao River
9875,10.255,9.839166667663733,124.53374999999257,Carood River
9876,7.26649,9.840833334330457,126.12291666665942,
9877,0.282452,9.842916666913538,118.56874999999286,
9878,308.836,9.84583333433102,124.520416666659,Carood River
9879,1.23747,9.849583333580084,125.95124999999224,
9880,3.77661,9.850416666913418,126.10874999999248,
9881,8.04506,9.851250000246978,123.56791666665902,
9882,61.0925,9.854583333580251,126.09874999999272,
9883,1.21404,9.855416666913584,118.74458333332608,
9884,7.11431,9.856771796998371,123.57204704522916,
9885,1.79267,9.86125000024714,123.83041666665918,Moalong River
9886,12.4565,9.862083330217672,123.14999999999247,Ayungon River
9887,117.191,9.862083333580472,126.09874999999272,
9888,0.545928,9.863750000247194,126.10624999999244,Raw Water Canal
9889,2.55931,9.864583330218125,123.58166666665932,Argao River
9890,5.08157,9.865416666913744,123.3845833333262,
9891,2.85906,9.867083333580467,124.53958333332616,Carood River
9892,0.995887,9.867916666914027,125.67874999999276,
9893,65.4929,9.874583333580915,123.60458333332576,
9894,3.0858,9.8770833335808,125.93208333332564,
9895,5.63236,9.877916666914189,123.14958333332596,Ayungon River
9896,25.9603,9.877916666914189,123.39791666665906,
9897,1.18916,9.87875000024752,123.84708333332584,
9898,3.73981,9.87875000024752,123.8487499999926,
9899,3.46478,9.881250000247803,124.5637499999923,
10150,25.2095,10.258333335037833,125.628333333579,
10151,1.49436,10.262916663617773,125.173333333326,
10152,0.530304,10.263750000256948,119.2862499999926,
10153,32.2673,10.263749996951333,123.58333333332598,
10154,0.44399,10.263750000256948,125.06541666665896,
10155,0.438552,10.26541666692367,123.5837499999925,
10156,16.6054,10.26541666692367,125.16624999999226,
10157,651.373,10.267083333590222,123.87874999999268,Guadalupe River
10158,22.1869,10.267916666923554,123.3270833333262,
10159,1.42206,10.269583333590276,125.12874999999258,Himbangan River
10160,2.20215,10.270416666923836,125.15458333332572,Himbangan River
10161,1.10267,10.270416666923836,125.52624999999227,
10162,4.19075,10.271250000257169,125.12958333332564,
10164,12.4531,10.274583333590442,124.78291666665903,
10165,0.64011,10.277083333590554,125.06041666665897,
10166,40.3036,10.277916666923716,125.13458333332562,Himbangan River
10167,251.345,10.278454467897802,122.84845556295112,Tuguis River
10168,137.156,10.28125000025733,124.78541666665922,Matalom River
10169,1.29861,10.28125000025733,125.5354166666591,
10170,3.27364,10.282916666923882,119.29458333332605,
10171,330.091,10.284583330288172,123.93749999999238,Kamputhaw River
10172,0.323748,10.285416666924164,125.53208333332589,
10173,1252.56,10.286250000257496,123.8870833333258,
10174,39.7105,10.286250000257496,123.99958333332565,
10175,0.164258,10.28958333359077,123.33041666665927,
10176,0.909962,10.28958333359077,125.51958333332595,
10177,0.568831,10.290833334373986,125.05708333332586,
10178,10.718,10.292500001704354,123.5808333335741,
10179,2.30985,10.296250000257658,124.98124999999231,
10180,0.535851,10.29791666692438,125.64541666665887,
10181,0.227005,10.299583333591102,125.645416666659,
10182,3.35525,10.302083330291453,123.32749999999248,
10183,86.3638,10.302083333591211,123.91541666665898,Kamputhaw River
10184,198.416,10.302083333591211,124.79208333332576,Matalom River
10185,3.77075,10.302916663624956,118.99416666665957,Caruray River
10186,1.90195,10.30541666692443,125.04458333332582,
10187,78.1738,10.307916666924712,123.58624999999256,
10188,2.46498,10.312083333591318,125.26624999999274,
10189,0.951288,10.312916666924878,119.32374999999251,Camaran River
10190,28.4838,10.315416666924762,124.97624999999256,
10191,2.19782,10.316250000258153,125.0404166666592,
10192,1122.92,10.317083333591484,123.9337499999924,Kamputhaw River
10193,0.578458,10.320416666924755,125.55874999999251,
10194,6.68558,10.323750000258372,123.3287499999924,
10195,39.8766,10.323750000258372,124.7904166666592,Bangkerohan River
10196,4.19631,10.323750000258372,125.26458333332585,
10197,0.130991,10.323750000258372,125.5354166666591,
10198,35.2792,10.333749996963943,123.58499999999252,
10199,1.10049,10.337083333591806,119.0220833333259,
10200,1111.65,10.336666668370754,123.96000000023378,
10201,231.297,10.338750000258528,124.97374999999226,Hipgasan River
10202,385.921,10.344583333592254,124.77541666665913,Bangkerohan River
10203,13.4291,10.346250000258976,119.38208333332614,Baracbacan River
10204,1336.07,10.347916666925528,123.97458333332564,Jagobiao Creek
10205,44.9802,10.34875000025886,119.39374999999268,Baracbacan River
10206,1.57931,10.352083333592304,125.03041666665943,
10207,13.0686,10.35178778588795,125.25512224098144,
10208,0.263635,10.352916666925694,125.55708333332564,Buayahan River
10209,21.3606,10.353750000259026,123.32874999999252,
10210,67.7087,10.35791666692569,123.3295833333259,
10211,8.82647,10.360416666925914,123.61541666665936,Hinulawan River
10212,1.87822,10.362083333592636,125.0262499999924,
10213,3.01901,10.36583333503728,125.59666666642228,Buayahan River
10214,0.686264,10.36708333030333,125.0249999999926,Pandan River
10215,6.75069,10.369583333592743,119.53291666665916,Taradungan River
10216,2.93905,10.37375000025952,125.01791666665918,Subangdaku River
10217,185.156,10.37458333359291,124.73874999999248,Bangkerohan River
10218,1.09019,10.375416666926242,119.4562499999928,Dumlag River
10219,13.9945,10.375416666926242,119.46291666665934,
10220,0.924998,10.378750000259515,123.332916666659,
10221,109.478,10.381250000259795,124.9879166666592,Subangdaku River
10222,1.40369,10.381250000259795,125.00208333332569,Subangdaku River
10223,5.75595,10.381250000259795,125.00874999999223,Subangdaku River
10224,0.716117,10.38291666692652,119.13041666665949,
10225,60.2368,10.38291666692652,124.97874999999226,Subangdaku River
10226,1.21258,10.38291666692652,125.67541666665898,
10227,39.6406,10.385416666926403,125.21541666665917,Das-ay River
10228,0.1026,10.387083333593123,119.0612499999928,
10229,0.481138,10.38958333359318,125.60624999999266,Buayahan River
10230,8.87902,10.391250000259902,123.34041666665904,
10231,4.57287,10.394583333593175,125.20458333332569,
10232,0.603632,10.394583333593175,125.60708333332582,Buayahan River
10233,358.162,10.396250000260068,122.859583333326,Marayo River
10234,8.66219,10.396250000260068,123.34458333332589,
10235,374.59,10.39791666692679,122.859583333326,Marayo River
10236,0.194673,10.39958333359334,119.11958333332598,
10628,0.184975,10.992083333607866,119.3454166666595,
10629,197.094,10.994583333607975,123.23458333332576,Capayawan River
10630,198.108,10.99541666694131,122.80541666665908,
10631,20.8993,10.99791666694142,123.2137499999926,Capayawan River
10632,5.14907,10.999583333607973,124.40208333332566,Quiot River
10633,0.14677,11.000416666941303,119.3587499999926,
10634,18.4229,11.000416666941303,122.8337499999925,Barotac Viejo River
10635,18.252,11.002083333608198,124.61458333332575,Malbasag River
10636,105.537,11.002916666941417,124.6129166666592,Malbasag River
10637,28.3774,11.00625000027486,123.92708333332588,Tambongon RIver
10638,8.5876,11.009583333608076,119.3637499999927,
10639,358.95,11.011666667777092,122.04041666665944,Cangaranan River
10640,73.4205,11.01208333360836,124.57791666665912,Pagsangahan River
10641,447.577,11.012916666941749,124.59708333332594,Malbasag River
10642,0.138415,11.01458333360847,124.59708333332594,Malbasag River
10643,4.94997,11.017083333608523,119.51708333332635,
10644,66.639,11.017083333608523,125.75041666665936,
10645,172.129,11.018750000275247,122.85124999999256,Barotac Viejo River
10646,3.47811,11.023750000275244,125.03874999999243,
10647,2.10033,11.025416666941965,124.40374999999256,Quiot River
10648,28.1331,11.025416666941965,125.72874999999247,
10649,0.392589,11.02958333360874,125.03874999999243,
10650,3.99918,11.03041666694196,119.59708333332584,
10651,0.251357,11.031250000275463,122.8879166666593,Barotac Viejo River
10652,1.28924,11.032083333608853,125.76374999999234,
10653,0.441739,11.033750000275576,119.39958333332606,
10654,0.129567,11.035416666942297,119.58541666665928,
10655,4.7651,11.037083333608848,119.41541666665933,
10656,60.6346,11.042916666942348,125.7120833333256,
10657,41.3955,11.043750000275736,122.05124999999282,Cangaranan River
10658,42.6814,11.050416666942624,122.04958333332593,Cangaranan River
10659,34.9084,11.052083333609175,124.00041666665936,Polambato River
10660,10.2021,11.052083333609346,124.00208333332604,Polambato River
10661,0.508798,11.056250000276124,122.91708333332588,
10662,76.2156,11.056250000276124,124.38291666665918,Sabang River
10663,1.01316,11.066250000276284,122.92791666665926,Barotac Viejo River
10664,10.5189,11.069583333609728,119.537083333326,
10665,1.22126,11.070416666943116,122.96124999999245,
10666,13.1584,11.07458333045065,123.93666666665912,
10667,19.4719,11.074583333609894,123.984583333326,Polambato River
10668,122.834,11.076250000276616,122.042083333326,Cairauan River
10669,5.49811,11.077083333610004,122.98374999999282,
10670,23.0146,11.078750000276727,125.6845833333258,
10671,7.48751,11.08041666694328,124.38624999999227,Sabang River
10672,266.489,11.08208333361,125.03041666665943,Embarcadero River
10673,0.217707,11.083750000276892,119.60541666665928,
10674,2.18033,11.087083333610169,123.9620833333256,Polambato River
10675,3.11949,11.091249997121054,123.00666666665916,
10676,8.40951,11.091250000276943,125.67291666665903,
10677,17.3124,11.100416663789986,125.40583333332576,Balangiga River
10678,0.145364,11.10375000027716,125.24458333332586,Bolusao River
10679,1.73177,11.103333334452657,125.51458333332562,
10680,1.69713,11.10541666379106,123.96083333332592,Dagusongan River
10681,20.7613,11.10625000027727,125.02208333332578,Embarcadero River
10682,78.5266,11.107083333610603,125.38624999999251,Balangiga River
10683,8.69607,11.107083333610603,125.4795833333261,
10684,7.3948,11.107916663791856,119.42249999999274,
10685,2.90582,11.109583333610717,125.4362499999927,
10686,0.611345,11.1120833336106,124.40208333332566,Sabang River
10687,1.54986,11.113749997126432,119.42333333332613,
10688,6.64176,11.11458333361088,123.0137499999928,Nagsulang River
10689,0.800521,11.11458333361088,125.36458333332575,Balangiga River
10690,11.5262,11.115416666944045,125.47708333332582,
10691,34.6975,11.116249997127056,122.03833333332592,Cairauan River
10692,2.96739,11.117083333610765,119.50958333332608,
10693,23.8608,11.119583333611049,125.45041666665918,
10694,2.58065,11.120416666944209,125.2470833333258,Bolusao River
10695,1.22328,11.12291666694432,125.34124999999244,Lawaan River
10696,2.9353,11.12291666694432,125.57208333332574,
10697,1.80677,11.124583333611042,119.50291666665942,
10698,0.449446,11.12458332905129,125.46124999999232,
10699,20.6501,11.124583333611042,125.51791666665906,
10700,1.25898,11.125416666944377,124.40291666665917,Sabang River
10701,6.41431,11.125416666944377,125.31458333332556,Lawaan River
10702,0.831079,11.12625000287727,123.96208333280832,Dagusongan River
10703,4.5851,11.12875000027782,125.20958333332578,
10704,10.268,11.13041666694454,123.01541666665912,Gubaton River
10705,6.75576,11.13041666694454,125.26124999999264,Lawaan River
10706,0.209101,11.134166667788977,123.01541666665912,Gubaton River
10707,13.354,11.136250000278096,125.66624999999247,
10708,0.112052,11.137916663798704,119.50249999999288,
10709,1.19815,11.13958333361137,125.28374999999244,Lawaan River
10710,12.3409,11.141250000278092,125.29624999999248,
10711,30.2935,11.141250000278092,125.66291666665904,
10712,13.4051,11.141666667789764,125.29374999999276,
10713,0.381895,11.142916666944984,125.20458333332569,Bolusao River (Upstream)
10714,15.4521,11.144583333611536,122.0404166666591,Cairauan River
10715,551.452,11.145416666944868,125.01291666665918,
10716,0.864129,11.14708333361159,119.42208333332589,
10717,15.2982,11.147916663801368,125.57083333332572,
10718,72.6688,11.148750000278312,125.52958333332572,
10719,2.89923,11.150000001684871,123.0208333332256,Gubaton River
10720,36.5559,11.151250000278424,123.75958333332596,
10721,4.96745,11.152083333611756,124.39541666665946,Sabang River
10722,552.316,11.152083333611756,125.00791666665918,
10723,2.49217,11.152916666945146,125.54291666665917,
10724,552.471,11.153750000278308,125.00791666665918,
10725,11.6192,11.160416666945196,124.0362499999926,
10726,1.32305,11.160416666945196,125.19874999999264,Bolusao River (Upstream)
10727,1.73282,11.162916666945309,122.03874999999287,Cairauan River
10728,277.953,11.16375000027881,123.09624999999244,Serruco River
10729,7.91034,11.169583333611968,125.01041666665924,
10730,4.15987,11.171666667792522,123.03541666665922,Gubaton River
10731,19.1631,11.17208333361225,123.71624999999244,
10732,0.630178,11.174583333612134,125.19458333332568,Bolusao River (Upstream)
10733,2.878,11.176250000278856,125.67708333332588,
10734,207.056,11.177916666945578,125.0154166666589,Binog Creek
10735,5.02927,11.178750000279138,124.037083333326,
10736,10.3219,11.180954271253256,123.78928904193378,
10737,1.27299,11.180833335016928,125.5883333332314,
10738,1.05903,11.181250000279022,125.59041666665917,
10739,0.437163,11.182083333612413,125.55791666665914,
10740,15.908,11.182916666945744,119.53874999999266,Dewil River
10741,3.83947,11.183333335016812,125.19499999989876,Bolusao River (Upstream)
10742,0.298589,11.185833335016753,122.03500000008567,
10743,14.4714,11.192083333612572,125.1895833333258,Bolusao River (Upstream)
10744,1.96034,11.1929166638119,125.61416666665924,
10745,7.49527,11.193750000279463,124.38541666665937,Abijao River
10746,45.7746,11.200416666946351,125.61458333332575,
10747,3.27895,11.205416666946348,119.41291666665929,
10748,5.50209,11.20625000027968,125.53708333332564,
10749,40.7767,11.207916666946405,124.03874999999256,San Pedro River
10750,6.78382,11.209583333613123,123.70041666665952,
10751,10.6119,11.212083333613236,123.76791666665906,
10752,8.03172,11.21458333361312,125.18208333332564,
10753,7.30281,11.215833334463696,124.39041666665946,Hamindangon River
10754,429.821,11.216250000280011,125.0079166666594,Mangonbangon River
10755,11.4197,11.215833334463696,125.1804166666592,
10756,62.1189,11.217916666946564,122.04874999999254,
10757,0.494269,11.217916666946564,125.53374999999257,
10758,4.54766,11.218750000279954,123.1029166666592,Serruco River
10759,37.7253,11.22291666694673,122.05124999999282,Dalanas River
10760,0.125995,11.224166668348346,119.55499999990708,Dewil River
10761,4.55973,11.224583333613452,125.6170833333258,
10762,10.0464,11.232916666947062,123.6945833333258,
10763,11.7767,11.234583333613784,125.17624999999224,Tunod-Sirak River
10764,2.99855,11.237916666947228,119.42208333332589,
10765,0.379505,11.24041666694717,124.40291666665917,Hamindangon River
10766,33.5677,11.241250000280502,125.54124999999247,
10767,60.4246,11.244583333613946,122.04958333332593,
10768,38.0403,11.24791666694739,123.99791666665908,San Pedro River
10769,47.8819,11.24791666694739,125.542083333326,
10770,10.1162,11.252083333614223,125.54374999999254,
10771,113.742,11.253750000280943,124.9837499999926,Mangonbangon River
10772,11.6127,11.255416666947667,123.71041666665928,
10773,9.39599,11.25625000028083,122.05124999999282,Dalanas River
10774,5.75023,11.259061795953016,125.16371346197197,Basey River
10775,27.0398,11.262083333614328,124.38958333332562,
10776,4.01026,11.263333335013272,125.16000000007055,
10777,33.6734,11.26458333361461,124.97041666665903,Mangonbangon River
10778,2.03859,11.26624999716313,119.56416666665928,
10779,2.06633,11.26625000028116,124.05791666665914,
10780,26.438,11.268750000281216,125.55791666665937,
10781,15.7667,11.269583333614603,122.04874999999254,Dalanas River
10782,2.72481,11.270416666947938,124.01458333332596,San Pedro River
10783,3.2373,11.278750000281375,125.14541666665912,
10784,139.45,11.2804166669481,125.10041666665904,Basey River
10785,4.07719,11.2804166669481,125.14291666665906,Basey River
10786,13.1858,11.28166666780328,122.03874999999287,Dalanas River
10787,28.3226,11.28208333361482,125.08208333332584,Basey River
10788,114.609,11.283750000281543,125.07708333332585,Basey River
10789,6.57993,11.287083333614817,125.58208333332595,
10790,3.40327,11.292916666948544,124.96541666665917,Tigbao River
10791,19.7605,11.293750000281705,124.64708333332612,Lindog River
10792,0.893287,11.293750000281705,124.97958333332576,
10793,12.4113,11.296250000281988,124.39124999999228,11/13/2013 Digitized stream/river
10794,81.3451,11.297916666948538,124.6654166666592,Lindog River
10795,57.4333,11.29875000028187,122.02791666665917,Tibiao River
10796,8.21403,11.29958333361526,124.38208333332592,11/13/2013 Digitized stream/river
10797,7.1648,11.300000001138471,124.6320833333258,
10798,341.526,11.302916666948704,124.6904166666593,Lindog River
10799,9.15297,11.30541666694876,124.58624999999232,Leyte River
11617,16.4032,12.867083333653795,123.99708333332592,
11618,27.6483,12.867916666987128,123.94291666665902,Cadacan River
11619,446.522,12.867916666987128,123.9920833333257,
11620,35.0617,12.871250000320572,121.48624999999264,
11621,76.1505,12.872916666987294,124.1412499999924,Ariman River
11622,32.6923,12.875416666987237,124.00624999999252,Cadacan River
11623,3.8385,12.876250000320567,124.01624999999262,Cadacan River
11624,0.565348,12.877083333653957,123.17791666665914,
11625,17.616,12.879583333654011,123.76374999999246,
11626,64.2241,12.883749997670291,123.7158333333258,Putiao River
11627,42.0197,12.8862500003209,120.78458333332584,Pandan River
11628,17.7632,12.887083333654289,124.02458333332572,Cadacan River
11629,5.58309,12.892083333654227,124.12791666665908,Ariman River
11630,39.8911,12.892916666987787,121.4829166666591,
11631,19.9731,12.89458333365451,123.69624999999236,
11632,2.50141,12.8954166669879,124.02874999999256,Cadacan River
11633,9.18828,12.897083333654392,123.61958333332564,Donsol River
11634,7.82897,12.900416666988065,123.60624999999254,
11635,78.3961,12.902916666987949,124.11874999999247,
11636,4.09952,12.905416666988003,123.24458333332598,
11637,467.476,12.905416664345523,123.59249999999248,Donsol River
11638,78.1169,12.906250000321563,120.78374999999266,Pandan River
11639,1.59451,12.906250000321393,123.22541666665916,
11640,0.792612,12.908750000321277,123.20874999999262,
11641,118.137,12.909583333654837,124.0329166666595,
11642,7.33016,12.91041666698817,124.11708333332592,
11643,39.5347,12.91125000032156,121.48541666665916,Banus River
11644,0.459807,12.91208333365472,123.12541666665923,
11645,11.5206,12.917083333655055,123.66374999999266,Putiao River
11646,4.87686,12.92125000032189,123.17708333332588,
11647,1064.9,12.92125000032172,123.68208333332586,Putiao River
11648,6.71866,12.923333334630684,124.0412499999926,
11649,19.4244,12.931250000322052,120.78374999999266,Pandan River
11650,33.93,12.930833334854585,124.13083333366605,Ariman River
11651,176.329,12.932083333655385,124.13458333332584,Ariman River
11652,8.81345,12.935416666988658,120.78208333332576,Pandan River
11653,35.4298,12.936666668187058,124.04166666631728,
11654,10.5976,12.942916666988936,123.10791666665932,
11655,0.221689,12.943333334632769,121.7137499999926,
11656,56.1394,12.944583333655656,124.03958333332582,Sorsogon River
11657,119.666,12.94583333463288,123.8779166666592,
11658,1.68826,12.9479166669891,123.16124999999272,
11659,49.4302,12.948750000322264,121.49708333332605,Balete River
11660,6.34219,12.949583333655651,123.53791666665904,Sibagu River
11661,24.7325,12.949583333655651,123.55124999999248,Donsol River
11662,35.2931,12.950000001299998,123.52291666665906,Sibagu River
11663,12.8174,12.95625000032254,123.9604166666594,
11664,1.55842,12.957083333656044,123.0937499999926,
11665,98.3549,12.958750000322766,124.0329166666595,Sorsogon River
11666,3.74074,12.961250000322709,123.98041666665904,Sorsogon River
11667,31.5806,12.961250000322709,123.984583333326,Sorsogon River
11668,6.40884,12.96208333365604,122.06624999999237,Yungkadan River
11669,19.9982,12.962916666989427,121.49458333332598,
11670,7.54491,12.962916666989427,123.09041666665917,
11671,95.9961,12.964583333656153,123.93791666665902,
11672,41.6681,12.965416666989654,123.9962499999923,Sorsogon River
11673,92.4556,12.965416666989654,124.0012499999923,Sorsogon River
11674,69.5124,12.967083333656204,124.03041666665922,Sorsogon River
11675,18.0152,12.968750000322927,124.1412499999924,
11676,288.554,12.969583333656317,124.00958333332574,
11677,6.665,12.972083333656371,124.1412499999924,
11678,11.3956,12.976250000322976,123.90458333332585,
11679,19.1718,12.977500001514272,123.88416666701356,
11680,6.49172,12.9779166669897,123.910416666659,
11681,52.0763,12.97833333463609,120.7670833333258,Amnay River
11682,0.916017,12.97875000032326,123.92374999999276,
11683,18.6624,12.982916664375978,121.490833333326,Balete River
11684,8.44933,12.982916666989864,124.14208333332569,
11685,16.816,12.990416666990145,121.4879166666592,
11686,5.21218,12.990416666990145,123.47958333332588,
11690,48.7498,13.002083333657197,120.7620833333258,
11691,0.245716,13.002083333657197,123.1362499999924,
11692,26.8993,13.002500001510498,124.08499999963044,Mecawayan River
11693,21.883,13.00458333365708,124.07541666665897,
11694,1.15137,13.007083333657192,124.09124999999244,Mecawayan River
11695,31.1196,13.007083333657192,124.16291666665904,
11696,9.49913,13.008750000323914,121.48541666665916,
11697,2.84097,13.008750000323914,123.00874999999246,
11698,1.09749,13.011250000323969,123.32791666665923,
11699,0.345082,13.01291666699052,123.3345833333259,
11947,0.496096,13.472083333668706,123.12291666665932,
11948,0.223322,13.472916667001869,120.80291666665936,
11949,1.58849,13.474583333668818,120.97208333332584,
11950,10.3289,13.474583333668818,121.83041666665906,
11951,0.810691,13.474583333668818,123.1170833333258,
11952,36.3049,13.477083333668872,122.62458333332596,
11953,17.1063,13.478750000335424,122.05874999999251,
11954,1.97533,13.479583333668756,120.82208333332596,Camurong River
11955,102.344,13.479583333668756,122.0695833333258,
11956,19.6367,13.479583333668756,123.65874999999232,
11957,33.5637,13.479583333668756,123.66374999999266,
11958,4.31869,13.484583333668922,120.83624999999245,Camurong River
11959,4.47334,13.485416667002312,120.96291666665934,
11960,0.12698,13.486250000335644,120.8595833333262,Camurong River
11961,0.163362,13.488333334761537,120.64416666718296,Santo Tomas River
11962,2.41243,13.488750000335926,123.63208333332568,
11963,1.41703,13.4904166695041,120.95958333332578,
11964,75.4007,13.49125000033581,122.04791666665916,
11965,0.587007,13.492916667002532,120.33624999999267,
11966,22.2605,13.493750000336092,123.62124999999264,
11967,0.940718,13.496250000335976,120.60208333332594,
11968,15.9732,13.496250000335976,123.07208333332574,
11969,0.166937,13.497916667002698,120.59124999999268,
11970,1.3518,13.49958333366942,120.8879166666594,
11971,128.174,13.50041666700264,121.844583333326,
11972,3.49956,13.500000001354351,123.06291666665912,
11973,2.47671,13.501250000335972,120.89791666665916,
11974,1.32828,13.504583333669586,120.55458333332604,Mananao River
11975,0.931728,13.505416667002804,122.60124999999243,
11976,9.56479,13.507083333669527,120.93208333332608,
11977,63.1602,13.50875000033625,123.0462499999926,
11978,0.745773,13.50875000033625,123.61041666665938,
11979,2.31777,13.510416667002971,122.40708333332589,
11980,5.27851,13.514166668089842,122.02666666719188,
11981,1.17231,13.51625000033647,123.017083333326,
11982,0.118893,13.51875000033658,120.45291666665912,
11983,44.4561,13.519583333669914,123.01041666665937,
11984,9.74005,13.519583333669914,124.1962499999928,Pajo River
11985,32.5159,13.520416664604852,123.60166666665909,
11986,0.170025,13.521250000336464,122.98374999999282,
11987,7.31364,13.522083333669856,123.60124999999256,
11988,3.5121,13.523750000336747,121.99541666665937,
11989,0.319708,13.523750000336747,122.59208333332616,
11990,47.3334,13.52458333366991,122.40208333332588,
11991,2.76973,13.52541666700347,121.97374999999238,
11992,2.12519,13.52708333367002,121.91791666665928,
11993,3.67141,13.532083333670188,121.86458333332575,
11994,21.0167,13.532083333670188,124.17791666665904,
11995,0.216034,13.537083333670353,122.00541666665912,
11996,19.5911,13.537083333670353,124.16874999999276,Pajo River
11997,9.57728,13.54125000033713,122.96208333332596,
11998,0.110914,13.542083333670348,122.57124999999246,
11999,6.22451,13.54375000033707,123.5837499999925,
12000,0.564672,13.546249997949872,122.56833333332588,
12001,20.1101,13.547916667004015,124.1579166666594,Pajo River
12002,22.5263,13.548750000337236,122.36374999999248,
12003,1.30903,13.55125000033729,122.9487499999924,Hararom
12004,0.658586,13.554583331287064,123.55166666665912,
12005,8.53217,13.55791666700435,123.54291666665928,Sagñay River
12006,152.386,13.557916664621928,124.20916666665914,
12007,3.49631,13.5608333347476,122.5641666672085,
12008,25.9151,13.567083333671178,124.2204166666595,Pajo River
12009,1.83227,13.574583333671228,124.13791666665908,Pajo River
12010,215.983,13.57541666700456,124.22708333332572,Pajo River
12011,2.29794,13.57625000033795,122.33791666665924,Catanauan River
12012,1.69039,13.575833334695176,123.530416666659,Sagñay River
12013,2.72225,13.580416667004556,122.55541666665908,
12014,65.6177,13.581666668029015,124.2337499999926,
12015,59.2174,13.584166668029468,122.33124999999244,Catanauan River
12016,0.114957,13.584583331300848,124.31583333332584,Bato River
12017,6.3536,13.586250000338111,124.11458333332564,
12261,79.8739,13.890416667012405,123.70291666665923,Cagbanilad River
12262,0.630468,13.890416667012405,123.73958333332564,
12263,21.3197,13.892083333679125,121.87708333332604,
12264,1.12852,13.892916667012456,123.60874999999248,Sipaco River
12265,0.434688,13.89541666701234,122.61541666665904,
12266,69.8398,13.8962500003459,122.23541666665916,
12267,213.413,13.8962500003459,122.59041666665904,Sabang River
12268,42.9451,13.8962500003459,124.36458333332598,Oco River
12269,7.12345,13.897916667012623,122.45541666665918,
12270,0.604558,13.898750000346013,122.60624999999254,Sabang River
12271,1.46727,13.900416667012736,122.22041666665903,
12272,0.353496,13.900416664785666,124.14416666665932,Bocan River
12273,17.3218,13.901250000346067,120.88124999999252,Pansipit River
12274,13.6445,13.901250000346067,121.849583333326,Yawe River
12275,158.083,13.901250000346067,124.32291666665937,
12276,12.5518,13.902083333679457,120.62374999999248,
12277,1459.47,13.90291666701279,121.61708333332626,
12278,7.87305,13.90291666701279,121.8337499999925,
12279,5.86019,13.90291666701279,122.2104166666594,
12280,31.514,13.904583333679511,120.87208333332605,Pansipit River
12281,4.01291,13.904583331454432,124.31749999999238,
12282,1.803,13.9054166670129,123.0887499999924,
12283,15.2581,13.905416664788332,123.29666666665923,Aragon River
12284,0.217366,13.906250000346065,122.2054166666594,
12285,60.0795,13.907083333679395,123.5804166666594,Sipaco River
12286,1290.58,13.909583333679675,121.63458333332596,Dumacaa River
12287,0.87276,13.909583333679675,124.3570833333256,Oco River
12288,16.3159,13.91010427755458,120.84795377057128,Calaca River
12289,1.47862,13.910416667013068,121.74374999999247,
12290,0.664991,13.911249998124331,122.56583333332584,Sabang River
12291,32.3771,13.91291666701295,121.6537499999929,Dumacaa River
12292,51.9005,13.91291666701295,122.13624999999264,Gumaca River
12293,1.02409,13.91291666701295,123.09124999999244,
12294,0.730647,13.913750000346283,122.56541666665908,Sabang River
12295,86.1411,13.913750000346283,124.31291666665902,Oco River
12296,11.5595,13.914583333679673,122.16541666665955,
12297,2.64644,13.914583333679673,123.30624999999236,Aragon River
12298,1.20691,13.914583331459426,123.49583333332578,Olas River
12299,7.27027,13.91416666806208,123.52041666665924,Sipaco River
12300,15.406,13.91416666806208,124.32291666665937,Oco River
12301,4.12925,13.915416667013004,122.1270833333258,Gumaca River
12302,1.19965,13.915416667013004,122.18291666665937,
12303,1.39135,13.91541666479327,122.44083333332594,Vinas River
12304,21.553,13.91541666479327,124.31166666665932,
12305,47.6417,13.916250000346396,120.83041666665927,Calaca River
12306,1.53138,13.917916667013117,120.70374999999284,Binambang River
12358,3.8259,13.945833334667498,123.40833333263242,
12359,28.8162,13.947916667013942,121.7904166666591,Malicboy River
12360,9.83042,13.947916667013942,121.8062499999928,
12361,5.1355,13.94833333473241,122.22124999999257,
12362,15.5888,13.948750000347276,122.41791666665904,Kabugwan River
12363,0.296152,13.948750000347276,123.31791666665902,
12364,2.13434,13.949583333680494,123.08458333332578,
12365,47.134,13.951250000347216,121.68958333332604,Pagbilao River
12366,168.214,13.951250000347216,122.422083333326,Kabugwan River
12367,1.05278,13.952916667014108,122.21208333332572,
12368,3.6023,13.956249998146973,122.01916666665932,
12369,0.340067,13.956250000347382,124.3454166666594,
12370,0.578121,13.957916667014103,121.76541666665936,Malicboy River
12371,99.8725,13.958750000347436,122.2812499999926,Calauag River
12372,1.01437,13.958749998148503,123.26749999999264,
12373,1.12995,13.959583333680824,123.32624999999234,
12374,3.00926,13.960416667014158,122.54041666665933,Cabatbatan River
12375,0.741168,13.960416667014158,123.66708333332576,
12376,21.7244,13.961250000347547,122.27041666665924,Pandanan River
12377,0.128579,13.961250000347547,123.41291666665916,
12378,6.3256,13.96124999814964,124.28249999999264,Paday River
12379,0.869742,13.96208333368088,121.70624999999268,Pagbilao River
12380,0.138195,13.961215322918576,121.7640607226556,Malicboy River
12381,16.0624,13.96208333368088,123.34041666665928,
12382,53.309,13.962395734765096,122.52962045140475,
12383,1.16756,13.962500001400429,123.25291666665942,
12384,15.9189,13.964583333680991,122.53541666665932,Cabatbatan River
12385,54.4553,13.966250000347712,122.30374999999242,Calauag River
12386,2.16817,13.966249998152136,124.13333333332582,Bagnon River
12387,3.31291,13.967083333681046,123.24458333332576,
12388,7.31599,13.968750000347768,120.6254166666596,
12389,18.4694,13.968750000347768,121.74874999999248,Malicboy River
12390,26.981,13.97041666701432,121.71791666665956,Pagbilao River
12391,1.1,13.971250000347707,122.19291666665936,
12392,8.58824,13.97208333368104,123.08708333332572,
12393,11.6547,13.97208333368104,124.280416666659,Paday River
12394,0.345678,13.97208333368104,124.32541666665908,
12395,1.15894,13.9729166670146,122.23541666665916,Pandanan River
12396,3.4192,13.973750000347934,123.3387499999925,
12397,6.36333,13.974583333681323,120.63041666665936,Bagbag River
12398,7.31586,13.977916667014595,123.08374999999262,
12399,76.1373,13.982083333681372,121.96458333332588,
12400,3.1296,13.981770926417424,123.40037954569414,
12401,2.90902,13.982083331493412,124.13166666665929,
12402,21.9824,13.982916667014765,121.96124999999267,
12403,1.17948,13.991250000348144,123.39541666665912,
12404,7.27515,13.992500001403188,123.05791666665914,
12405,0.192847,13.992916667014867,123.23458333332565,
12406,1.92059,13.99500000140364,122.2995833333257,River East
12407,4.14628,13.996250000348311,124.27874999999244,Paday River
12408,0.262746,14.002083333681869,123.25791666665953,Togo River
12409,30.983,14.0029166670152,123.0495833333258,
12410,141.31,14.00541666701531,121.91874999999266,Atimonan River
12411,20.7771,14.007083333682203,124.13624999999251,
12412,2.90089,14.007916667015197,123.3579166666591,
12413,3.20732,14.009583333682087,122.14958333332618,
12414,4.10523,14.009583333682087,123.26291666665952,Togo River
12415,36.7729,14.01125000034881,123.26458333332585,Togo River
12416,1.22172,14.012916667015531,122.32041666665918,River East
12417,0.630172,14.01333333473866,122.3045833333258,River East
12418,0.501819,14.01333333473866,124.2662499999924,
12419,5.25903,14.017916667015696,123.34458333332589,
12420,5.79535,14.018750000348916,122.13624999999264,
12421,23.2494,14.020000001317214,124.25916666593662,
12422,6.05654,14.021249998180224,122.12666666665928,
12423,8.29003,14.022916667015863,122.31208333332576,Tabogon River
12424,1.04774,14.023750000349082,123.34541666665903,
12425,8.592,14.026250000349137,123.03624999999283,
12426,12.407,14.027083333682526,122.12041666665948,
12427,0.728497,14.02791666701586,121.89374999999268,Atimonan River
12428,0.14463,14.03041666701597,121.8912499999924,Atimonan River
12429,2.89112,14.03041666701597,122.18041666665933,
12430,0.309754,14.03041666701597,123.27041666665924,Togo River
12431,1.16266,14.032916667016025,122.17958333332616,
12432,4.15915,14.032916667016025,123.27958333332572,Togo River
12433,2.41853,14.034583333682576,123.27958333332585,Togo River
12434,3.62162,14.037083333682858,123.35208333332594,
12435,43.4254,14.03875000034958,124.2520833333258,
12436,0.741202,14.039583333682742,123.31624999999246,Togo River
12437,1.4891,14.041250000349464,122.17374999999254,
12438,2.74826,14.045416667016298,122.09624999999288,
12439,0.461622,14.04625000034963,121.87708333332604,Atimonan River
12440,2.73734,14.047916667016352,124.13541666665937,
12441,108.798,14.049583333683074,123.02958333332596,
12442,12.682,14.050416667016464,123.27708333332612,Togo River
12443,13.492,14.050416667016464,124.15874999999257,
12444,64.4802,14.051250000349796,124.16791666665904,
12445,0.353533,14.051250000349796,124.24708333332568,
12446,160.531,14.052916667016518,120.6254166666596,Utud River
12447,623.133,14.05541666701646,120.6254166666596,Utud River
12448,9.47298,14.055833334742886,122.08208333332573,
12449,4.27314,14.05708333368318,121.86374999999282,
12450,0.356346,14.056666668076277,122.15791666665928,
12451,0.144833,14.05708333368318,123.02958333332596,
12452,23.9705,14.058750000349905,124.23624999999264,
12453,0.16603,14.062083333683349,124.18624999999248,
12454,8.31769,14.064583333683572,124.18708333332576,
12455,1.08938,14.065416667016564,124.18874999999252,
12456,6.26496,14.06583333463982,122.14333333258492,
12457,0.531004,14.068749998204568,122.13833333332616,
12458,1.14146,14.069583333683568,121.8479166666591,
12459,6.90535,14.069583333683568,124.22541666665916,
12460,0.34982,14.07125000035012,122.23541666665916,Talingting River
12461,16.1542,14.072916667017012,122.05458333332604,
12462,0.409188,14.077083333683843,121.83541666665906,
12463,31.735,14.07666666807836,122.04958333332593,
12464,0.941104,14.078333334745082,122.22708333332572,
12465,10.7189,14.079583333683727,124.21541666665917,
12466,2.30262,14.080416667017287,122.1329166666593,
12467,160.89,14.08333333474559,120.62124999999251,Utud River
12468,2.50966,14.083750000350506,122.21124999999256,
12469,0.689497,14.090416667017394,122.11874999999236,
12470,1.59009,14.097083333684282,122.10624999999266,
12471,41.1993,14.097083333684282,122.30708333332586,Tabogon River
12472,0.738413,14.099583333684391,122.30291666665926,Tabogon River
12473,1542.05,14.099583331554015,123.00916666665944,Basud River
12474,6.60458,14.101250000351117,123.00874999999246,Basud River
12475,0.640373,14.103750000351,122.1904166666593,
12476,1.99827,14.103750000351,122.31208333332576,Tabogon River
12477,11.9281,14.104583333684388,121.79791666665938,Santa Lucia River
12478,83.1617,14.108750000350994,122.00124999999252,
12479,23.0312,14.111250000351276,121.98791666665907,
12480,0.806736,14.111250000351276,123.02291666665906,Daet River
12481,1.79243,14.113750000351333,122.34291666665932,
12482,14.064,14.113333334628976,122.3466666674194,
12483,11.0296,14.11541666489552,122.34749999999268,
12484,0.418531,14.11583333474897,122.07374999999286,
12485,1.52894,14.116250000351442,122.30708333332586,Tabogon River
12486,0.405678,14.117916667018164,120.6204166666596,Looc River
12487,0.692422,14.118750000351495,122.28208333332576,Tabogon River
12488,17.8682,14.121250000351438,122.27374999999267,Talingting River
12489,105.17,14.12208333368477,121.77291666665906,Santa Lucia River
12490,0.301025,14.12208333368477,122.17791666665926,
12491,0.916861,14.12291666701833,122.35041666665929,Tabogon River
12492,2.51134,14.123750000351665,122.99041666665914,Daet River
12493,2.26868,14.125416667018214,121.97458333332588,
12494,1.28675,14.129583331569563,122.3516666666593,
12495,0.737534,14.13041666701838,121.76374999999268,Balaybalay River
12496,0.985691,14.13125000035177,121.75874999999246,Balaybalay River
12497,0.219368,14.134583333685214,122.04791666665916,
12498,0.830805,14.135416667018546,120.59458333332611,Looc River
12499,33.6583,14.135416667018546,122.35374999999247,
12500,6.36541,14.137916667018658,121.9637499999925,
12501,2.31134,14.141250000352102,122.35124999999266,
12502,0.864024,14.144583331577678,120.60999999999274,Looc River
12503,5.69005,14.145416667018878,122.19041666665908,
12504,1.2012,14.146250000352268,121.95708333332584,
12505,5.5037,14.14708333157887,122.26749999999254,
12506,6.12906,14.14708333368543,122.97041666665903,Daet River
12507,34.2185,14.151250000352434,122.34124999999268,
12508,197.407,14.152083333685596,122.9637499999925,Daet River
12509,0.156902,14.153750000352318,122.26791666665918,Talingting River
12510,92.6298,14.154583333685707,120.606249999993,
12511,2.18686,14.158750000352484,121.94708333332608,
12512,0.394914,14.165416667019372,122.18958333332591,
12513,125.176,14.168750000352643,121.73541666665948,Balaybalay River
12514,1.62931,14.1712500003527,122.25958333332596,
12515,2.07319,14.174583333686144,121.93791666665923,
12516,145.701,14.177916667019588,121.73208333332605,Balaybalay River
12517,0.74959,14.17958333368614,122.20624999999256,
12518,0.164364,14.182916664931328,122.245833333326,
12519,2.32211,14.183750000352973,120.61041666665938,
12520,8.38274,14.183750000352973,122.24208333332592,
12521,1.08173,14.186250000353198,122.35374999999247,
12522,1.07759,14.186666668089288,121.98541666665938,
12523,2.83262,14.188749998267497,122.3566666666593,
12524,16.4449,14.191250000353191,122.93291666665924,San Vicente-Talisay River
12525,9.62582,14.192083333686584,121.92541666665932,
12526,5.73281,14.202916667020247,122.3620833333258,
12527,0.628143,14.20625000035352,121.74958333332609,Balaybalay River
12528,0.657056,14.21124999827964,121.91999999999268,
12529,1216.04,14.212083333687076,122.92124999999236,Vinzons River
12530,22.1464,14.213749998281116,122.38083333332588,
12531,1.24109,14.220416667020686,120.62041666665937,Tabe River
12921,0.896599,16.127083333735527,121.91541666665955,Bugayong
12922,1.44592,16.127916667068916,121.88958333332572,Bungo River
12923,3.1773,16.12958333373541,121.89958333332584,Bungo River
12924,0.265024,16.12958333373541,121.93874999999264,Bugayong
12925,0.636462,16.133750000402415,121.95124999999268,Bugayong
12926,0.899375,16.135416667068966,121.95374999999274,Bugayong
12927,9.04838,16.1362500004023,120.09291666665943,Telbang River
13168,0.135033,20.74708333385678,121.85708333332605,
13287,1.95966,1.8779166667253548,104.10791666666046,Sg Gembut
13288,0.1125,1.885416666725576,102.67541666666052,Sungai Belukang
13303,138.526,2.167916663227345,102.30833333332724,Sungai Umbai
13304,120.673,2.1795833333991936,102.27708333332708,Malacca River
13305,995.888,2.18458333339936,102.2562499999936,
13306,12.9246,2.215416666733347,102.20291666666066,Malacca River
13307,52.0982,2.2204166667333425,102.18208333332716,Sungai Lereh
13308,98.3971,2.221250000066675,102.17624999999362,Sungai Lereh
13309,3.85379,2.3104166667354207,102.07541666666047,Sungai Baru
13310,3.19608,2.340416666736246,102.05958333332715,Sungai Baru
13311,0.190054,2.3470833334029635,103.91708333332718,Sungai Jemaluang
13312,138.574,2.356250000069906,102.03291666666053,Sungai Baru
13313,0.874092,2.3870833334039503,103.87791666666028,Sungai Jemaluang
13314,1274.15,2.390416666737224,101.97541666666037,Linggi River
13315,3.38052,2.395000000293237,103.87124999999378,Sungai Jemaluang
13316,2.74783,2.4029166667376103,101.96374999999388,Linggi River
13317,10.1996,2.422916666738104,101.90624999999376,Sungai Menyala
13318,0.550523,2.437119459411236,103.8384388520618,Sungai Mersing
13319,10.9201,2.457916667251368,103.82958333332716,Sungai Mersing
13320,19.8751,2.4820833298954312,103.81999999999368,
13321,1.64355,2.4929166667396885,103.81791666666044,Sungai Siapu
13322,57.4722,2.5587500000744967,101.79708333332718,Sungai Lukut Kechil
13323,84.6314,2.5704166667415507,101.7962499999938,Sungai Lukut Kechil
13324,5.37451,2.577916666741657,101.79291666666036,Sungai Lukut Kechil
13325,195.114,2.5962500000755995,101.7120833333272,
13326,0.589754,2.5962500000755995,101.7729166666606,Sungai Lukut Besar
13327,0.699198,2.607916666742483,103.77458333332726,Mawar River
13328,0.190672,2.6145833334092003,101.67708333332706,Sungai Sepang
13329,0.255954,2.6229166667428103,101.65624999999376,
13330,0.700134,2.632916666742915,101.6229166666604,
13331,0.148647,2.632916666742915,103.7320833333269,Triang Kecil River
13332,0.129873,2.636250000076359,101.60208333332707,
13333,2.03836,2.648750000076632,101.58624999999392,
13334,6.58878,2.6529166667434083,101.57624999999376,
13335,2.84868,2.6529166667434083,103.67874999999378,Sungai Tekedai
13336,325.12,2.65541666674352,103.61708333332716,Sungai Endau
13337,27.4546,2.6562500000768523,101.56041666666044,Sungai Kundang
13338,2.23087,2.658750000076964,103.6504166666602,Sungai Endau
13339,23.9244,2.6604166667436857,103.61458333332712,Sungai Endau
13340,1.43908,2.6716666669859706,101.52458333332696,Sungai Kundang
13341,0.595437,2.682083333410901,101.49958333332722,
13342,0.476038,2.7287500000785485,101.45458333332716,Sungai Morib
13343,2.80496,2.7337500000787145,103.56041666666022,Sungai Anak Endau
13344,2.60501,2.735000000325158,103.55874999999368,Sungai Anak Endau
13345,7.21824,2.7595833334125928,101.43624999999378,Sungai Morib
13346,10.9997,2.7633333336610235,103.52208333332686,
13347,30.935,2.7662500000794807,103.52041666666032,
13348,0.125257,2.7912500000799128,104.20291666666026,
13349,2829.21,2.8045833334136887,101.4112499999938,Langat River
13350,1.08277,2.805416666747078,101.40041666666065,Sungai Ayer Hitam
13351,5.44734,2.8162500000807427,103.4854166666604,Sungai Rompin
13352,110.728,2.819583333414016,103.48041666666025,Sungai Rompin
13353,0.572601,2.828750000080845,101.33291666666037,
13354,0.157568,2.8729166667486083,101.28541666666058,
13355,0.218574,2.9020833334158738,101.37624999999387,Sungai Langat
13356,9.27502,2.906250000082707,101.37874999999376,
13357,9.47854,2.97541666675113,101.32374999999394,
13358,0.677305,2.979583333417736,101.33458333332726,Sungai Labohan Gurap
13359,0.252333,2.9804166667511254,101.33624999999398,Sungai Labohan Gurap
13360,452.325,2.997083333418118,101.3929166666606,Sungai Labohan Gurap
13361,12816.0,3.00291666166612,101.38874999999376,
13362,3.94508,3.009583333418391,103.4337499999936,Sungai Mercung
13363,27.1214,3.017083333418612,103.4337499999936,Sungai Mercung
13364,155.365,3.050105898975005,101.36121444543198,Klang River
13365,17.6189,3.077916666753424,101.3554166666604,Sungai Kapar Kechil
13366,67.4997,3.130416666754684,101.31374999999396,
13367,35.485,3.136666667029317,103.44624999999388,
13368,4.96137,3.154583333421783,101.30874999999396,
13369,4.15089,3.172916666755725,101.30791666666062,Sungai Janggut
13370,4.90693,3.1829166667558866,101.30708333332706,Sungai Janggut
13371,8.2644,3.2120833334233225,101.3054166666605,Sungai Janggut
13372,2.75232,3.2370833334238114,101.29958333332736,
13373,6.33637,3.241250000090588,103.44291666666044,Sungai Ulu Tering
13374,675.637,3.255416666757583,101.29958333332736,Buloh River
13375,6.55798,3.267916666757799,101.28874999999364,Buloh River
13376,2.66971,3.27041666675791,103.43624999999388,Sungai Nibong
13377,3.96229,3.290000000376949,101.27291666666032,Buloh River
13378,2.43041,3.295416666758342,103.43041666666034,Sungai Nibong
13379,2.79703,3.303750000091952,103.4287499999936,Sungai Nibong
13380,1246.79,3.3379166667594404,101.2329166666604,Sungai Selangor
13381,1.72182,3.339583333426333,103.42374999999384,Sungai Nibong
13382,4.02811,3.3570833334265444,103.42374999999384,
13383,0.222998,3.3712500000934824,103.42458333332718,
13384,1.22071,3.388750000094092,101.17708333332718,
13385,1.01493,3.391250000093976,103.42708333332688,Sungai Paloh Laut
13386,168.075,3.397083333427531,101.1679166666604,
13387,4.13146,3.4262500000947966,103.43458333332715,Sungai Nibong
13388,0.938432,3.4475000003918126,101.1320833333271,
13389,222.903,3.5045833334299914,101.09374999999392,
13390,0.135387,3.512916666763431,103.4662499999938,Pahang River
13391,618.018,3.5162500000970454,103.44458333332716,Pahang River
13392,618.021,3.5170833334304348,103.44624999999373,Pahang River
13393,1.57778,3.523750000097152,103.44624999999373,Pahang River
13394,1.58335,3.579583333431799,103.42041666666056,
13395,2.82617,3.5854166667652976,103.41541666666058,Pahang Tua River
13396,0.4273,3.606250000099181,103.3987499999937,Pahang Tua River
13397,25.9536,3.611250000099176,101.04124999999397,Sungai Nipah
13398,3.24735,3.611249996565277,103.39083333332712,Penor River
13399,0.272466,3.645416666766778,103.36958333332694,Penor River
13400,11.6338,3.648749996565471,103.36499999999364,Penor River
13401,36.2484,3.651249996565354,101.00166666666036,Sungai Haji Dorani
13402,55.434,3.6612500001004378,100.98874999999384,Sungai Haji Dorani
13403,76.51,3.670416666767266,100.9770833333273,Sungai Besar
13404,0.543492,3.682916666767482,103.34541666666036,Penor River
13405,3.92173,3.699583333434532,100.92874999999378,Sungai Burong
13406,0.538695,3.702916666767976,103.33708333332714,Sungai Soi
13407,0.369766,3.7154166632321903,103.33166666666044,Sungai Soi
13408,0.488233,3.727083333435076,103.32791666666031,Sungai Soi
13409,0.182904,3.731250000101909,100.91291666666064,Sungai Burong
13410,0.15942,3.7387500001021294,103.3254166666606,Sungai Soi
13411,1.79591,3.7479166667689583,100.89791666666048,Sungai Pulai
13412,3.74732,3.758750000102623,100.88374999999388,Sungai Bagan Nakhoda Omar
13413,3.34597,3.767916666769452,100.87291666666056,Sungai Bagan Nakhoda Omar
13414,2186.88,3.80625000010366,103.34291666666049,Belat River
13415,0.156888,3.818750000104103,100.81374999999387,Bernam River
13416,1.35614,3.844583333437925,100.84124999999368,Bernam River
13417,0.651852,3.8495833334380896,100.76291666666044,Sungai Belukang
13418,0.101328,3.851250000104813,100.8454166666607,Bernam River
13419,193.859,3.853749996566023,100.84499999999385,Bernam River
13420,0.477227,3.856666667910474,100.79083333261326,Bernam River
13421,2.57577,3.8779166667720233,103.36624999999368,Sungai Jeram
13422,2.79764,3.8970833334391273,103.36624999999368,Sungai Balok
13423,1.05317,3.900416666772742,103.36624999999368,
13424,4.28396,3.914583333439566,103.36708333332724,Sungai Balok
13425,18.4757,3.928750000106504,103.3737499999936,Sungai Balok
13426,182.575,3.9529166632329975,103.38833333332708,Sungai Balok
13427,0.111003,3.971250000107716,100.70124999999388,
13428,45.0051,3.9737499965664815,103.42916666666032,Tunggak River
13429,4.98285,3.992083333441599,100.78708333332702,Perak River
13430,6.43521,3.992916666774761,100.79124999999402,Perak River
13431,7.08992,3.9937500001081503,103.41791666666028,Tunggak River
13432,0.272779,4.00875000010825,100.7845833333273,Perak River
13433,0.11193,4.010416666775143,100.81708333332732,Perak River
13434,1.83282,4.011250000108532,103.40958333332702,Ular River
13435,0.67746,4.019583329899888,100.79583333332732,Perak River
13436,1893.82,4.023750000108919,100.81874999999404,Perak River
13437,1.52124,4.030416666775807,100.8129166666605,Perak River
13438,1.31563,4.032916666775748,100.8104166666606,Perak River
13439,7.88072,4.05041666677613,103.3962499999938,Ular River
13440,0.271343,4.065416666776457,100.7662499999937,Sungai Tiram
13441,0.858093,4.081250000110117,103.38791666666054,Cherating River
13442,3.9032,4.087916666777005,100.76124999999372,Sungai Tiram
13443,1.95401,4.094583333443893,103.38541666666026,Cherating River
13444,1.13469,4.104583333444055,100.74958333332704,Sungai Tiram
13445,7.27551,4.107083333444166,103.38541666666026,Cherating River
13446,52.0925,4.140416666778265,100.71541666666064,Pasir Panjang River
13447,45.3212,4.162916666778642,100.6879166666606,Bekah River
13448,48.7503,4.172083333445585,100.64958333332709,Bekah River
13449,17.5002,4.177083333445751,103.42291666666029,Mentok River
13450,32.8447,4.2329166667803975,100.64458333332726,Sempit River
13451,231.774,4.242083333447397,103.44458333332716,Sungai Ruang
13452,6.61135,4.244166667133072,103.4479166666602,Sungai Ruang
13453,0.409178,4.25375000011428,100.60708333332708,Sempit River
13454,49.3097,4.257083333447724,103.46374999999377,Teluk Kalong River
13455,145.962,4.260416666780998,100.67541666666057,Sungai Lumut Kiri
13456,0.520661,4.267083333447886,100.674583333327,Sungai Lumut Kiri
13457,4.50653,4.286250000114819,103.47791666666036,Teluk Kalong River
13458,1.38976,4.288750000114874,100.65374999999368,Sempit River
13459,0.155797,4.292916666781707,100.58541666666042,Sempit River
13460,46.7366,4.30291666678221,100.67708333332712,
13461,0.630064,4.3145833334489225,100.67124999999372,Dinding River
13462,3.18744,4.328750000116031,100.65708333332714,Dinding River
13463,1.36455,4.332500000474624,103.48791666666052,Kijal River
13464,39.7762,4.337083333449471,100.66291666666052,Dinding River
13465,6.80844,4.3387500001161925,100.65708333332714,Dinding River
13466,9.57471,4.354583333449909,103.47458333332725,Kijal River
13467,0.121339,4.364583329901564,100.58249999999384,
13468,0.272548,4.392916666784117,103.45624999999364,Kijal River
13469,0.158387,4.401666667966083,100.59000000068612,Batu River
13470,9.12505,4.417916666784777,103.45624999999364,Kijal River
13471,1.5156,4.42125000011805,103.45541666666048,Kemasik River
13472,21.3912,4.43708333345171,103.45458333332692,Kemasik River
13473,176.705,4.44625000011888,100.61624999999373,Beruas River
13474,9.49482,4.480416666786141,103.44458333332716,Chabang River
13475,0.1442,4.500416666786805,103.4479166666602,Chabang River
13476,36.5866,4.502083333453356,103.44874999999377,Chabang River
13477,26.5265,4.510416666786966,103.45124999999364,Chabang River
13478,135.012,4.514583333453572,103.4529166666602,Chabang River
13479,2.88552,4.538750000120899,100.64374999999391,Hut River
13480,1.80086,4.552916666788008,100.65208333332714,Sungai Keluang Kechil
13481,0.125694,4.594583333455546,100.6487499999937,Sungai Keluang Kechil
13482,3.80785,4.596250000122268,100.6554166666604,Sungai Keluang Kechil
13483,62.7898,4.608750000122484,103.44874999999377,Paka River
13484,41.6327,4.64374999657008,103.43916666666048,Sungai Rengit
13485,0.168707,4.646250000123416,100.6229166666606,Pasir Hitam River
13486,2.49402,4.666250000123853,100.6487499999937,Pasir Hitam River
13487,19.0567,4.6820833334575696,100.65374999999368,Nibong River
13488,7.3779,4.70374999657048,103.44416666666046,Sura River
13489,77.9168,4.71041666323714,103.44166666666035,Sura River
13490,230.198,4.777500000516397,103.40208333332714,Pimpin River
13491,670.968,4.790416666793419,100.6254166666605,Jaha River
13492,3.53136,4.845416666794733,103.40708333332714,Pimpin River
13493,561.141,4.847083333461626,100.58291666666072,Sepetang River
13494,4.64965,4.877083333462053,103.38791666666054,Sungai Kuala Abang
13495,72.5678,4.882083333462219,100.55041666666068,Sangga Besar River
13496,78.4372,4.913750000129596,100.50124999999376,Kalumpang River
13497,1.24682,4.920416666796484,103.36208333332706,
13498,1.35369,4.929583333463313,100.4679166666604,Kalumpang River
13499,2.79365,4.930416666796816,100.46958333332714,Kalumpang River
13924,3.29212,8.115416666872022,77.37874999999502,
14174,2.08484,9.268750000232783,79.02958333332828,
14175,0.336807,9.269583333566343,99.58208333332716,Donsak River
14176,30.603,9.270416666899678,99.22541666666076,
14177,0.540138,9.276250000233064,99.5629166666604,Donsak River
14178,9.48031,9.28041666346951,98.36833333332736,
14179,31.1365,9.28041666689984,99.6229166666606,
14180,4.27227,9.289166667610855,80.81291666666147,Kovil Udiyiruppu River
14181,1.45125,9.291250000233331,80.12208333332813,
14182,0.300672,9.293749996804706,104.82249999999355,Kinh Lâm Trường
14183,4.70263,9.297083333566889,99.81708333332732,Khanom River
14184,37.9082,9.299583333566945,105.97791666666018,New Canal
14185,2.03895,9.303750000233777,99.80208333332718,
14243,0.101462,9.538750000239418,98.47124999999409,
14244,1.73493,9.541250000239527,106.40374999999364,
14245,0.486829,9.542916666906253,99.93291666666062,จระเข้
14246,50.4247,9.543750000239584,76.30874999999503,Madayanthodu
14247,3.55215,9.544583333572971,106.22208333332696,Sông Cồn Tròn
14248,6.58503,9.547916666906248,106.2045833333271,Sông Cồn Tròn
14249,38.8224,9.552083333573025,99.21458333332744,คลองประสงค์
14250,4.05775,9.5595833335733,76.35708333332838,Manimala River
14251,2.18162,9.560416666906631,76.41708333332821,valiyapallom thodu
14252,3.07452,9.563750000239908,98.5470833333273,Khlong Lat Not
14253,40.4093,9.563749996840327,98.56583333332736,
14254,0.663656,9.5654166669068,98.5629166666606,
14255,1.60969,9.565833334304102,106.51124999999364,
14256,15.4802,9.56708333357335,104.83874999999352,Sông Cái Tàu
14257,1.15175,9.570416666906794,99.9979166666606,จระเข้
14258,0.38672,9.570416666906794,100.003749999994,
14259,78.3461,9.57124999684146,76.35916666666157,Manimala River
14260,1.45509,9.571250000240184,76.4179166666616,valiyapallom thodu
14261,2.84724,9.577083333573512,98.53874999999402,Khlong Lat Not
14262,0.311908,9.578750000240404,98.53624999999391,Khlong Lat Not
14263,10.8991,9.579583333573794,104.84041666666025,
14264,34.531,9.582916666907067,76.30208333332831,Omanappuzha
14265,4.55641,9.587083333574014,76.36624999999498,Angadi Thodu
14266,0.953372,9.590416666907288,106.31874999999366,Bassac River
14267,14.0681,9.59958333357406,76.29958333332803,Ponnamthodu
14268,42.6455,9.59958333357406,76.36458333332826,Angadi Thodu
14269,5.11298,9.60041666690762,104.84291666666051,
14270,4.02361,9.60125000024101,76.36458333332826,Angadi Thodu
14271,4.51026,9.606250000240948,106.2454166666604,Sông Cồn Tròn
14272,15.2186,9.61208333018044,106.2949999999936,Bassac River
14273,107.227,9.613750000241224,76.43041666666147,Meenachil
14274,25.7873,9.616249996847728,99.19666666666068,คลองท่าชนะ
14275,683.982,9.616249996847728,106.25166666666024,Bassac River
14276,0.153143,9.617916666908002,98.4970833333274,Khlong Lat Haeng
14277,4.40981,9.619583333574724,99.19374999999371,คลองท่าชนะ
14278,35.6244,9.622500000976231,76.37541666666158,Meenachil River
14279,6.11381,9.623750000241555,76.29708333332832,AS Canal
14280,8.11878,9.62625000024144,98.51208333332715,Khlong Lat Haeng
14281,2.73977,9.630833334310353,98.51208333332715,Khlong Lat Haeng
14282,18.8669,9.638750000241885,76.2954166666616,AS Canal
14283,5.99081,9.638749996851004,76.41916666666145,Meenachil
14284,1391.45,9.64291666690849,76.41958333332832,Meenachil
14285,9.68911,9.64500000097837,76.4129166666616,Meenachil
14286,50.4096,9.645416666908773,78.96458333332822,Kottakakaraiyar
14287,6.45683,9.65208333357532,76.29458333332826,AS Canal
14288,7.09717,9.654583333575545,80.07958333332795,
14289,4.67719,9.654583333575545,98.52374999999404,
14290,15.5314,9.657083333575486,99.16958333332737,
14291,4.07989,9.661249996854224,78.97083333332807,Kottakakaraiyar
14292,7.47934,9.678749996856766,76.38416666666171,AS Canal
14293,0.134716,9.680416666909366,98.52874999999403,
14294,0.151228,9.680416666909366,99.16124999999408,
14295,43.4609,9.688750000243203,76.37041666666141,AS Canal
14296,85.0781,9.693750000243142,76.2904166666616,16th mile canal
14297,2.0642,9.693750000243142,98.54124999999392,
14298,1.10246,9.697083333576415,106.56958333332676,Kênh Quan Chánh Bố
14299,7.42013,9.698749996859531,76.40416666666164,Thottakom thodu
14300,10.6849,9.701250000243247,79.96624999999477,Valukki Aaru River
14301,0.544947,9.704583333576863,99.1587499999938,
14302,1.7561,9.705833334317449,100.003749999994,Khlong Tha Yai
14303,38.3578,9.70875000024347,104.85708333332713,
14304,3.1048,9.717916666910298,98.55041666666074,
14305,0.683494,9.72791666353055,98.55833333332733,
14306,34.1027,9.732083333577409,104.86208333332696,
14307,2.38331,9.737083333577402,98.55624999999408,
14308,2.86464,9.737083333577402,99.14708333332732,
14309,0.214927,9.739583330199023,99.977499999994,Khlong Tha Yai
14310,7.47412,9.748750000244456,79.02708333332816,
14311,2.00493,9.748750000244456,98.55374999999378,
14312,94.3161,9.748750000244456,106.53958333332685,Sông Thâu Râu
14313,0.713345,9.761250000244672,104.87124999999357,
14314,20.6117,9.763750000244954,106.51958333332708,Sông Thâu Râu
14315,19.9442,9.767916663536482,99.14333333332736,
14316,14.0911,9.779583333578614,99.14124999999392,
14317,0.169801,9.78208333020524,76.36499999999478,muvattupuzha river
14318,2.77828,9.787916666912054,104.87874999999384,
14319,2.88088,9.789583333578776,98.54958333332736,
14320,1.0619,9.798750000245604,76.37874999999502,
14321,1.5315,9.815416666912824,99.13791666666047,คลองละแม
14322,83.4992,9.816250000246155,76.3904166666614,muvattupuzha river
14323,0.633859,9.818750000246098,76.39208333332829,
14324,49.7288,9.824583333579596,76.35208333332821,
14325,0.252407,9.82833333432933,98.57041666666066,
14326,1227.69,9.83624999688027,76.38833333332832,muvattupuzha river
14327,94.479,9.837916666913372,79.10624999999482,
14328,3.6161,9.8437500002467,106.57458333332676,Cổ Chiên River
14329,0.606576,9.84458333358009,99.14958333332736,
14330,0.754449,9.846250000246812,104.92708333332696,Kinh Làng
14331,0.744358,9.846250000246812,104.93874999999366,Kinh Làng
14332,1.37005,9.8529166669137,104.95624999999352,Kinh Làng
14333,3.8386,9.86291666691386,99.16458333332736,
14334,17.3632,9.867083333580467,106.4654166666602,Kinh Cầu Ngang
14335,36.7376,9.871250000247471,76.29624999999498,
14336,297.567,9.87083333433361,76.31874999999502,Edakochi Kayal
14337,24.6429,9.872500001000333,104.9754166666603,
14338,19.0798,9.87666666766728,98.55624999999408,
14339,1.30047,9.878749996886825,106.53249999999348,Cổ Chiên River
14340,1.26676,9.882083333580963,106.44874999999372,Cổ Chiên River
14341,28.2175,9.88541666691441,76.33624999999506,thodupuzha yarr
14342,15.1369,9.889583333581244,76.31874999999502,Edakochi Kayal
14343,361.245,9.889583333581244,105.10374999999362,Sông Cái Lớn
14344,2.76029,9.890416666914575,104.9912499999936,
14345,3.30763,9.894583333581238,106.44041666666044,Cổ Chiên River
14346,56.3623,9.89625000024796,76.28708333332816,Edakochi Kayal
14347,1.9665,9.907083333581625,106.66874999999374,
14348,29.8592,9.909583333581509,98.5795833333271,
14349,43.2276,9.91125000024823,79.14708333332806,
14350,0.581049,9.91291666691518,105.01291666666047,
14351,29.0991,9.920416663560047,76.34083333332836,Chitrapuzha
14352,973.143,9.929166667672234,76.30624999999475,Koithara Canal
14353,0.451514,9.9304166635618,106.47999999999348,Cổ Chiên River
14354,42.5522,9.932916666915446,76.2670833333284,Koithara Canal
14594,0.203476,10.703749997036084,98.4641666666605,
14595,7.82696,10.705416666934184,99.36874999999384,
14596,9.82714,10.706250000267516,107.83541666666002,Sông Phan
14597,0.384284,10.70958333360079,98.52708333332733,
14598,0.147259,10.71041666693418,98.24208333332746,
14599,2.57107,10.711666667747975,107.9487499999936,
14600,4.53722,10.717621041003383,98.56345563224936,
14601,0.293208,10.719583333601292,103.26374999999364,
14602,57.2085,10.719166667748766,107.87624999999366,Sông Phan
14603,1.80385,10.720416666934682,107.92041666666016,Sông Phan
14604,0.223065,10.722916666934566,107.9062499999934,Sông Phan
14605,55.0692,10.725833335032007,75.94000000017269,Conolly Canal
14606,34.802,10.732500001083224,75.93791666666164,Conolly Canal
14607,1.38069,10.736250000268342,103.61124999999384,
14608,7.64847,10.737083333601731,103.61541666666044,
14609,4.50519,10.742500001084297,103.58291666666024,
14610,1.58161,10.747916666935224,92.58291666666103,
14611,1.98241,10.747916663711692,103.66916666666032,
14612,6.86083,10.750416666935337,79.85124999999465,Odambokkiyar River
14613,1.14133,10.762916666935723,99.4095833333273,
14614,8.11364,10.771250000269164,98.58541666666063,
14615,2.31814,10.772916666935885,108.0212499999937,Suối Nhum
14616,0.789176,10.77875000026944,92.39708333332736,
14617,0.12009,10.796250000269652,99.42291666666074,
14618,3517.92,10.797083333602984,75.94291666666163,Bharathapuzha
14619,0.749855,10.802916663723463,98.60166666666066,
14620,0.100587,10.807916666936704,98.5554166666605,
14621,135.063,10.823750000270364,79.85124999999465,Vettar River
14622,0.306243,10.827916666937028,103.70291666666054,
14623,85.6129,10.83541666693742,75.90958333332827,Tirur River
14624,199.134,10.836250000270809,75.906249999995,Tirur River
14625,1.88495,10.85708333040168,108.04833333332688,
14626,0.113013,10.862916666937965,98.70041666666071,
14627,2.28662,10.863750000271525,98.69708333332744,
14628,7.50659,10.864583333604912,75.89541666666145,Tirur River
14629,0.663303,10.865416666938245,98.2179166666607,
14630,2.22831,10.865416666938245,98.62124999999388,
14631,0.89258,10.866250000271409,92.46874999999432,
14632,0.220937,10.868333334429964,103.18124999999378,
14633,12.0316,10.86958333360485,99.4404166666606,
14634,0.106551,10.87041666693841,98.61208333332746,
14635,1.83374,10.872916666938297,99.4520833333271,
14636,0.174616,10.87875000027185,103.20458333332698,
14637,1.74163,10.87875000027185,103.71124999999358,
14638,0.313412,10.881250000271734,103.37458333332694,
14639,1.1879,10.887916666938622,98.70624999999389,
14640,4.32346,10.892083333605283,103.70874999999388,
14641,0.124015,10.89458333360551,103.21874999999358,
14642,0.651741,10.897916666938784,98.63541666666072,
14643,137.474,10.900416666939066,79.85208333332821,Vanjiyar River
14644,0.227715,10.902083333605615,103.7062499999936,
14645,0.736559,10.904583333605672,103.32791666666031,
14646,1.64693,10.90541666693906,79.8529166666612,Vanjiyar River
14647,0.10366,10.90541666693906,103.12124999999372,
14648,42.7153,10.907083333605785,75.88624999999502,Tirur River
14649,1.46916,10.915416666939391,103.30041666666028,
14650,3.21126,10.915416666939391,103.30374999999356,
14651,0.503931,10.918750000272835,98.72541666666046,
14652,1.20057,10.918750000272835,99.49874999999372,
14653,1.3999,10.92125000027272,98.72291666666077,
14654,165.334,10.92125000027272,108.10041666666012,Sông Cát
14655,0.537054,10.923750000273005,103.26708333332692,
14656,0.137969,10.924583333606163,98.1629166666608,
14663,42.4881,10.94541666693982,75.8779166666614,Tirur River
14664,2.99204,10.949583333606824,108.25791666666038,Fairy Stream
14665,66.9436,10.9537500002736,75.87541666666169,Conolly Canal
14666,0.956427,10.955416666940325,108.23208333332671,Fairy Stream
14667,0.395005,10.957916666940264,103.68541666666027,
14668,0.112413,10.960416666940487,98.72624999999402,
14669,0.165268,10.974583333607484,98.51874999999389,
14670,0.113498,10.980416666940812,108.34208333332704,
14671,0.864131,10.982916666940923,99.49291666666072,
14672,0.120852,10.983750000274256,98.47708333332724,
14673,0.771387,10.983750000274256,98.76791666666064,
14674,0.673738,10.991250000274531,98.77624999999408,
14675,0.823768,10.991250000274531,98.7787499999938,
14676,0.474171,10.999583333607973,103.66291666666024,
14677,0.472621,11.007916666941584,103.42708333332688,
14678,41.6054,11.008750000275086,79.85541666666148,Uppanar
14679,1615.98,11.015416666941803,75.85874999999481,Kadalundi River
14680,0.250566,11.0204166669418,103.10791666666027,
14681,0.11349,11.030416663773622,103.66249999999376,Stung Srei Ambel
14682,2.52103,11.031250000275293,108.37041666666022,
14683,1.75668,11.036249997108428,98.72583333332732,
14684,1.2943,11.047916666942513,108.4337499999935,
14685,0.588944,11.048750000275902,99.49874999999372,"Glohng Namju,Glohng Nāmju,Khlong Nam Chu,Khlong Nam Su"
14686,0.313998,11.062083333609678,98.7204166666607,
14687,14.9025,11.065416666942951,98.71958333332714,
14688,1.79,11.067083333609672,103.69874999999372,Stung Srei Ambel
14689,4.29682,11.073750000276393,79.8570833333282,Buckingham Canal
14690,0.296073,11.075416666943113,108.47958333332696,
14691,0.184764,11.077916666943338,103.10541666666056,
14692,0.139852,11.08208333361,103.4579166666602,
14693,20.6493,11.086250000276776,99.49041666666068,"Huai Bang Saphan Noi,Khlong Bang Saphan Noi"
14694,2.24441,11.087500001117746,98.69624999999412,
14968,0.484086,12.108333334953556,98.6641666665492,
14969,0.236971,12.109583330732448,102.35416666666032,Phlu
14970,48.175,12.119583333635376,99.9637499999937,Khao Daeng
14971,0.191256,12.12291666696882,98.65708333332736,
14972,323.358,12.129583333635535,75.15041666666178,karikkadav thod
14973,0.553077,12.13291666696898,92.8045833333274,
14974,0.284823,12.133750000302314,102.55791666666032,
14975,0.532338,12.134583333635703,102.26874999999389,
14976,0.157737,12.14875000030264,98.7012499999941,
14977,0.135382,12.153750000302807,99.98541666666056,Khao Daeng
14978,14.7382,12.156250000302862,102.6412499999936,คลองชำราก
14979,3.55003,12.162083333636415,92.82041666666096,
14980,10.0088,12.1645833336363,102.46374999999377,คลองท่าประดู่
14981,10.2286,12.1645833336363,102.47291666666035,คลองท่าประดู่
14982,1.35714,12.16500000122278,98.74958333332722,
14983,0.150783,12.166666667889672,92.82458333332757,
14984,0.495045,12.170416666970029,98.11041666666068,
14985,0.149822,12.170833334556846,102.42041666666056,คลองท่าประดู่
14986,2.99699,12.180416666970018,102.38791666666036,คลองบ้านยายม่อม
14987,0.120891,12.18208333363691,92.72874999999424,
14988,1.84579,12.182916666970243,102.38208333332705,คลองบ้านยายม่อม
14989,0.42009,12.183750000303633,92.70708333332756,
14990,0.29531,12.183750000303633,92.72874999999424,
14991,25.7588,12.184583333636963,102.5612499999936,Trat River
14992,59.9797,12.192916666970405,102.622083333327,คลองท่าเลื่อน
14993,270.301,12.194583333637128,102.56708333332716,คลองท่าเลื่อน
14994,0.393955,12.195416666970686,102.331249999994,
14995,9.476,12.195416666970686,102.35374999999384,
14996,5.56081,12.197083333637238,98.6045833333274,
14997,0.451573,12.19791666697057,102.33874999999388,
14998,1.13901,12.200416666970682,92.84874999999433,
14999,2.99683,12.200416666970682,102.34458333332702,
15000,0.136991,12.205416666970848,98.11624999999384,
15001,12.555,12.2066666678935,109.19291666666015,Sông Tắc
15002,82.3203,12.210416666971014,102.59374999999363,
15113,9.31351,12.513750000311743,80.16291666666154,
15114,0.152187,12.51708333364502,92.9679166666607,
15115,0.12653,12.525416666978629,102.10958333332724,Chanthaburi River
15116,0.119405,12.52625000031196,98.28791666666052,
15117,0.383257,12.530416666978796,98.67541666666062,Tha Moke River
15118,3.01629,12.531250000312127,102.10958333332724,Chanthaburi River
15119,1.40365,12.53375000031224,98.42708333332718,
15120,2.06751,12.53541666697896,98.32624999999388,
15121,1.42564,12.53541666697896,98.6470833333272,Tha Moke River
15122,0.719504,12.53541666697896,98.68624999999412,Tha Moke River
15123,281.865,12.535416662963144,102.08624999999364,Chanthaburi River
15124,0.346624,12.536250000312291,109.20541666666004,
15125,3.35658,12.537916666978845,109.2129166666603,
15126,0.485151,12.538750000312234,98.62958333332732,
15127,0.925998,12.539166668240284,98.41500000021928,
15128,9.00319,12.539583333645568,109.2154166666602,
15129,2.2314,12.540416666979128,80.17124999999481,Buckingham Canal
15130,6.16022,12.540416666979128,102.03458333332708,Chanthaburi River
15131,19.0657,12.547083330878763,98.709999999994,Tha Moke River
15132,189.647,12.5495833336459,74.95624999999507,Mogral River
15133,0.52989,12.550416666979288,98.26624999999387,
15134,0.231883,12.55208333364601,92.70708333332756,
15135,0.109015,12.553749997547982,92.97166666666078,
15136,0.137156,12.566250000312948,98.393749999994,
15137,0.138917,12.570416666979554,98.441249999994,
15138,0.448754,12.573750000313169,92.96291666666087,
15139,1.55802,12.57541666697989,98.62958333332732,
15140,2.11275,12.576249997555864,98.3874999999938,
15141,0.204412,12.57625000031328,101.90791666666064,คลองหนองคล้า
15142,1.19074,12.577083333646442,80.18458333332825,Buckingham Canal
15143,0.84155,12.587916666980163,101.96208333332731,คลองหนองคล้า
15144,0.213346,12.593750000313662,98.63791666666076,
15145,37.1761,12.596249997563064,74.93666666666161,Mogral River
15146,143.445,12.60125000031394,101.95208333332717,คลองหนองคล้า
15147,0.246953,12.603750000313823,101.89041666666036,
15148,0.128404,12.604583333647213,92.95624999999433,
15149,0.2817,12.606250000314104,98.63874999999376,
15150,21.2925,12.607916666980657,80.19458333332801,Buckingham Canal
15151,246.036,12.611666667933264,74.93124999999475,Shiriya (Sire hole)
15152,5.96747,12.61958333364771,101.42791666666068,
15153,3.11063,12.621666667934278,109.19124999999345,
15154,3.76056,12.622916666981157,101.364583333327,คลองหนองเสม็ด
15155,0.324891,12.623750000314487,98.66541666666063,
15156,0.30215,12.628333334601734,92.72458333332742,
15157,5.73301,12.631250000314594,101.52791666666042,
15158,20.2639,12.632083333647929,101.50791666666048,
15159,16.6846,12.63375000031482,92.95791666666072,
15160,0.431224,12.63625000031476,92.73291666666104,
15161,54.9678,12.639583333648204,74.91791666666171,Uppala
15162,0.936452,12.639583333648204,98.66041666666064,
15163,0.10137,12.641250000314926,92.95791666666088,
15164,0.638666,12.64208333364826,109.1945833333267,Sông Hiền Lương
15165,1.30622,12.642916666981648,101.86291666666057,
15166,0.249625,12.65208333364842,101.57541666666044,
15167,16.2963,12.653750000315142,101.59791666666064,
15168,37.9961,12.655416666981694,100.98708333332728,
15169,1.78432,12.66041666698203,101.00874999999394,
15170,423.519,12.663750000315474,101.24458333332728,Khlong Krachet
15171,0.987958,12.667083333648748,101.83374999999398,
15172,6.13254,12.66875000031547,101.6620833333273,
15173,12.1287,12.669583333648802,101.19958333332704,Khlong Yai
15174,3.50513,12.669583333648802,101.8312499999937,
15175,1.72558,12.670416666982362,101.04874999999384,4
15176,49.9449,12.670416666982362,101.176249999994,คลองน้ำหู
15177,2.22419,12.671250000315354,92.75541666666088,
15178,106.092,12.672083333648914,101.16624999999384,คลองน้ำหู
15179,21.5229,12.675416666982358,101.07041666666056,4
15180,1.8965,12.678750000315802,101.09791666666035,Khlong Thai Wa
15181,12.5281,12.680416666982524,109.21874999999363,Sông Hiền Lương
15182,0.142335,12.682083333649077,101.67041666666056,
15183,0.862855,12.683750000315968,98.68624999999412,
15184,16.5831,12.686250000316022,109.22374999999364,Sông Hiền Lương
15185,0.506657,12.692083333649578,99.9637499999937,Khlong Chonprathan
15186,2.19365,12.693749997598443,100.85416666666045,
15187,75.9478,12.693750000316127,101.78541666666064,
15188,368.434,12.698750000316124,101.70374999999392,
15189,0.276098,12.699583333649628,92.9629166666607,
15190,1.85751,12.70250000155312,101.76749999972196,
15191,202.137,12.706250000316516,74.8920833333284,Uppala
15192,0.353166,12.707500001276172,101.74291666666028,
15193,0.286228,12.710416666983178,98.69041666666055,
15194,88.5667,12.7120833336499,74.8920833333284,Uppala
15195,3.09848,12.717083333650066,109.25874999999336,Sông Đồng Điền
15196,2.37784,12.721250000316845,99.96458333332724,Khlong Chonprathan
15197,3.72566,12.722916666983563,98.6945833333274,
15198,0.887478,12.739583333650614,74.8737499999948,Talapadi
15199,28.715,12.757916666984386,74.86791666666164,Talapadi
15200,0.109582,12.758750000317718,98.64624999999404,
15201,0.182974,12.76125000031783,92.94874999999428,
15202,2.84578,12.760833334878612,109.30000000028252,Đập Hoa Sơn
15203,39.8807,12.774583333651435,74.85958333332837,Talapadi
15204,0.19323,12.774583333651435,92.93374999999428,
15205,4.51868,12.780416666984934,98.69541666666072,
15206,15.9048,12.784583333651597,80.2329166666612,Thaiyur Odai
15207,0.798264,12.787916666985211,109.32708333332664,Đập Hoa Sơn
15208,5.91962,12.804583333652031,98.64874999999392,
15209,134.077,12.807916666985475,80.23874999999475,Buckingham Canal
15210,3.0879,12.81208333365231,98.64541666666048,
15211,6.29922,12.819583333652533,99.99374999999384,
15212,0.469194,12.820833334620716,92.738749999994,
15213,0.754064,12.830416666986252,109.36041666666006,
15214,17.7252,12.831249997650277,100.9091666666605,Khlong Nam Mao
15215,9.5558,12.832083333652974,74.84291666666172,Gurupura
15216,20.0219,12.83458333365286,100.90791666666048,Khlong Nam Mao
15217,1.14957,12.836250000319753,109.36624999999356,
15218,0.852353,12.837916666986304,92.940416666661,
15219,24.4694,12.838749997652997,74.85583333332829,Gurupura
15220,800.502,12.841250000319748,74.85541666666177,Gurupura
15221,75.8526,12.850416666986746,74.836249999995,Gurupura
15222,0.561656,12.850416666986746,92.76791666666077,
15223,826.961,12.852083333653468,74.83041666666145,Gurupura
15224,0.203079,12.857916666986966,92.92958333332751,
15225,10.4815,12.860416666986907,100.0129166666606,
15226,0.210957,12.86125000032024,92.78291666666092,
15227,90.3714,12.864583333653684,98.63874999999376,
15228,1.17639,12.881250000320732,98.628749999994,
15229,1.84602,12.893333334627757,92.87124999999436,
15230,0.111942,12.897916666987784,109.45458333332698,
15231,2.62425,12.906250000321393,100.02541666666065,
15232,24.3547,12.907083333654557,98.61874999999384,
15233,3.42035,12.916250000321725,92.79374999999423,
15234,0.531568,12.930833334631473,92.8587499999943,
15235,1.14433,12.936250000322048,100.02958333332708,
15236,33.4372,12.939583333655492,98.59208333332737,
15237,49.6262,12.948750000322434,109.42624999999362,Sông Bàn Thạch
15238,95.2023,12.957083333656044,74.8012499999951,Gurupura
15239,370.673,12.957916666989432,98.60624999999396,
15240,32.1731,12.977083333656369,100.9087499999938,
15241,13.0885,12.989583333656752,100.9212499999939,
15242,3.13461,13.00541666699047,98.59874999999386,
15243,0.267442,13.006250000323805,92.822916666661,
15244,0.187847,13.012083333657358,92.82208333332768,
15245,819.744,13.013749997721504,80.27083333332808,Adyar Creek
15246,0.398166,13.02208333365769,92.9037499999942,
15247,221.697,13.043749997733698,74.78249999999497,
15248,76.9965,13.04625000032479,100.91124999999374,
15249,0.791006,13.05791666440598,98.30749999999398,
15250,0.545301,13.05874999773971,92.90666666666095,
15251,1.06467,13.058750000325231,92.92041666666086,
15252,187.151,13.06291666699184,109.30874999999344,Đà Rằng River
15253,0.112673,13.064583333658732,92.94208333332756,
15254,967.585,13.067916666992003,80.28791666666143,North River
15255,5.05984,13.067500001500376,98.59166666627787,
15256,56.9605,13.068750000325338,109.30874999999344,Đà Rằng River
15257,3.0253,13.070000001500093,92.93750000037778,
15258,22.3582,13.071250002748911,109.31624999999332,Đà Rằng River
15259,3.02032,13.073333334832853,93.02583333294292,
15260,12.9849,13.076249997746856,100.88166666666046,
15261,11.6571,13.077083333658948,109.32124999999348,Đà Rằng River
15262,112.004,13.078333334645947,74.77791666666167,
15263,4.20065,13.080833334831652,100.06666666627352,คลองชลประทาน 5
15264,164.419,13.085416666992389,74.77958333332839,Nandini
15265,31.5606,13.088750000326002,109.31791666666004,Đà Rằng River
15266,0.861794,13.099583333659382,98.2904166666608,
15267,10.8023,13.110416666993046,98.57708333332738,
15268,0.396365,13.132916666993651,100.0645833333274,Khlong Chek Si
15269,22.5207,13.152500001487056,74.75833333291826,
15270,0.205934,13.1554166669942,98.2737499999941,
15271,7.58252,13.157916666994254,98.58291666666054,Palauk Chaung
15272,13.0327,13.17375000032814,109.294583333327,
15273,6.68834,13.18500000132309,98.57541666666066,
15274,17.3731,13.208750000328791,100.93541666666069,
15275,8.59378,13.21458333366229,98.56958333332732,Palauk Chaung
15276,0.442363,13.221250000329348,98.53208333332732,Palauk Chaung
15277,878.936,13.222083333662567,80.32791666666134,Kortallaiyar River
15278,0.167352,13.22291666699573,93.04291666666104,
15279,0.149534,13.22291666699573,98.56374999999396,
15280,3.92065,13.22791666447631,98.57333333332724,Palauk Chaung
15281,0.164673,13.230416666996176,98.56791666666078,
15282,0.293812,13.23125000032951,93.05291666666102,
15283,2.95054,13.2320833336629,98.4970833333274,
15284,0.625731,13.237916666996398,92.84458333332732,
15285,22.2483,13.242916666996392,98.57708333332738,Palauk Chaung
15286,21.0586,13.243750000329555,98.57208333332738,
15287,0.134523,13.245416666996276,98.506249999994,
15288,19.1056,13.252916666996724,98.48958333332712,
15289,0.788589,13.25541666699661,92.85458333332748,
15290,0.132292,13.262083333663496,92.84958333332747,
15291,104.551,13.26583333466442,99.94291666666038,คลองเหมืองตานิ่ม
15292,40.1671,13.268750000330384,99.94208333332722,คลองเหมืองตานิ่ม
15293,76.0503,13.271250000330326,74.7279166666616,Patla Todu
15294,0.761116,13.271250000330326,93.0412499999943,
15295,40.1636,13.27083333480033,99.94333333377614,คลองเหมืองตานิ่ม
15296,9.66936,13.277083333663825,93.01458333332766,
15297,149.824,13.28208333366399,74.72291666666143,Patla Todu
15298,17.7112,13.287083333664157,109.29291666666028,
15299,1.70429,13.295416666997768,98.49291666666056,
15579,11.1734,15.405416667050588,73.82791666666157,Siridao Creek
15580,1.86156,15.40708333371731,80.1504166666615,Buckingham Canal
15581,8.95659,15.40708333371731,108.807083333327,Sông Trà Bồng
15582,209.962,15.410416667050583,73.90958333332827,Cumbarjua Canal
15583,48.0424,15.413750000384027,73.90958333332827,Cumbarjua Canal
15584,2.41386,15.438750000384688,97.77624999999408,
15807,1.44032,16.06291666706727,95.05624999999424,Ayeyarwady River
15808,0.93812,16.063750000400603,94.60624999999402,Thet Ke Thaung River
15809,4.31507,16.07041666706715,94.48708333332752,Pathein River or Nag Wun River
15810,0.108338,16.07041666706715,94.84208333332737,Pyan Ma Law River
15811,2.57741,16.072916666179253,94.84083333332752,Pyan Ma Law River
15812,26.4977,16.073750000400764,73.46708333332833,Gad
15813,2.88618,16.074583333734154,94.42458333332758,Pathein River or Nag Wun River
15839,2.94052,16.100416667068146,94.86624999999412,Kakaran River
15840,28.7791,16.100416667068146,108.14124999999342,Sông Cu Đê
15847,2.04624,16.10541666706831,94.93874999999424,
15855,0.611214,16.119583333735306,94.83708333332736,Pyan Ma Law River
15856,0.582802,16.12125000040203,95.11458333332736,Kyun Pyat That River
15857,31.2034,16.12208333373536,108.12458333332688,Sông Cu Đê
15858,0.748132,16.122916666219453,94.94583333332749,Kakaran River
15859,2.1887,16.126250000402194,94.6720833333274,
15860,0.71328,16.126250000402194,95.2304166666608,Ayeyarwady River
15861,1.21966,16.127083333735527,94.93874999999424,Kakaran River
15862,1.18581,16.1304166670688,94.74791666666096,Ywe River
15863,0.116365,16.133750000402415,95.30541666666062,
15864,0.152341,16.133333334952,95.77208333332754,Pyapon River
15865,0.191222,16.134583333735577,94.8595833333274,Pyan Ma Law River
15866,0.909399,16.1362500004023,95.0054166666606,
15888,1.88856,16.152083333736016,94.96624999999426,Kakaran River
15889,0.41771,16.152083333736016,95.26458333332756,Ayeyarwady River
15890,7.19651,16.15291666706935,97.61541666666056,
15891,46.5611,16.15375000040291,95.3629166666608,
15896,0.160419,16.15666666756846,95.26916666816544,Ayeyarwady River
15897,0.307294,16.157083332913714,95.35666666666076,
15898,2.07651,16.157916666247786,94.87083333332744,Pyan Ma Law River
15899,0.464165,16.158750000402904,94.54958333332765,Pathein River or Nag Wun River
15900,2.12822,16.160416667069796,94.7779166666607,Ywe River
15901,7.42502,16.16000000090139,95.72333333182188,Pyapon River
15902,0.80369,16.16125000040313,95.00708333332732,
15903,0.15612,16.16375000040307,94.65708333332748,
15904,2.87469,16.164583332919847,94.78999999999412,Ywe River
15905,0.650802,16.164583333736402,95.14874999999428,Kyun Pyat That River
15906,0.161327,16.164583333736402,95.27374999999417,Ayeyarwady River
15907,0.500274,16.168749999589807,95.31083333332748,Ayeyarwady River
15908,7.01459,16.16958333373657,94.49791666666084,Pathein River or Nag Wun River
15909,3.22998,16.16958333373657,95.82041666666066,Don Yan
15910,105.076,16.170416667069958,97.62041666666056,
15961,2.10857,16.219583333737717,94.6720833333274,
15963,0.921842,16.22041666707105,95.37541666666084,
15964,0.242133,16.22125000040444,94.22541666666086,
15967,8.90156,16.22208333373777,94.81208333332762,Ywe River
15968,0.622244,16.22208333373777,94.81624999999406,Ywe River
15969,51.5602,16.22208333296703,95.71583333332744,Pyapon River
15970,0.551318,16.22150791931591,95.8627186713378,Don Yan
15971,0.649907,16.224583333737883,94.5554166666608,Pathein River or Nag Wun River
15972,0.759022,16.224583332968905,95.0641666666608,
15974,11.5402,16.224583333737883,95.16374999999424,Kyun Pyat That River
15975,0.177961,16.225416667071443,73.4254166666617,Achra
15976,0.334097,16.22500000162796,94.60291666666076,Pathein River or Nag Wun River
15977,2.27555,16.225416667071443,95.37958333332745,
15978,1.06586,16.226250000404605,95.15958333332723,Kyun Pyat That River
15979,0.289358,16.226666667559243,95.05333333485316,
15980,1.31537,16.22791666630519,95.37083333332735,
15981,11.0019,16.228750000404887,94.5070833333276,Bassein River
15982,2.91661,16.228750000404887,95.06624999999424,
15983,0.228496,16.228750000404887,108.04541666666006,
15984,3.72473,16.23125000040494,94.8412499999942,Ywe River
15991,5.66756,16.23791666707166,95.72208333332748,
15992,0.624995,16.240416667071713,97.4929166666608,
15993,3.16013,16.242083333738265,94.50874999999417,Bassein River
15994,0.265967,16.242083333738265,94.99708333332757,Pyan Ma Law River
15995,6.81257,16.242083333738265,95.3845833333276,
15996,1.73241,16.242916667071825,73.4212499999951,Achra
15997,0.934732,16.242916667071825,96.0095833333272,
15998,0.673816,16.244583333738547,94.6487499999942,Pathein River or Nag Wun River
16000,3.8723,16.24541666707188,95.06624999999406,
16001,9.50957,16.24708333373843,95.94958333332757,Thandi (Than Deik)
16002,1.0905,16.249166668296994,95.0054166666606,Pyan Ma Law River
16003,4.04046,16.249583333738713,95.7229166666608,Pyapon River
16004,6.865,16.250416667072045,97.56624999999406,
16005,1.25365,16.251250000405435,94.98708333332758,Pyan Ma Law River
16006,0.152319,16.252083333738767,95.14958333332748,Kyun Pyat That River
16009,0.475267,16.254166668297728,95.0104166666606,Pyan Ma Law River
16011,45.7721,16.2562500004056,97.56541666666055,
16012,0.376355,16.259583333738874,95.39291666666088,
16013,5.12119,16.260416667072207,95.00124999999416,Pyan Ma Law River
16015,6.37368,16.262916667072147,95.09374999999405,
16016,1.89499,16.26375000040548,96.02958333332754,
16017,0.155584,16.267083333739095,95.0237499999942,Pyan Ma Law River
16018,2.09157,16.267916667072313,95.0970833333273,Kyun Pyat That River
16019,12.8899,16.267500000887537,95.39333333178922,
16020,286.361,16.268749999672195,95.3883333333274,
16021,51.6789,16.269583333006267,95.39249999999402,
16022,8.03028,16.269583333739035,95.72041666666075,Pyapon River
16023,1.79882,16.2708333342203,95.9558333348666,Thandi (Than Deik)
16043,1.56959,16.287916667072977,107.84041666666002,Sông Cầu Hai
16044,29.5965,16.290000001634724,94.49541666666072,Bassein River
16045,1.22212,16.29041666707286,95.01708333332748,Pyan Ma Law River
16046,3.01991,16.29125000040642,96.04958333332752,
16047,1.04492,16.292916667073143,95.0337499999942,Pyan Ma Law River
16048,2.10138,16.292916667073143,95.948749999994,
16049,4.70945,16.292916667073143,95.96291666666082,
16050,3.34944,16.293750000406476,94.64124999999392,Pathein River or Nag Wun River
16051,2.30688,16.296250000406417,94.49958333332756,Bassein River
16052,7.24263,16.29708333373975,95.03458333332736,Pyan Ma Law River
16053,1.38632,16.301250000406583,95.02208333332749,Pyan Ma Law River
16054,5.84161,16.302916667073305,95.1204166666609,Kyun Pyat That River
16055,0.677148,16.304583333740027,94.54291666666091,Bassein River
16056,1.60832,16.304583333740027,95.96874999999416,
16057,21.7041,16.30541666707353,95.11874999999418,Kyun Pyat That River
16058,0.50192,16.30791666707347,94.53291666666092,
16059,0.575427,16.30791666707347,95.94958333332757,
16060,1.06286,16.308750000406803,94.59791666666098,Bassein River
16061,2.8772,16.308750000406803,97.45874999999404,
16062,1.21271,16.308750000406803,97.56124999999406,
16063,9.56186,16.309583333039768,94.54499999999416,Bassein River
16064,75.7497,16.31375000040697,97.63624999999388,
16065,0.3069,16.31625000040708,94.59791666666098,Bassein River
16066,31.2291,16.317083333740243,107.97708333332696,Bu Lu River
16067,43.5605,16.317916666379915,97.63416666666068,
16068,16.6641,16.317916667073575,108.01958333332698,Bu Lu River
16070,2.33234,16.320416667073857,73.39708333332851,
16208,0.335908,16.527341280906683,96.58894802020092,
16209,16.7265,16.528750000412515,97.34958333332747,
16210,6.19694,16.52916666752361,94.28916666827485,
16211,25.5054,16.530416667079066,97.4170833333274,
16212,9.21129,16.5312500004124,94.66291666666064,Pathein River or Nag Wun River
16213,3.74378,16.53208333374596,96.25541666666072,Hmaw Wun Creek
16214,21.7815,16.53208333374579,96.34124999999408,Yangon River
16215,0.19656,16.534583333745843,97.55208333332746,
16216,8.33838,16.535416667079232,94.32291666666072,
16217,64.9815,16.537083333745954,97.46791666666049,
16218,55.1905,16.537916667079287,97.5645833333275,
16219,0.244235,16.537916667079287,97.64374999999416,Gyaing River
16220,5.15614,16.538750000412676,97.43541666666084,
16221,1.45338,16.538750000412676,97.5370833333273,
16222,198.963,16.53958333374601,97.4504166666606,
16223,0.366761,16.54125000041256,97.6245833333274,Gyaing River
16224,2.8634,16.54208333374612,73.35541666666171,Vagothan
16225,3.43259,16.54208333374612,94.6720833333274,Pathein River or Nag Wun River
16226,12.5681,16.542916667079453,107.61791666666028,Sông Hương
16227,7.54445,16.543750000412842,96.61791666666068,
16228,3.40215,16.546250000412726,96.31208333332752,Hmaw Wun Creek
16229,2.01544,16.547083333746116,97.5229166666607,
16230,11.8945,16.547500001660865,97.51041666666084,
16231,2.49603,16.54958333324595,94.33499999999408,
16232,483.423,16.54958333374634,107.60874999999368,Sông Hương
16233,5.83306,16.55041666707973,94.68291666666096,Pathein River or Nag Wun River
16234,1084.15,16.551250000413063,97.65791666666075,Gyaing River
16235,1049.64,16.5526587200182,97.66644802073142,Gyaing River
16236,0.503281,16.553750000413004,73.32208333332852,Vagothan
16237,0.980006,16.553333334994704,94.69708333332756,Pathein River or Nag Wun River
16238,29.4193,16.55625000041323,73.35624999999487,Vagothan
16239,0.395871,16.55875000041317,96.65541666666088,
16240,2.57688,16.560416667079892,97.61208333332712,
16241,1.12476,16.561666668329053,96.24291666666085,Hmaw Wun Creek
16242,2.60876,16.565416667080058,73.35624999999487,Vagothan
16243,3.70344,16.56708333374678,94.68874999999412,Pathein River or Nag Wun River
16244,0.400162,16.569583333746834,94.70041666666084,Pathein River or Nag Wun River
16245,2.42713,16.570416667080224,96.2404166666608,Hmaw Wun Creek
16246,1.86138,16.572083333746946,96.28458333332748,Hmaw Wun Creek
16247,153.275,16.575416666601996,107.55333333332676,Bo River
16248,2.15812,16.576250000413722,73.34541666666172,Vagothan
16249,0.634726,16.576250000413722,97.33291666666082,
16250,6.16497,16.579583333746996,94.6995833333276,Pathein River or Nag Wun River
16251,1.57582,16.582083333747107,94.34708333332748,
16252,42.8319,16.582083333747107,94.68708333332756,Pathein River or Nag Wun River
16253,6.19167,16.587916667080776,94.34208333332748,
16254,12.1559,16.588750000413768,96.67708333332718,
16255,0.806208,16.592083333283426,97.32499999999384,
16256,0.413249,16.596250000414216,96.68208333332734,
16257,2.93855,16.597083333747605,94.6995833333276,Pathein River or Nag Wun River
16258,9.48025,16.598750000414327,107.50791666666038,sông đào Diên Hồng
16259,0.669331,16.60125000041421,96.28041666666088,Hmaw Wun Creek
16261,0.200107,16.602916667080933,82.29124999999448,
16262,1.31865,16.603750000414493,94.68874999999429,Pathein River or Nag Wun River
16263,0.436418,16.605416667080988,73.34124999999511,Vagothan
16264,4.8108,16.60541666662857,96.29916666666077,Hmaw Wun Creek
16265,400.667,16.60708333374771,96.29874999999409,Hmaw Wun Creek
16266,0.603998,16.6079166670811,97.32458333332738,
16267,5.24125,16.610416667081154,94.6995833333276,Pathein River or Nag Wun River
16268,193.114,16.612083333747876,73.38208333332835,Karavli
16269,0.142207,16.613750000414598,107.48374999999362,sông đào Diên Hồng
16270,4.9306,16.61541666708132,94.691249999994,Pathein River or Nag Wun River
16271,5.205,16.61708333374804,96.23624999999412,Yangon River
16272,0.127592,16.617916666639644,97.32416666666067,
16273,4.19585,16.628750000414925,73.34041666666172,Karavli
16274,27.8706,16.628750000414925,73.38874999999507,Karavli
16275,22.3393,16.628750000414925,94.35124999999408,
16276,2.33446,16.630416667081647,94.7337499999942,Pathein River or Nag Wun River
16277,14.2376,16.6320833337482,97.32208333332729,
16278,8.91113,16.633749999987174,73.38916666666177,
16279,0.466592,16.637083333748535,107.45374999999348,Sông Ô Lâu
16280,1.48025,16.637916667081925,73.36958333332848,Karavli
16281,1.03147,16.637916667081925,96.2445833333274,Yangon River
16282,0.576896,16.637916667081925,107.4412499999936,Sông Ô Lâu
16283,0.136646,16.638750000415087,73.34041666666172,
16284,0.581258,16.639583333748647,107.43374999999372,
16285,1.88191,16.64125000041537,94.73624999999409,Pathein River or Nag Wun River
16286,24.5568,16.643750000415253,96.26541666666088,Yangon River
16287,4.48106,16.644583333748642,94.7337499999942,Pathein River or Nag Wun River
16288,141.852,16.645416667081975,94.69708333332756,Pathein River or Nag Wun River
16297,0.846156,16.6695833337493,97.3262499999941,
16298,1.77172,16.671250000416023,96.2154166666608,Yangon River
16299,11.5513,16.672083333749526,96.72208333332723,
16300,6.25654,16.672083333749526,97.3262499999941,
16301,13.3049,16.674583333749467,97.32041666666056,
16302,0.866,16.677083333749522,94.71541666666076,Pathein River or Nag Wun River
16303,25.7763,16.677083333749522,96.2404166666608,Yangon River
16304,9.93031,16.686250000416294,73.33041666666156,
16305,2.14583,16.687083333749854,97.32708333332744,
16306,0.172526,16.687916667083243,107.45791666666014,Sông Ô Lâu
16307,4.01461,16.689583333749965,96.20541666666064,Yangon River
16308,0.865668,16.69208333375002,96.72374999999396,
16309,9.53994,16.692916667083182,96.20541666666064,Yangon River
16310,69.865,16.696250000416626,94.7379166666608,Pathein River or Nag Wun River
16311,0.191606,16.697083333750015,97.323749999994,
16312,18.6488,16.69958333375007,96.72458333332752,
16313,3.80272,16.70125000041702,97.25208333332743,
16314,23.7456,16.70208333375018,97.31874999999384,
16315,3.39892,16.702916667083514,94.7245833333276,Pathein River or Nag Wun River
16316,23.9748,16.709583333750402,97.31791666666084,
16317,324.37,16.71041666708379,82.24374999999452,Gautami Godavari
16318,566.159,16.711250000417124,97.32291666666084,
16319,19.0494,16.7146173714587,96.19843946369826,Yangon River
16320,3.59386,16.71708333375051,97.24541666666072,
16321,0.635648,16.722083333750845,107.4137499999934,Sông Ô Lâu
16322,9.50725,16.722916667084007,96.72958333332753,
16323,29.6443,16.72708333375084,96.22874999999408,Yangon River
16324,3.35437,16.73291666708417,82.31208333332779,Nilarava
16325,1.82373,16.73458333375089,94.36458333332736,
16326,28.7959,16.736250000417613,97.23291666666086,
16327,24.8731,16.738750000417724,94.7404166666609,Pathein River or Nag Wun River
16328,4.01981,16.741250000084165,96.74416666666082,
16329,65.7994,16.748750000091206,96.21999999999396,Yangon River
16330,9.05869,16.75125000041811,94.71124999999417,Pathein River or Nag Wun River
16331,44.0086,16.756250000418277,96.17541666666074,Ka Mar Aung Creek
16332,2.1078,16.757083333751666,96.75708333332756,
16333,1163.42,16.76208333375166,94.71291666666087,Pathein River or Nag Wun River
16334,174.97,16.76208333375166,96.12541666666068,Ka Mar Aung Creek
16335,328.808,16.766250000418438,96.1345833333275,Ka Mar Aung Creek
16336,0.446404,16.772500000832906,94.39250000167397,
16337,87.6115,16.7733333350173,96.1387499999941,Ka Mar Aung Creek
16338,3615.39,16.774583333448106,96.19083333332742,Ka Mar Aung Creek
16339,1.40853,16.774583333752048,96.77124999999415,
16340,31.633,16.774583333752048,97.23208333332713,
16341,0.259886,16.778333334165723,94.3950000016756,
16342,2.62436,16.780416667085603,96.11458333332752,Yangon River
16343,87.9933,16.782083333752098,96.12124999999406,Yangon River
16344,22.8222,16.78541666708577,97.23291666666086,
16345,16.5654,16.79000000168577,96.25874999999417,Bago River
16346,302.029,16.79458333375254,96.12041666666067,Yangon River
16347,0.230605,16.797083333752425,107.31291666666029,
16348,400.058,16.798750000419318,96.27124999999388,Bago River
16349,1.61672,16.79916666835328,96.1154166666609,Yangon River
16350,240.865,16.807916667086147,73.31791666666169,Muchkundi River
16351,0.128559,16.80958333375304,96.28208333332742,Bago River
16352,11.2633,16.812916667086483,96.7654166666606,
16353,1.32059,16.8195833337532,96.2729166666606,Bago River
16354,1.78827,16.820416667086533,96.2962499999942,Bago River
16355,18.3508,16.821250000157704,96.27499999999418,Bago River
16356,1.69751,16.822083333753255,96.30124999999418,Bago River
16357,2.20922,16.82458333349416,96.30583333332748,Bago River
16358,16.1545,16.826666668356154,96.0995833333272,Hlaing River
16359,376.917,16.828750000420143,96.11708333332724,Hlaing River
16360,7.16054,16.829583333753533,96.2870833333272,Bago River
16361,3.05804,16.830416667086695,97.2204166666608,
16362,333.518,16.831250000420255,96.09208333332748,
16363,0.551251,16.832083333753587,96.29958333332746,Bago River
16364,2.98092,16.832916667086977,96.09624999999392,Hlaing River
16365,1.77658,16.83541666708686,96.76124999999416,
16366,0.436268,16.837916667087143,94.39208333332756,
16367,2488.62,16.841250000420416,96.10624999999408,Sultan Creek
16368,46.932,16.84208333375375,96.10958333332752,Hlaing River
16369,0.128824,16.845416667087193,94.391249999994,
16370,3.08076,16.85041666708736,96.7604166666606,
16371,5.8008,16.851250000420748,96.31458333332722,Bago River
16372,3.08734,16.85291666708747,96.76208333332733,
16373,7.36678,16.853750000420803,97.23708333332728,
16374,3.90076,16.86125000042091,73.29624999999504,
16375,2.19597,16.86125000042091,96.3004166666608,Bago River
16376,31.0912,16.87250000082429,97.23416666495508,
16377,138.155,16.873750000421296,96.78124999999392,
16378,0.351141,16.874166668360942,107.1812499999935,Sông Vĩnh Định
16379,200.09,16.881250000421574,107.15874999999346,Sông Vĩnh Định
16380,0.297012,16.882083333754906,96.3054166666608,Bago River
16381,0.294646,16.883750000421458,96.32791666666084,Bago River
16382,0.414848,16.88458333375479,96.30958333332724,Bago River
16383,352.5,16.887083333755072,97.2295833333274,
16384,0.539648,16.888750000421624,97.20958333332726,
16385,11.89,16.888750000421624,97.21708333332737,
16386,0.581179,16.891250000421678,96.33708333332726,
16387,45.9037,16.892083333755068,73.30124999999487,
16388,0.602239,16.891666668362745,96.3195833333274,Bago River
16389,11.7323,16.89541666708851,96.3404166666607,Bago River
16390,1.28715,16.897083333755234,94.40624999999416,
16391,0.91246,16.898750000421956,96.33124999999391,
16392,120.1,16.898750000421956,96.8145833333275,
16393,392.115,16.913750000422453,82.25041666666141,Kakinada Canal
16394,0.827888,16.916250000422338,96.3429166666608,
16395,0.10723,16.91875000042262,94.4304166666609,
16396,0.185379,16.91875000042262,96.35541666666086,Bago River
16397,0.858177,16.922916667089225,96.34874999999414,Bago River
16398,2.62353,16.924583333755947,96.36541666666083,Bago River
16399,21.217,16.9262500004225,96.36708333332756,Bago River
16400,4.37932,16.929583333756113,97.1904166666605,
16401,2.47157,16.930833335033356,96.80208333332725,
16402,5.55541,16.933333334152906,73.28833333504923,Kajvi
16403,0.305864,16.940416667089664,96.37124999999418,Bago River
16404,0.450292,16.948750000423274,94.45124999999422,
16405,6.78317,16.95291666708988,73.28791666666177,Kajvi
16406,0.40071,16.954583333756602,96.36541666666083,Bago River
16407,0.409239,16.955416667090162,96.3595833333273,Bago River
16408,4.69269,16.958750000423436,73.31208333332853,Kajvi
16409,276.077,16.960416666954927,73.31666666666183,Kajvi
16410,0.969247,16.962916667090383,96.36041666666084,Bago River
16411,1389.63,16.962916667090383,96.36291666666074,Bago River
16412,3.99303,16.962916667090383,96.81041666666069,
16413,12.1515,16.971250000423822,73.30874999999509,Kajvi
16414,6.84649,16.97958333375726,97.17458333332736,
16415,75.7101,16.981250000424154,96.84208333332714,
16416,1.31184,16.98625000042415,96.8404166666608,
16417,120.139,16.998750000424536,107.10041666666037,Ben Hai River
16418,20.0382,17.007083333757976,82.28458333332799,
16419,3.4435,17.017083333758137,97.1737499999942,
16420,23.6713,17.02208333367463,73.29208333332821,Kajvi
16421,0.430257,17.031250000425302,97.18624999999406,
16422,24.8621,17.034583333758746,97.18624999999406,
16423,1.11585,17.034583333758746,107.10958333332678,Ben Hai River
16424,73.0306,17.040416667092245,73.29708333332837,
16425,0.23223,17.04541666709241,73.29541666666165,
16426,0.946446,17.058750000426016,82.31791666666135,
16427,0.467678,17.06208333375946,97.17291666666064,Bilin River
16428,39.9409,17.067083333759626,96.84458333332742,
16429,0.674713,17.071250000426232,97.16708333332748,Bilin River
16430,0.391836,17.075416667093066,94.45791666666094,
16431,20.2759,17.07791666709312,73.2895833333285,
16432,7.91846,17.08458333376001,97.12541666666084,Bilin River
16433,4.47258,17.08541666709357,97.15458333332742,Bilin River
16434,9.37795,17.088750000426842,96.85124999999414,
16435,0.665218,17.088750000426842,96.8545833333274,
16436,1.57699,17.08958333374261,107.10916666666026,
16437,139.819,17.09458333376034,82.35291666666143,
16438,0.913205,17.09541666709373,73.28624999999505,
16439,2.12261,17.100416667093896,97.13041666666084,Bilin River
16440,1.10746,17.109583333760668,107.07291666666032,
16441,481.608,17.110714121760452,97.14320967845192,Bilin River
16442,20.17,17.11208333376078,73.28291666666178,
16443,14.5378,17.11208333376078,97.1387499999941,Bilin River
16444,0.406876,17.11625000043415,94.48833333332756,
16445,6.40221,17.124583333760995,107.047083333327,
16446,1.59807,17.126250000427717,73.27208333332845,
16447,4.17897,17.12875000042783,97.0112499999941,
16448,9.9499,17.1470833337616,96.85374999999402,
16449,12.3513,17.15541666709538,73.26458333332818,
16450,0.32542,17.162083333762098,94.50291666666084,
16451,25.339,17.170833335058205,96.84458333332742,
16452,160.182,17.17458333382166,96.84083333332728,
16453,0.169861,17.18791666709592,73.25458333332841,
16454,1.51465,17.190416667096144,106.95541666666033,
16455,5.78814,17.198750000429584,73.24374999999486,
16456,30.4688,17.20375000042975,96.86041666666074,
16457,0.116157,17.205416667096472,94.52291666666076,
16458,0.15569,17.215416667096633,94.5120833333276,
16459,1.44754,17.217500001729604,73.24624999999514,
16460,1.35095,17.227916667097077,73.23958333332843,
16461,0.116392,17.240416667097463,106.88708333332704,
16462,0.862509,17.24083333506536,96.8987499999941,
16463,47.3205,17.268750000575267,97.0308333333274,
16464,1.79967,17.26958333376473,73.25791666666186,
16465,496.225,17.274583333764895,73.29708333332837,
16466,1.20281,17.276250000431617,73.21291666666178,
16467,0.113394,17.276666668402527,94.52041666666088,
16468,1.95339,17.283750000431894,73.24458333332842,
16469,0.125205,17.285416667098616,94.53541666666064,
16470,46.6079,17.28791666709867,97.0162499999941,
16471,0.800459,17.28875000043206,73.20208333332823,
16472,184.923,17.292916667098666,82.61041666666125,
16473,0.746966,17.294880854461496,96.91845703711203,
16474,0.344692,17.299583333765554,94.57374999999422,
16475,1584.42,17.302916667098998,96.92291666666084,
16476,9.36536,17.307916667099164,73.24208333332814,
16477,3.984,17.312083333765827,94.60374999999414,
16478,159.795,17.312083333765827,96.98791666666074,
16479,17.7876,17.317083333765993,96.938749999994,
16480,2.80147,17.317916667099325,73.24208333332814,
16597,2.14986,18.160416668035737,73.08083333332848,
16598,0.676981,18.16291666712135,73.07791666666174,
16599,0.946303,18.162500001829585,73.08708333332851,
16600,0.146324,18.16958333471036,106.29166666666032,
16601,0.429193,18.175416667121738,73.06791666666174,
16602,0.310984,18.180416667121904,73.07541666666162,
16603,122.172,18.181250000455123,94.45041666666066,
16604,1.18987,18.19500000183189,72.98041666666171,
16605,0.729003,18.21291666712284,73.07958333332846,
16606,478.87,18.214583333789392,83.93708333332773,
16607,9.83849,18.21958333378956,73.08208333332834,
16608,5.67153,18.22166666745869,109.61750000196088,
16609,0.161736,18.232083333789944,73.04874999999515,
16610,7.55807,18.23250000079236,109.55500000196236,
16611,283.734,18.23541666712321,109.49708333332684,
16612,18.6009,18.238750000456832,83.98958333332808,
16613,0.260717,18.243750000456828,72.98124999999521,
16614,0.902391,18.24461696430689,94.41510624960851,
16615,0.111298,18.24541666810802,106.19249999999356,
16616,1.77828,18.249583333790383,94.33791666666087,
16617,1.22798,18.25125000045688,94.35041666666092,
16618,44.6211,18.25708333379044,106.11041666666016,
16619,2.03875,18.25708333379044,106.11624999999368,
16620,72.8653,18.26041666712388,106.1087499999938,
16621,7.88017,18.26208333338417,109.72291666666,
16622,0.52511,18.26291666712393,73.06791666666174,
16623,1.58586,18.276250000457708,73.02291666666184,
16624,0.156988,18.27875000045782,73.06374999999514,
16625,0.218086,18.2829166671246,73.01624999999495,
16626,0.280481,18.28250000184136,94.37874999999428,
16627,0.136823,18.285000001840217,73.01124999999496,
16628,0.882847,18.285416667124707,109.4504166666602,
16629,0.210642,18.28708333379143,94.36541666666068,
16630,4.09008,18.290416667124703,109.37874999999345,
16631,3.12693,18.290833334128195,94.39000000197018,
16632,5.48641,18.291250000458035,109.36541666666022,
16633,0.664916,18.300416667125035,109.22041666666036,
16634,0.118625,18.301250000458367,94.32708333332732,
16635,102.764,18.30208333379176,73.04291666666182,
16636,3.31388,18.306250000458533,109.29041666666,
16637,3.74982,18.317916668169573,94.40499999999427,
16638,18.7216,18.320416668171788,72.9591666666617,
16639,3.22201,18.32791666817792,84.12583333332782,
16640,0.240708,18.337083333792577,109.1445833333268,
16641,95.9708,18.3395833337928,94.39624999999398,
16642,12.0305,18.34333333517958,109.13374999999364,
16643,287.461,18.346250001526755,84.12916666666126,
16644,0.381428,18.349583333792964,94.39624999999415,
16645,0.623226,18.35041666712636,106.02041666666037,
16646,0.215056,18.36041666712645,109.11124999999362,
16647,1.25266,18.36458333379329,109.02124999999349,
16648,0.370602,18.368750000460068,109.08791666666023,
16649,3.7638,18.369583333793457,94.36958333332753,
16650,17.2958,18.373750000460063,72.92541666666182,
16651,0.129943,18.378750002056503,105.99541666279242,
16652,60.7002,18.389583334896543,109.7649999999935,
16653,3.73003,18.39208333489836,109.81749999999364,
16654,6.35602,18.394583333794287,94.33791666666087,
16655,200.243,18.39750000185193,105.88874999999376,
16656,128.511,18.39833333518549,105.90541666666049,
16657,20.7957,18.399583333794283,109.81291666666031,
16658,8.9203,18.40583333518606,108.95124999999364,
16659,1.10712,18.40791666712772,108.9454166666601,
16660,10.9564,18.40791666712772,109.88374999999331,
16661,0.764171,18.40791666712772,110.06208333332673,
16662,0.774415,18.40958333379461,94.32874999999405,
16663,13.2401,18.41041666824725,109.96583333332688,
16664,1.97603,18.41500000185391,108.92708333332688,
16665,1.22039,18.41791666712805,109.92708333332666,
16666,8.00894,18.42208333379483,108.89208333332698,
16667,28.2796,18.43041666712844,108.86458333332678,
16669,1.08407,18.44125000046199,94.31874999999428,
16670,7.85095,18.44708333379549,108.8520833333269,
16671,1.61923,18.45791666712921,94.29708333332758,
16672,100.584,18.49291666712997,110.08458333332676,
16673,22.2171,18.49625000046342,108.71208333332704,
16674,2.49681,18.50583333519665,72.91208333332855,
16676,242.828,18.51000000080711,72.97666666866172,
16677,8.96213,18.526250000464245,110.09874999999334,
16678,31.2388,18.54041666713124,72.97124999999488,
16679,1.25577,18.54625000046473,72.96124999999512,
16684,80.7114,18.56375000046512,84.35541666666131,
16686,11.4564,18.583750000465614,105.83291666666037,
16693,1.25424,18.652916667134264,110.24791666666,
16694,0.152849,18.668750000467924,110.28458333332684,
16695,122.687,18.669583333801256,72.86458333332843,
16696,6.32059,18.67125000046798,110.33124999999364,
16697,5.42437,18.672916667134928,93.67708333332764,
16698,4.25422,18.672916667134928,93.7037499999941,
16699,74.8648,18.675000000819693,84.44083333534252,
16700,0.448701,18.676250000468144,108.70208333332688,
16701,1.31528,18.68625000180714,93.65333333332734,
16702,7.50971,18.6879166671352,93.64791666666088,
16703,2.74441,18.69375000046876,93.72874999999402,
16704,0.918621,18.6970833338022,93.7312499999943,
16705,1.26847,18.703750000468915,93.73458333332758,
16706,13.3651,18.70458333515512,72.86083333332846,
16707,792.891,18.72041666713613,105.75624999999384,
16708,0.936149,18.727916667136185,94.23791666666092,
16709,16.428,18.727916667136185,94.27291666666082,
16710,0.860156,18.729583335175505,93.60249999999428,
16711,1.58947,18.729166667491143,94.15999999797566,
16712,1.24697,18.73291666713635,108.6970833333267,
16713,1.5612,18.737916667136343,94.27041666666094,
16714,62.3579,18.742916667136512,110.4495833333268,
16715,7.15348,18.743750000469905,94.2454166666608,
16716,607.224,18.745833335221675,72.98624999999521,
16717,1.26513,18.74791666713668,105.73458333332712,
16718,0.18642,18.75125000047012,72.98374999999498,
16719,2.6923,18.751250001859603,94.20333333332752,
16720,5.11117,18.75291666713701,108.68791666666029,
16721,107.195,18.754583333803566,72.86624999999515,
16722,0.606033,18.754583333803566,72.98374999999515,
16723,2.28727,18.75791666713718,72.86624999999515,
16724,0.428932,18.76125000047045,72.99374999999492,
16725,1.70618,18.764583333803728,93.55708333332734,
16726,0.168958,18.768750000470504,93.74374999999418,
16727,1.78864,18.77458333380406,72.86458333332826,
16728,0.54181,18.77458333380406,73.00124999999503,
16729,0.163637,18.777083333804114,73.00208333332853,
16730,4.60781,18.7795833338044,93.7362499999943,
16731,3.30566,18.781250000470948,93.5370833333276,
16732,4.86237,18.785416667137724,93.97624999999424,
16733,0.344889,18.78510284484429,94.18628848224388,
16734,0.146506,18.78958333380456,72.99708333332836,
16735,3.48253,18.79041666713789,108.6737499999935,
16736,11.4932,18.79208333380444,72.91624999999505,
16737,5.07321,18.79875000047133,72.88791666666162,
16738,2.92116,18.802916668567605,73.01583333332832,
16739,1.35139,18.805416667138218,93.94291666666088,
16740,802.618,18.80791666713833,73.00291666666175,
16741,1.13314,18.81208333524148,72.93249999999506,
16742,5.63717,18.81291666713849,93.97874999999397,
16743,55.2707,18.813750000471657,93.73958333332756,
16744,14.6798,18.821250001915587,93.5166666666608,
16745,27.8408,18.82208333380544,105.71708333332708,
16746,2.72388,18.827083333805604,93.9445833333276,
16747,1.28993,18.829583333805544,94.13541666666087,
16748,170.971,18.831250001923536,105.70833333332696,
16749,389.226,18.8320833338056,94.1462499999942,
16750,58.8267,18.85041666713937,93.73874999999418,
16751,1.1824,18.85208333380609,93.49374999999424,
16752,3.5504,18.85291666713965,72.96124999999512,
16753,82.3574,18.8558333341702,72.98500000202199,
16754,7.18838,18.85625000047293,108.62958333332676,
16755,2.98292,18.863750000473143,94.07291666666094,
16756,1.42882,18.86625000047303,72.98874999999492,
16757,66.0046,18.87291666713992,84.587083333328,
16758,0.679758,18.87458333380664,93.67708333332764,
16759,1.47297,18.8754166671402,72.91791666666177,
16760,53.6569,18.877916667140084,93.66958333332752,
16761,1.28159,18.88083333523593,93.54958333332765,
16762,7.80176,18.88125000047376,94.14541666666088,
16763,0.25855,18.88208333380692,93.55374999999408,
16764,134.857,18.88375000047364,110.51458333332664,
16765,25.046,18.88541666714036,93.9404166666606,
16766,12.4758,18.88541666714036,105.65708333332684,
16767,1.47434,18.88875000047381,93.63874999999403,
16768,0.825616,18.88958333380714,93.56791666666088,
16769,2.34038,18.894583333807304,93.6279166666609,
16770,0.184652,18.89500000190418,94.04624999999407,
16771,3.10062,18.896250000474023,93.62708333332756,
16772,0.869116,18.896769473316738,93.94454481418882,
16773,4.69755,18.898750000473967,108.65458333332674,
16774,4.86549,18.89958333380747,72.94291666666186,
16775,0.33906,18.90208333531285,93.86833333332754,
16776,19.7136,18.904583335314896,105.63416666666036,
16777,42.7733,18.9087500004743,72.95791666666184,
16778,1.52395,18.908333335238808,93.86208333332752,
16779,40.2832,18.922916667141408,93.9545833333276,
16780,0.195414,18.93208333380824,93.83291666666076,
16781,1.00812,18.9429166671419,72.97958333332849,
16782,11.808,18.942916668678265,94.05166666666094,
16783,0.340059,18.945416667142013,93.97874999999397,
16784,4.0685,18.946250000475345,105.62208333332694,
16785,1.31813,18.947916668682183,108.65583333332694,
16786,1.09664,18.948750000475457,72.99291666666176,
16787,20.5055,18.954583333808955,93.79541666666096,
16788,19.272,18.968750002031868,84.683333333328,
16789,0.112147,18.970416667142672,73.00124999999503,
16790,9.2528,18.972916667142727,93.77458333332766,
16791,73.4889,18.97458333380945,72.8537499999951,
16792,18.0854,18.97458333380945,93.76958333332766,
16793,108.863,18.97625000047617,93.7362499999943,
16794,5.68974,18.97625000047617,108.64874999999336,
16795,1.77261,18.97708333380956,93.98041666666067,
16796,2.89074,18.98041666714284,93.97791666666096,
16797,1.99971,18.980416668829434,73.01708333730238,
16798,2037.79,18.983750002043507,72.81499999999505,
16799,324.764,18.985416667143,105.61291666666034,
16800,137.574,18.989583333809776,94.04541666666093,
16801,13.0008,18.99375000205152,73.02833333332836,
16802,8.76553,18.998750002055203,93.717499999994,
16803,142.912,19.000416667143497,72.89208333332846,
16804,1671.58,19.00125000047683,73.02624999999512,
16805,151.509,19.00541666714344,72.86458333332843,
16858,1.75387,19.23458333381632,94.07208333332738,
16859,99.3562,19.23708333557107,105.74749999999368,
16860,571.177,19.23791666714976,72.82624999999507,
16861,4.94422,19.24375000048326,93.75791666666096,
16862,17.1855,19.24458333381665,72.82208333332824,
16863,7.53808,19.2462500004832,72.82958333332851,
16864,0.451558,19.249583335580724,93.85333333332744,
16865,277.647,19.250416667150148,72.83541666666167,
16866,0.103058,19.250416667150148,93.85708333332737,
16867,3.86685,19.25291666715009,93.65958333332736,
16868,4.08479,19.255416667150143,93.65291666666089,
16869,2.81199,19.26041666715031,93.66041666666092,
16870,22.5793,19.262083335589864,84.91249999999462,
16871,0.354331,19.267916667150416,93.8012499999943,
16872,51.7363,19.274583333817304,93.65291666666089,
16873,11.1836,19.27708333381736,93.52958333332732,
16874,50.919,19.27708333381736,93.6537499999942,
16875,135.215,19.27791666715075,108.67374999999367,
16876,19.8747,19.27958333381747,72.78374999999505,
16877,36.4243,19.281719782440064,93.52683609949844,
16878,0.655643,19.283750000484247,93.66291666666064,
16879,26.2963,19.2866666686121,72.91041666666166,
16880,13432.9,19.2895833338178,72.91291666666177,
16881,13.8456,19.29041666715113,72.78541666666177,
16882,3.3512,19.291250000484524,110.63291666665998,
16883,0.428376,19.29291666715108,108.6662499999934,
16884,54.2939,19.29666666861312,93.51541666666073,
16885,1.27229,19.297083333818023,93.69958333332768,
16886,410.717,19.298333335279835,72.8862499999949,
16887,344.366,19.30208333381819,72.80708333332848,
16888,1.03887,19.30208333381819,93.81624999999428,
16889,0.409295,19.302916667151408,93.8562499999942,
16890,11.3909,19.304166668613902,72.7995833333282,
16891,0.383979,19.30458333381813,93.79958333332758,
16892,1.97337,19.30625000048485,110.63541666666026,
16893,0.257133,19.30821495964841,93.78512427549072,
16894,2.39423,19.313750000485243,105.81374999999376,
16895,30.5812,19.31458333381846,72.83624999999523,
16896,364.674,19.3154166671518,72.8862499999949,
16897,2.54008,19.31875000048524,94.04291666666064,
16898,0.310542,19.326250000485288,93.64708333332749,
16899,1.06834,19.32958333381896,93.6345833333276,
16900,0.194557,19.33041666715229,94.04874999999402,
16901,1.85946,19.33541666715245,72.82374999999496,
16902,0.155252,19.33625000048562,94.0529166666608,
16903,1.04474,19.33875000048573,93.63291666666088,
16904,416.78,19.342083333819176,72.85874999999487,
16905,6.0256,19.342916667152508,72.84208333332822,
16906,20.4338,19.343750002317503,72.78916666666174,
16907,0.538561,19.347916667152504,93.67124999999425,
16908,1.3471,19.348435982981982,93.882044662485,
16909,2.24042,19.349583333819226,93.73624999999412,
16910,4.25812,19.35791666715284,110.6712499999934,
16911,0.994643,19.3620833338195,93.86874999999424,
16912,54.7381,19.36375000048639,72.77124999999518,
16913,29.2475,19.367083333819664,94.06874999999394,
16914,3.27461,19.367916667153168,93.73041666666074,
16915,516.646,19.37208333382,85.06208333332796,
16916,0.111776,19.372916667153333,93.91291666666098,
16917,5.17639,19.375416667153445,93.47874999999424,
16918,2.75876,19.377083333820167,93.61458333332727,
16919,2.43167,19.37875000048689,108.7462499999936,
16920,0.651395,19.38375000048705,93.61291666666096,
16921,5.07458,19.38875000048705,93.84791666666092,
16922,12.4607,19.389583333820383,85.08624999999455,
16923,10.3764,19.393750000487216,94.02624999999432,
16924,6.27768,19.39541666715394,72.76458333332846,
16925,11.6859,19.407916667154154,93.55124999999435,
16926,12.9734,19.407916667154325,93.55624999999436,
16927,0.696933,19.407916667154325,93.706249999994,
16928,3.01124,19.410416667154266,93.97458333332752,
16929,111.579,19.41291666715432,105.79124999999374,
16930,2.18796,19.425416667154764,93.67708333332764,
16931,5.02851,19.43083333529381,93.67041666666093,
16932,0.128527,19.432916667154814,93.96541666666091,
16933,1.87733,19.433750000488143,93.5345833333273,
16934,1.96008,19.44208333382176,108.82458333332688,
16935,1.11627,19.44958333382204,93.9120833333276,
16936,1.07299,19.452083333822088,93.90958333332752,
16937,5.12112,19.45375000048864,93.99541666666084,
16938,18.0894,19.46000000196358,110.77458333332676,
16939,0.682775,19.461250000489088,110.77958333332693,
16940,3.12083,19.46458333382236,93.85708333332737,
16941,1.48365,19.466250000489083,110.78791666666018,
16942,4.70035,19.46958333382236,93.88708333332768,
16943,0.206938,19.47458333382252,72.75624999999485,
16944,0.554221,19.475416667156026,72.76041666666185,
16945,0.577715,19.47958333382286,93.6345833333276,
16946,1.59927,19.48000000092441,93.82249999795556,
16947,0.336325,19.48041666715619,108.89958333332686,
16948,10.0751,19.4816666675913,93.8166666646224,
16949,4.07749,19.484583333823025,72.77041666666184,
16950,19.0621,19.4879166671563,105.8062499999935,
16951,9.08107,19.48958333382319,108.93708333332688,
16952,1.3758,19.49011830377026,93.85070900506446,
16953,2.92192,19.49041666715636,93.93374999999428,
16954,5.63213,19.491250000489742,93.90124999999408,
16955,0.697074,19.492083333823075,93.93458333332762,
16956,6.59931,19.4937500004898,72.78041666666161,
16957,1.47496,19.494583333823183,93.93624999999416,
16958,78.8143,19.494583333823183,108.94958333332691,
16959,185.254,19.49541666715652,72.78041666666161,
16960,2.33259,19.49541666715652,93.80958333332757,
16961,2.66805,19.49541666715652,93.89041666666094,
16962,9.26838,19.500416667156685,93.88291666666083,
16963,8.71826,19.502083333823578,93.88291666666083,
16964,910.108,19.50541666715685,72.78041666666161,
16965,0.900138,19.50541666715685,93.78041666666098,
16966,6.94093,19.509583333823684,72.77958333332845,
16967,6.04602,19.511250000490406,108.9379166666602,
16968,1.01198,19.51375000049029,93.9445833333276,
16969,14.9534,19.515416667157183,93.86958333332764,
16970,5.56654,19.517083333823905,93.76124999999422,
16971,7.96202,19.521250000490568,93.6537499999942,
16972,7.37108,19.52208333382407,105.80708333332706,
17099,4.61367,19.91541666716779,72.67791666666176,
17112,1.65316,19.937083333835005,109.8062499999936,
17113,20.2405,19.939583333834943,109.99291666666004,
17114,14.7184,19.94041666716845,109.8487499999934,
17115,0.220575,19.94208333383517,93.70291666666073,
17116,2.7287,19.94291666716856,110.01958333332692,
17117,0.404802,19.94416666868188,93.7270833333273,
17118,0.397276,19.94500000201521,72.68458333332848,
17119,6.18427,19.94625000050184,109.80374999999331,
17120,5.05993,19.945383535684243,109.8684397320922,
17121,1.75689,19.94625000050184,110.01958333332692,
17122,3.86487,19.947083333835337,105.99291666666034,
17123,11.9517,19.94958333383545,110.5879166666603,
17124,0.177113,19.955416667168777,92.97374999999435,
17125,0.902855,19.96041666716877,93.41124999999414,
17126,0.280862,19.96041666716877,93.50458333332756,
17127,272.074,19.96041666716877,106.03208333332708,
17128,0.313697,19.96041666716877,109.56374999999356,
17129,0.243263,19.961250000502503,72.70124999999518,
17130,0.941374,19.96291666716905,93.7245833333276,
17131,0.379352,19.96291666716905,109.77458333332696,
17132,0.26725,19.964583333835776,92.96874999999436,
17133,0.490515,19.96416666868396,109.8812499999936,
17134,2.00393,19.96625000050249,93.71124999999417,
17135,1.62384,19.96625000050249,109.572083333327,
17136,1.86526,19.969583333835946,93.46374999999432,
17137,248.489,19.970416667169275,72.7170833333285,
17138,0.525251,19.97291666716916,93.10791666666069,
17139,0.748851,19.97375000050272,109.89041666666004,
17140,0.570322,19.97541666716944,93.41874999999423,
17141,78.4479,19.976666668685425,109.73458333332668,
17142,3.77331,19.977916667169325,109.73124999999362,
17143,5.45663,19.978333335352147,110.55708333332666,
17144,2.61476,19.980416667169607,106.18041666666034,
17145,2.40474,19.98375000050288,110.07791666666004,
17146,9.54349,19.9854166671696,110.61291666666024,
17147,0.225949,19.98958333383638,110.54958333332672,
17148,0.101651,19.991666668687003,109.61124999999332,
17149,0.125201,19.992916667169823,109.6304166666601,
17150,0.281194,19.99541666716993,86.40541666666132,
17151,0.449308,19.996250000503267,110.84791666666,
17152,5.79801,19.997083333836656,93.04708333332746,
17153,6.15761,19.99875000050337,93.527916666661,
17154,25.5571,20.0004166671701,110.12624999999338,
17155,125.762,20.00416666868813,106.19541666666032,
17156,4.90464,20.006250000503428,93.40624999999396,
17157,1.71387,20.009583333836872,93.04208333332748,
17158,2.27789,20.009583333836872,110.13458333332665,
17159,1.39758,20.009583333836872,110.60208333332672,
17160,383.085,20.010833335355528,110.38708333332688,
17161,0.698499,20.01375000050388,86.3354166666611,
17162,31.7641,20.01625000050376,110.6020833333269,
17163,8.40472,20.019583333837204,110.14124999999352,
17164,1.84741,20.022083333837315,106.10958333332678,
17165,43.9167,20.02250000202349,110.49374999999333,
17166,59.6108,20.02541666717076,110.2712499999936,
17167,134.409,20.028750000504203,86.24041666666096,
17168,0.923363,20.030416667170925,86.2487499999944,
17169,1.05166,20.031250000504087,72.71624999999494,
17170,1113.47,20.032083333837647,106.11208333332706,
17171,0.790032,20.03375000050437,110.14708333332668,
17172,0.198588,20.036250000504424,92.96624999999416,
17173,8.99711,20.036250000504424,110.37624999999332,
17174,8.45164,20.03791666717097,93.123749999994,
17175,271.013,20.039583333837868,110.30708333332689,
17176,3.13184,20.04125000050459,110.1495833333268,
17177,235.083,20.04208333383781,110.31458333332694,
17178,0.604685,20.04375000050453,72.71541666666178,
17179,9.25211,20.04375000050453,110.44624999999336,
17180,103.528,20.04625000050476,86.30041666666119,
17181,40.6715,20.04625000050476,93.2837499999942,
17182,0.464591,20.04625000050476,93.2887499999942,
17183,3.382,20.0495833361457,93.11333333332756,
17184,1.14126,20.050000001045248,92.95916666465666,
17185,3.14014,20.05208333383797,110.36374999999327,
17186,10.1166,20.05375000050469,86.42708333332797,
17187,0.381797,20.05375000050469,93.35791666666064,
17188,5.73496,20.05625000050492,92.95874999999404,
17189,1.9639,20.05625000050492,93.20041666666094,
17190,26.073,20.057500002027325,110.42208333332678,
17191,28.9908,20.05875000050486,110.20708333332676,
17192,13.2008,20.062916667171635,93.1020833333277,
17193,1.90034,20.065833335361447,93.1020833333277,
17194,0.848113,20.06708333383864,92.95791666666088,
17195,43.9437,20.07208333383864,93.128749999994,
17196,2.80435,20.07208333383864,93.13124999999428,
17197,0.490653,20.07333333536224,110.32041666665992,
17198,0.661165,20.077916667172133,93.40208333332754,
17199,1.79516,20.077916667172133,106.26624999999352,
17200,56.3452,20.07875000050529,93.40541666666098,
17201,0.86683,20.081250000505577,72.7262499999951,
17202,0.549514,20.087083336170224,93.19916666666067,
17203,7.35534,20.088750000505627,93.34374999999405,
17204,31.4744,20.088750000505627,93.37708333332762,
17205,0.605051,20.09041666717235,92.98374999999436,
17206,4.74344,20.09291666717263,93.40874999999426,
17207,15.4208,20.09458333383936,93.19541666666078,
17208,1.1263,20.095416667172515,72.73208333332826,
17209,0.400938,20.09958333383952,93.335416666661,
17210,5.19384,20.102083333839403,93.20374999999422,
17211,1.439,20.10291666951383,93.22166666666072,
17212,5.63026,20.10458333383952,93.22624999999424,
17213,0.185842,20.10791666717296,93.21458333332754,
17214,56.0959,20.10958333383968,93.43374999999418,
17215,2.85612,20.110416667173013,93.32291666666072,
17216,0.163128,20.11125000050623,93.22374999999433,
17217,37.8429,20.113750000506457,93.2337499999943,
17218,3.02464,20.1162500005064,110.65708333332674,
17219,0.608352,20.11875000050645,93.40624999999396,
17220,33.6592,20.122083333839896,92.87874999999406,
17221,0.357618,20.12291666717329,93.00041666666068,
17222,0.498871,20.12291666717329,93.00708333332756,
17223,0.149878,20.12291666717329,110.70124999999348,
17224,15.6311,20.1262500005069,93.04374999999402,
17225,0.684841,20.1262500005069,93.05874999999436,
17226,38.4473,20.127083333840066,93.02791666666089,
17227,19.2001,20.12833333536816,72.73874999999498,
17228,3.57864,20.13458333384034,93.05708333332764,
17229,2.29918,20.141250000507227,72.73958333332854,
17230,12.4772,20.14708333384073,93.41541666666096,
17231,18.7559,20.147916667173945,92.8370833333276,
17232,13.4179,20.149583333840667,106.33458333332698,
17233,51.808,20.15291666717394,92.82958333332738,
17234,0.687864,20.15291666717394,93.41458333332758,
17235,0.490055,20.153750000507443,92.99208333332764,
17236,1.77825,20.15875000050778,93.40374999999426,
17237,1.72888,20.16625000050772,72.74291666666181,
17238,1.16764,20.16791666717461,92.80791666666067,
17239,21.5716,20.170416667174663,93.41291666666086,
17240,51.2756,20.173333334410245,86.4941666646705,
17241,0.511068,20.173750000508107,93.0837499999941,
17242,1.49318,20.17541666717466,93.310416666661,
17243,42.9483,20.180416667174825,86.5045833333279,
17244,60.443,20.18208333623164,93.30083333332756,
17245,3.68797,20.18375000050827,93.40208333332754,
17246,1.9458,20.18458333384166,92.99458333332768,
17247,0.139813,20.18541666717516,92.97374999999435,
17248,97.9359,20.185833334413644,92.92000000198334,
17249,7.24718,20.187916667175102,92.92124999999407,
17250,33.8181,20.187916667175102,92.99541666666067,
17251,0.130205,20.187916667175102,93.10291666666068,
17252,2.23584,20.187916667175102,93.14624999999404,
17253,10.4769,20.187916667175102,93.14874999999417,
17254,8.22466,20.1937500005086,93.17791666666074,
17255,21.2619,20.197916667175207,93.0912499999942,
17256,0.830875,20.197916667175207,93.39458333332766,
17257,13.9185,20.202916667175373,92.99624999999423,
17258,216.542,20.20375000050876,72.74874999999497,
17259,3.855,20.20458333384209,93.30708333332755,
17260,0.380671,20.20541666717565,92.93041666666102,
17261,9.72798,20.20541666717565,93.39874999999428,
17262,585.334,20.205833335376383,93.30374999999412,
17263,0.374893,20.20958333384226,93.19708333332768,
17264,2.42988,20.20958333384226,106.43124999999368,
17265,0.322015,20.21041666717565,93.10874999999425,
17266,13.106,20.214583333842427,93.19874999999422,
17267,15.1612,20.215416667175816,92.76958333332747,
17268,12.7655,20.21625000050915,93.11458333332756,
17269,10.4313,20.2195833338426,106.48874999999362,
17270,60.0938,20.21988200633382,93.14179122367682,
17271,6.38108,20.22166666775655,92.94916666864566,
17272,0.15185,20.22958333384276,86.60208333332793,
17273,25.7944,20.23041666959591,92.95499999999412,
17274,13.9947,20.230416667176144,93.13208333332744,
17275,0.489237,20.23208333384304,93.38624999999422,
17276,16.9011,20.23541666717631,92.78041666666104,
17277,1.79698,20.24041666717648,93.37291666666096,
17278,0.348776,20.24291666717653,93.37958333332767,
17279,8.34099,20.24625000050997,86.63541666666111,
17280,37.9806,20.24875000051009,92.9737499999942,
17281,3.16552,20.25041666960845,110.11916666666002,
17282,5.24997,20.25125000051014,110.18958333332672,
17283,7.396,20.252083336276257,93.00916666666096,
17284,0.757989,20.253333335381512,93.37458333332768,
17285,0.667707,20.26208333384369,72.75291666666158,
17286,0.245487,20.2629166671772,93.36291666666062,
17287,1.73878,20.263750000510413,110.11541666666022,
17288,14.6589,20.26458333384392,92.80791666666067,
17289,0.443624,20.265416667176964,110.29374999999344,
17290,0.250125,20.267083333843857,110.27208333332676,
17291,2.6313,20.26958333384391,92.81958333332756,
17292,2.10617,20.272083333844023,92.82541666666071,
17293,0.942482,20.272083333844023,106.56791666666044,
17294,0.93192,20.27291666717736,93.01874999999428,
17295,5.82694,20.273750000510745,110.24708333332684,
17296,9.13159,20.275416667177467,110.19874999999348,
17297,35.8984,20.275416667177467,110.2287499999934,
17298,1.76908,20.27791666962588,110.23666666665996,
17299,38.0272,20.279583333844243,93.02874999999426,
17300,9.65327,20.28041666717764,93.3487499999942,
17301,3.13853,20.283750000510903,93.35541666666091,
17302,0.853935,20.2854166671778,92.84958333332747,
17303,1.23326,20.2854166671778,109.93541666665992,
17304,0.786748,20.28708333384452,109.97958333332684,
17305,4.16211,20.28708333384452,110.01624999999348,
17306,0.786748,20.287916667177683,109.98124999999357,
17307,0.717307,20.289583333844405,110.05708333332672,
17308,0.220197,20.290416667177965,92.81291666666084,
17309,5.18485,20.29000000110864,109.98333333530265,
17310,8.68058,20.299583333844737,92.84541666666104,
17311,7.08335,20.299583333844737,110.36208333332672,
17312,36.6267,20.300416667178126,92.8637499999943,
17313,1.15018,20.30125000051146,92.84791666666077,
17314,0.697378,20.30125000051146,92.89458333332738,
17315,0.779395,20.30166666872003,86.71208333332766,
17316,1.61985,20.30208333630776,93.03499999999428,
17317,3.67987,20.303333335386924,72.77541666666161,
17318,0.29922,20.306250000511625,92.8987499999942,
17319,44.7194,20.307916667178347,92.89791666666082,
17320,0.660264,20.313750000511902,92.77291666666092,
17321,797.112,20.314583333845064,106.53041666666024,
17322,0.482741,20.31791666717868,86.74541666666107,
17323,10.7957,20.31958333384523,92.7712499999942,
17324,1.2665,20.31958333384523,93.03624999999433,
17325,8.38808,20.323750000512007,93.015416666661,
17326,464.75,20.329882053489257,86.656791258613,
17327,0.352647,20.33375000051234,92.7320833333277,
17328,0.468802,20.33458333384573,72.77874999999489,
17329,3.18187,20.33625000051228,92.68708333332762,
17330,0.309892,20.34208333384578,92.76541666666088,
17331,0.238626,20.34208333384578,93.0554166666609,
17332,7.28407,20.34458333384606,110.44374999999326,
17333,2.09601,20.345416667179222,109.92291666666006,
17334,1.78447,20.34750000205827,92.85458333332748,
17335,1.59815,20.348750000512663,93.06708333332762,
17336,26.5171,20.349583333846056,92.76541666666088,
17337,0.799248,20.351250000512948,92.7320833333277,
17338,0.253596,20.3529166671795,92.86541666666102,
17339,3.0395,20.353750000512832,92.67874999999437,
17340,1.2543,20.35625000051312,72.8129166666618,
17341,0.347367,20.357916667179666,92.86041666666102,
17342,1.78819,20.357916667179666,110.45541666666014,
17343,17.677,20.36125000051311,93.01958333332745,
17344,42.2912,20.36208333384644,109.98291666666027,
17345,0.875855,20.36208333384644,110.4587499999936,
17346,1.1622,20.36291666717983,92.84291666666098,
17347,6.50582,20.36458333384656,92.73291666666104,
17348,3.79803,20.36625000051328,92.76624999999405,
17349,97.5367,20.367916667179827,72.82208333332824,
17350,0.472875,20.37541666718021,92.83541666666088,
17351,1.1108,20.37708333384694,93.08958333332764,
17352,3.39315,20.37708333384694,93.122916666661,
17353,29.3116,20.37708333384694,93.12624999999412,
17354,6.85149,20.37791666718033,92.76791666666077,
17355,0.568398,20.38375000302489,72.82666666666154,
17356,2.79389,20.390416667180546,92.76874999999433,
17357,5.03199,20.390416667180546,93.122916666661,
17358,9.09645,20.390416667180546,93.13208333332744,
17359,6.93149,20.390416667180546,109.88041666666028,
17360,2.3954,20.392083333847268,92.73541666666095,
17361,57.5619,20.39458333384721,86.72624999999448,
17362,0.44284,20.39458333384721,92.83208333332745,
17363,0.372686,20.39541666718054,92.73791666666102,
17364,44.3303,20.397083336366507,92.84333333332744,
17365,0.413193,20.39958333384737,93.13041666666072,
17366,0.154315,20.4020833338476,93.07374999999432,
17367,2.75843,20.40375000051432,92.83791666666082,
17368,23.9982,20.40375000051432,93.15458333332748,
17369,11.4579,20.40458333384754,92.84041666666104,
17370,2.78782,20.406250000514262,92.76791666666077,
17371,5.93809,20.409583336374,93.1466666666609,
17372,2.65296,20.41125000051443,93.0770833333276,
17373,808.123,20.411217011935776,72.8317731072633,
17374,0.913902,20.413750000514483,92.65124999999432,
17375,0.502355,20.41958333384804,92.64874999999428,
17376,21.6949,20.42125000051476,110.50374999999347,
17377,23.0851,20.422083333848093,92.7645833333275,
17378,10.6424,20.42958333384837,92.74708333332744,
17379,1.7645,20.42958333384837,92.7620833333276,
17380,0.579864,20.43125000051509,92.64124999999416,
17381,97.2872,20.433750000514976,93.0229166666607,
17382,11.3884,20.438750003058544,92.6349999999943,
17383,10.982,20.44541666718203,92.76041666666087,
17384,15.2735,20.445833334487475,92.73999999804153,
17385,0.735015,20.447916667181914,72.83624999999523,
17386,2.69755,20.452916671574823,110.01166666666018,
17387,5.14929,20.45458333640147,92.62499999999436,
17388,0.930051,20.457916667182246,92.75958333332773,
17389,22.118,20.45875000051564,109.96874999999328,
17390,13.5893,20.46041666718236,72.8487499999951,
17391,0.391072,20.46291666718241,92.73291666666104,
17392,2.809,20.46291666718241,92.75874999999434,
17393,412.766,20.466250000515856,72.85874999999487,
17394,2.55176,20.4695833338493,92.73041666666096,
17395,18.1375,20.47875000051613,92.75374999999434,
17396,494.095,20.478333335405523,106.5729166666602,
17397,0.441991,20.48041666718285,92.72791666666086,
17398,0.590625,20.48291666718308,92.60124999999424,
17399,13.7027,20.485416669753363,109.90833333332677,
17400,8.11015,20.488333335406764,109.93624999999366,
17401,4.5143,20.493750000516627,92.7229166666607,
17402,15.3737,20.494166668740604,72.87541666666175,
17403,0.434659,20.49541666718352,72.87958333332818,
17404,2.20806,20.49625000309328,92.59166666666096,
17405,43.9965,20.497916667183404,92.7220833333277,
17406,0.38762,20.497916667183404,109.87041666666028,
17407,1.865,20.50041666718369,109.84291666666024,
17408,18.0563,20.50333333450488,72.88666666860473,
17409,9.892,20.50458333385029,110.51874999999347,
17410,94.062,20.50541666718368,93.08041666666064,
17411,1.86615,20.510416667183847,92.7229166666607,
17412,3.10966,20.514583333850624,72.88791666666162,
17413,0.596069,20.518750000517286,92.56708333332772,
17414,16.8695,20.52041666718401,86.73958333332769,
17415,0.142936,20.52208333385073,86.74041666666125,
17416,7.88034,20.52208333385073,110.51124999999335,
17417,3.99026,20.532083333851062,92.74041666666074,
17418,148.85,20.532083333851062,93.08708333332736,
17419,14.4101,20.532083333851062,110.50458333332664,
17420,115.442,20.5329166697818,72.89249999999493,
17421,2.38489,20.53458333385112,92.72458333332742,
17422,5.3607,20.53708333385123,72.88874999999518,
17423,0.888709,20.53708333385123,92.5437499999943,
17424,0.478841,20.542083333851394,92.72458333332742,
17425,1.28643,20.54458333385128,92.743749999994,
17426,3.16437,20.547500001185423,93.0775000019296,
17427,1.42899,20.549583333851444,92.743749999994,
17428,33.4458,20.5520833338515,106.58458333332692,
17429,4.66218,20.551666667853453,109.83083333526169,
17430,0.810388,20.55625000051833,92.74124999999412,
17431,1.37559,20.557083333851665,92.52958333332772,
17432,0.108397,20.55791666718505,86.81208333332796,
17433,0.779818,20.565416667185104,110.4495833333268,
17434,1.46035,20.56625000051849,72.89624999999506,
17435,29.0243,20.567083333851823,109.83124999999336,
17436,0.486071,20.567916667185383,92.71374999999426,
17437,8.07985,20.56958333385211,92.71208333332773,
17438,0.233538,20.56958333385211,110.43958333332682,
17439,267.155,20.572916667185552,92.71208333332773,
17440,4.94312,20.573750000518714,72.89791666666179,
17441,53.1578,20.574583333852274,92.7320833333277,
17442,1.06142,20.57958333385244,93.0862499999942,
17443,5.90666,20.583750000519046,110.41374999999351,
17444,4.55294,20.58416666875036,93.07374999999432,
17445,0.663249,20.5895833338526,93.07874999999432,
17446,8.43048,20.59041666718593,93.0487499999942,
17447,10.9647,20.59375000051938,93.06124999999406,
17448,19.8224,20.598750000519544,93.0462499999943,
17449,1.85778,20.600416667186263,92.51874999999438,
17450,3.25722,20.600416667186263,93.03291666666104,
17451,86.5018,20.60458333385293,72.89458333332851,
17452,1.75072,20.605000001203848,110.39749999806833,
17453,1.28257,20.608333335419616,92.51458333332756,
17454,0.220149,20.610416667186428,93.03374999999426,
17455,26.4617,20.6154166671866,93.01958333332745,
17456,2.9152,20.62041666718676,92.50291666666106,
17457,524.457,20.62208333385348,106.64541666666014,
17458,1.0811,20.632083333853814,72.88958333332835,
17459,9.39757,20.633750000520536,93.020416666661,
17460,159.237,20.634583333853925,72.89041666666174,
17461,168.731,20.63708333385381,93.01874999999428,
17462,17.4871,20.64625000052081,72.8812499999949,
17463,583.424,20.64625000052058,93.00541666666084,
17464,0.655258,20.64916666875729,110.36958333332684,
17465,19.9385,20.652083333854307,92.46374999999432,
17466,2.29328,20.65625000052092,110.33791666665996,
17467,0.175911,20.6629166671878,110.42708333332678,
17468,25.7067,20.66958333385469,110.30458333332678,
17469,0.323435,20.68208333385513,110.30041666666,
17470,8.07762,20.684583333855016,92.4170833333277,
17471,0.322531,20.68791666718863,92.40958333332765,
17472,1.11989,20.69041666718857,106.67291666666034,
17473,0.155266,20.69041666718857,110.31874999999336,
17474,0.617145,20.6929166671888,109.78708333332668,
17475,70.4968,20.69666666876242,106.67041666666012,
17476,41.0053,20.69708333385563,109.78708333332668,
17477,0.541089,20.702083333855622,70.80791666666187,
17478,709.616,20.7062500005224,106.64874999999358,
17479,2.72177,20.71208333385596,86.96791666666115,
17480,0.308937,20.725416667189563,107.06124999999378,
17481,0.541464,20.726250000522896,87.00374999999445,
17482,2.53081,20.726250000522896,92.38874999999416,
17483,1.89692,20.736250003232897,92.38333333332764,
17484,1.00064,20.73791666948233,70.86708332941544,
17485,7.97659,20.738333335433538,72.8862499999949,
17486,1.00617,20.74041666719006,70.86541666666182,
17487,501.533,20.740416669902004,72.88999999999504,
17488,11.7165,20.74291666990331,70.99833333332845,
17489,0.197311,20.74416667054305,110.32666666862178,
17490,1.02398,20.74791666719011,70.86458333332848,
17491,25.325,20.750000001252204,70.86416666476515,
17492,34.4935,20.75125000052373,71.07791666666179,
17493,2.68852,20.75541666719039,70.67958333332854,
17494,3.31036,20.75625000324419,71.08499999999515,
17495,13.1518,20.761250000523887,92.372916666661,
17496,15.9631,20.76166666876958,70.67374999999521,
17497,4.71286,20.76208333385728,109.75541666665998,
17498,0.541957,20.763750000524,110.33541666666024,
17499,12.5542,20.76458333385733,70.64791666666173,
17500,7.14503,20.766250000524053,110.33374999999351,
17501,11.0992,20.767083333857443,71.14958333332851,
17502,713.489,20.77125000052422,86.94291666666123,
17616,0.102622,21.135416667200843,92.08541666666105,
17617,0.119731,21.13625000344706,107.41833333332688,
17618,0.165049,21.137083333867395,72.62458333332825,
17619,1.45562,21.13875000053412,70.06874999999519,
17620,1.91565,21.14041666720084,109.68791666666029,
17621,86.7153,21.14083333547705,110.3795833333266,
17622,0.166693,21.14791666720106,72.6612499999951,
17623,0.188865,21.151250000534503,107.41708333332684,
17624,1.5368,21.16541666720149,71.9962499999952,
17625,28.8331,21.17875000053528,70.03291666666189,
17626,1.43724,21.17958333386844,109.7245833333269,
17627,1.87708,21.180416667201825,107.38041666666038,
17628,12.1707,21.186250000535324,72.01041666666163,
17629,27.3437,21.186250000535324,109.72874999999352,
17630,2.1662,21.187083333868884,72.01541666666179,
17631,0.245607,21.202916667202544,107.44708333332676,
17632,307.66,21.206250000535988,86.8337499999945,
17633,5.83466,21.2145833338696,110.41624999999362,
17634,0.477355,21.21791666720304,72.64624999999512,
17635,3.2507,21.220416667202983,72.64708333332828,
17636,0.371024,21.22291666720304,109.77374999999358,
17637,0.209582,21.229583333869925,72.63124999999496,
17638,20.0071,21.230416667203315,107.37708333332694,
17639,5.57304,21.231250000536647,110.57374999999332,
17640,0.603751,21.23291666720337,92.0495833333274,
17641,0.392104,21.23416666882042,110.6045833333268,
17642,1.66051,21.245416667203585,72.08291666666173,
17643,5.95134,21.25041666720375,72.08124999999518,
17644,0.120643,21.25291667017177,92.04916666666088,
17645,53.3074,21.25291666720404,110.6345833333267,
17646,4.57637,21.25541666720392,110.4329166666601,
17647,1.34473,21.26791666720436,109.77208333332686,
17648,1.23395,21.27375000053786,107.36624999999344,
17649,265.642,21.27958333387141,110.39041666666014,
17650,56.3101,21.28375000053802,69.93208333332859,
17651,0.220468,21.28458333387158,110.64124999999324,
17652,364.766,21.293750003524963,92.046666666661,
17653,3.95386,21.29375000053836,110.4379166666601,
17654,0.211124,21.30041666720524,107.5137499999937,
17655,185.917,21.302083333871963,72.1095833333282,
17656,60.2086,21.302083333871963,107.44291666666015,
17657,0.409758,21.3025000021612,107.44791666666016,
17658,22.3969,21.30458333387208,110.43458333332684,
17659,7.73386,21.3062500005388,107.4654166666602,
17660,6.08475,21.30708333387213,107.38458333332682,
17661,0.236582,21.310416667205573,107.61708333332672,
17662,0.275536,21.31234205795323,107.53394867408184,
17663,19.0711,21.315416667205568,107.54791666666029,
17664,87.1316,21.31708333387246,86.89208333332778,
17665,1.57322,21.322083336871856,107.62166666666025,
17666,0.251165,21.322083333872627,110.62708333332682,
17667,35.157,21.324583333872567,107.62208333332671,
17668,5.43163,21.324583333872567,110.39541666666032,
17669,1.56774,21.3404166672064,109.79041666666028,
17670,114.682,21.3404166672064,110.62208333332666,
17671,0.206436,21.348333335499603,109.82958333332664,
17672,6.05858,21.34875000053984,109.83208333332676,
17673,0.261174,21.35875000054017,109.88124999999344,
17674,53.3312,21.35958333387356,109.9170833333269,
17675,58.0839,21.36125000054028,72.63458333332841,
17676,1.05917,21.36291666720677,86.93624999999452,
17677,9.99942,21.36291666720677,110.4237499999935,
17678,0.470479,21.373750000540497,107.64458333332676,
17679,4.71931,21.387916667207605,110.74374999999328,
17680,1550.27,21.388750000540995,110.74541666666,
17681,4.67907,21.39125000054105,110.85708333332684,
17682,0.44604,21.3929166672076,110.84624999999328,
17683,1.58972,21.393750003572165,107.6733333333268,
17684,0.603632,21.39416666883784,107.67624999999362,
17685,9.73398,21.39625000054121,107.72124999999367,
17686,16.6858,21.397083333874605,86.96874999999432,
17687,11.9094,21.40125000054121,109.16041666665996,
17688,0.332677,21.403750000541493,109.18374999999357,
17689,12.0892,21.40333333484205,110.79916666493592,
17690,0.554464,21.405416667208044,110.38624999999332,
17691,9.31695,21.406250003578062,72.18833333332856,
17692,1.71338,21.413750003581526,110.91749999999354,
17693,2.88626,21.415416667208376,109.12374999999332,
17694,5.53033,21.41958333387516,110.94291666665998,
17695,0.203562,21.422083333875264,72.66208333332844,
17696,0.681223,21.422083333875264,109.10708333332684,
17697,434.455,21.423750000541983,109.92041666666016,
17698,0.628394,21.42458333387532,87.00041666666118,
17699,32.1969,21.43125000054204,107.76208333332676,
17700,124.857,21.43125000054204,110.36958333332666,
17701,60.496,21.4316666688419,110.3729166666601,
17702,5.9034,21.43458333387565,72.21708333332822,
17703,0.230848,21.43875000054232,109.30124999999356,
17704,17.2837,21.441250003594007,107.76916666666015,
17705,3.97142,21.441250000542368,109.24291666666022,
17706,23.3343,21.452916667209426,109.83874999999364,
17707,5.15863,21.452916667209426,109.84458333332697,
17708,2.24398,21.454583333876144,91.96874999999405,
17709,544.962,21.455416667209533,91.97124999999431,
17710,5.19265,21.455416667209533,109.35874999999368,
17711,0.90838,21.457083333876085,109.23124999999334,
17712,328.146,21.457916667209417,69.77958333332867,
17713,190.013,21.45958333387631,72.68958333332847,
17714,7.17453,21.46041666720953,109.32708333332664,
17715,3.73962,21.461250000543032,109.38958333332698,
17716,12.6993,21.4662500005432,109.23874999999362,
17717,0.215674,21.4712500005432,109.73208333332695,
17718,0.587272,21.47458333387664,107.97291666666018,
17719,7.6173,21.47458333387664,111.01374999999337,
17720,2.37413,21.475416667210027,109.46208333332667,
17721,448.949,21.47625000054336,87.05874999999429,
17722,0.334272,21.479583333876803,111.09374999999336,
17723,18.0505,21.4804166672102,109.4687499999934,
17724,5.28782,21.48000000218059,109.91874999999362,
17725,9.22153,21.4804166672102,109.92124999999334,
17726,0.531962,21.48375000361352,72.24583333332833,
17727,6.90236,21.48375000054364,111.3012499999935,
17728,0.551047,21.48541666721013,107.93041666666016,
17729,12.6502,21.48541666721013,109.07958333332698,
17730,16.6938,21.491250000543687,111.00458333332692,
17796,5.07803,21.592083333879827,111.68624999999348,
17797,3.40478,21.592916667213217,108.25041666666031,
17798,11.8516,21.59375000054655,72.28208333332844,
17799,5.42592,21.59375000054655,91.87958333332762,
17800,0.164869,21.59458333387994,108.30458333332685,
17801,8.58025,21.59541666721344,88.24458333332774,
17802,0.365641,21.59541666721344,91.880416666661,
17803,0.30982,21.59625000054666,69.64541666666184,
17804,11.6728,21.597083333880164,92.0112499999944,
17805,0.785647,21.597916667213383,92.0137499999941,
17806,2.99191,21.598750000546715,108.43208333332676,
17807,87.3967,21.59958333296919,109.66458333332685,
17808,1.14104,21.60041667033147,108.19249999999369,
17809,2.05834,21.601250000546827,111.90624999999352,
17810,4.89373,21.606250000547,91.87791666666106,
17811,0.706106,21.606250000547,108.42874999999356,
17812,6.639,21.607083333880496,91.98541666666074,
17813,1.25128,21.60958333388021,108.93958333332694,
17814,393.427,21.61125000054716,109.0720833333267,
17815,1.13827,21.612916667213653,108.2412499999935,
17816,8.19891,21.612916667213653,109.02124999999349,
17817,11.4252,21.613750000547043,109.01541666666031,
17818,103.057,21.61458333700415,92.0091666666608,
17819,0.756498,21.61541666721393,91.87958333332762,
17820,0.668492,21.61541666721393,109.55958333332694,
17821,0.266342,21.617916667214047,69.75041666666192,
17822,2.93396,21.617916670339014,92.00749999999408,
17823,8.96194,21.62041666721393,108.83708333332692,
17824,1.18592,21.621250000547263,108.21791666666012,
17825,2.29116,21.62375000054737,108.22374999999346,
17826,4.30895,21.627083337009708,91.88499999999414,
17827,33.3553,21.62958333388088,87.54458333332758,
17828,4.24383,21.630416667214263,109.60041666666018,
17829,0.193708,21.633750000547536,108.5329166666603,
17830,3.26058,21.63458333388104,108.73374999999334,
17831,17.0961,21.63541666721443,69.68208333332865,
17832,25.3376,21.63708333388115,87.55541666666113,
17833,45.722,21.63875000054788,69.59291666666167,
17834,1.16289,21.63875000054788,111.76291666666005,
17835,5.70093,21.640416667214424,69.69208333332864,
17836,1.93715,21.64291666721465,88.29624999999453,
17837,1.27929,21.64375000054804,111.76208333332688,
17838,0.400938,21.6445833338812,108.90041666666002,
17839,9.59134,21.64541666721459,91.8945833333276,
17840,0.237277,21.647083333881483,69.73374999999527,
17841,3.46556,21.647083333881312,69.73624999999532,
17842,1.27093,21.647083333881312,111.9370833333266,
17843,0.10476,21.64791666721481,72.79791666666165,
17844,96.3046,21.6537500005482,91.99958333332752,
17845,2.13729,21.65541666721492,108.88541666666026,
17846,111.01,21.65625000054825,92.00124999999424,
17847,1.63471,21.657083333881644,87.64208333332783,
17848,4.11631,21.657916667214977,109.49958333332688,
17849,0.601776,21.65875000054837,91.9904166666609,
17850,11.3029,21.659166668293665,91.89083333169144,
17851,1.07043,21.6595833338817,91.99708333332762,
17852,1.13679,21.660416667215088,108.45541666666035,
17853,0.182196,21.662916667215143,108.39041666666014,
17854,5.04963,21.66375000054853,108.73374999999334,
17855,6.17613,21.664583333881865,91.97208333332748,
17856,1.64728,21.664166668296104,108.3149999983592,
17857,0.900225,21.664583333881865,108.45541666666035,
17858,9.7523,21.667083333881976,72.85541666666182,
17859,424.742,21.667083333881976,91.96374999999426,
17860,1.44022,21.66791666721531,109.56874999999354,
17861,0.761598,21.66875000054869,87.71708333332765,
17862,373.721,21.66958333388203,72.85874999999487,
17863,0.115791,21.673750000548694,109.56791666665998,
17864,1.9848,21.677083333882138,111.7820833333268,
17865,5.78664,21.67791666721564,108.3587499999935,
17866,1.34739,21.67791666721564,108.84124999999337,
17867,0.267324,21.68041666721558,72.63541666666163,
17868,0.79589,21.68041666721558,112.7820833333268,
17869,0.585318,21.682500002202744,72.69874999999507,
17870,22.6443,21.683750000549026,72.74874999999514,
17871,114.22,21.683750000549026,108.34541666666009,
17872,14.6025,21.683333335535963,108.427083333327,
17873,0.516691,21.683750000549026,111.84624999999346,
17874,0.232107,21.69208333388264,88.59374999999426,
17875,199.496,21.69375000054936,87.74958333332785,
17876,10.3561,21.69541666721608,111.9137499999934,
17877,0.624956,21.698750000549524,87.7620833333279,
17878,6.12787,21.69875000054936,109.51958333332664,
17879,0.147924,21.69958333704,72.27333333332831,
17880,161.043,21.699583333882856,87.75958333332761,
17881,5.0639,21.70125000054957,108.8354166666602,
17882,0.47878,21.7029166672163,108.71041666666032,
17883,8.58641,21.70375000054952,91.86541666666102,
17884,20.2968,21.70541666721641,88.15624999999449,
17885,0.325527,21.706250000549744,88.22124999999454,
17886,1.01398,21.712916667216632,108.86708333332666,
17887,6.79909,21.715416667216573,88.33874999999432,
17888,1.61144,21.716250000549906,108.51041666666026,
17889,0.14995,21.7179166672168,111.93791666666016,
17890,0.217173,21.71958333388335,112.33291666665993,
17891,1.68398,21.72041666721674,91.87541666666084,
17892,0.806996,21.72208333388346,88.42708333332757,
17893,0.304691,21.7229166672168,89.05791666666107,
17894,1.67945,21.72625000055024,108.5045833333267,
17895,3.06548,21.7258333355407,111.73458333332684,
17896,6.99279,21.72625000055024,112.3587499999934,
17897,3.74146,21.72958333388351,108.7204166666603,
17898,0.366109,21.73041666721707,109.54958333332696,
17899,1.29557,21.731666668874595,111.72541666666,
17900,12.5832,21.733750000550515,111.71958333332684,
17901,6.96854,21.73541667038819,72.25416666666172,
17902,17.558,21.73541666721724,109.59124999999358,
17903,1.36425,21.7362500005504,108.7062499999933,
17904,0.366057,21.73875000055068,112.23124999999344,
17905,3.34001,21.742083333883897,109.56791666665998,
17906,0.360705,21.742916667217287,88.75374999999428,
17907,3.60856,21.74250000220917,111.71374999999352,
17908,1.54757,21.74375000055062,108.71874999999358,
17909,4.73852,21.7462500005509,87.84541666666115,
17910,9.03711,21.7462500005509,108.87791666665998,
17911,4.24772,21.75041666721773,108.58208333332698,
17912,3.28816,21.751250000551067,108.88291666666017,
17913,0.588974,21.75208333388423,91.88374999999404,
17914,8.43951,21.75458333388434,111.83291666665986,
17915,5.57148,21.758750000550947,91.88624999999432,
17916,10.2738,21.76125000055123,69.44291666666203,
17917,0.197511,21.76125000055123,88.28208333332776,
17918,4.17319,21.76125000055123,111.6929166666602,
17919,0.593951,21.76458333388468,108.64124999999363,
17920,0.826892,21.76458333388468,111.73458333332684,
17921,0.217903,21.7658333350127,112.20000000158916,
17922,33.2003,21.771250003736043,88.28333333332779,
17923,0.238843,21.772083333884893,88.58624999999455,
17924,96.1777,21.773750000551445,111.6837499999932,
17925,8.15401,21.773750000551445,111.70624999999325,
17926,4.85455,21.774583333884834,108.84874999999364,
17927,0.152896,21.774583333884834,108.86041666666011,
17928,4.2488,21.774583333884834,111.77874999999337,
17929,2.69951,21.776250000551727,87.8845833333279,
17930,46.6269,21.77583333554628,111.68708333332664,
17931,0.43069,21.776666668351368,88.28666666825268,
17932,1.9878,21.77791666721828,111.78791666665995,
17933,12.2307,21.77791666721828,112.52374999999324,
17934,1.88721,21.780416667218333,108.6579166666602,
17935,0.296429,21.78291666721828,108.65374999999337,
17936,0.697085,21.7854166672185,112.07291666666038,
17937,104.64,21.78708333388522,108.84791666666008,
17938,10.3127,21.78958333388533,111.97208333332674,
17939,0.190278,21.789166668357662,112.4074999984066,
17940,9.68001,21.78958333388516,112.62958333332654,
17941,42.741,21.7900000022143,72.23708333332854,
17942,0.135287,21.79125000055205,88.0812499999945,
17943,590.662,21.792916667218776,111.97624999999351,
17944,151.419,21.79541666721883,72.23458333332849,
17945,6.27799,21.79625000055222,91.90124999999432,
17946,1.43683,21.797916667218946,112.1137499999935,
17947,1.10142,21.798750000552275,88.4562499999945,
17948,220.823,21.799583333885664,87.8795833333279,
17949,0.470817,21.799583333885664,87.8837499999945,
17950,0.332002,21.802083333885548,88.97041666666104,
17951,33.7732,21.802916667218938,91.84291666666098,
17952,19.2259,21.807916667219104,91.90624999999407,
17953,0.508971,21.809583333886,112.2137499999934,
17954,1.21393,21.81208333388588,112.19791666665992,
17955,0.111549,21.81625000055272,112.00458333332676,
17956,15.9099,21.82208333708951,90.10583333332772,
17957,11.5557,21.82166666888452,90.23041666666109,
17958,11.5496,21.82375000055293,90.23124999999447,
17959,0.550027,21.82375000055293,91.87791666666106,
17960,0.247472,21.824583333886324,112.21208333332652,
17961,121.396,21.827916667219768,112.00791666665998,
17962,4.1742,21.82958333388649,72.5812499999949,
17963,23.5112,21.82958333388649,112.2037499999933,
17964,39.7685,21.83125000055321,69.37124999999531,
17965,13.8787,21.832083333886374,91.91374999999437,
17966,0.151527,21.832083333886374,108.59708333332696,
17967,2.64612,21.834583333886485,108.4787499999934,
17968,0.172354,21.836250000553378,88.48874999999452,
17969,2.50474,21.84541666722015,91.88874999999403,
17970,26.5546,21.8470833338867,91.91624999999424,
17971,3.82275,21.84791666722026,91.8895833333276,
17972,0.569215,21.85041666722032,108.46291666666008,
17973,268.204,21.851250000553705,108.60374999999344,
17974,24.9965,21.85208333388704,88.17791666666119,
17975,7.04081,21.8529166672202,91.84291666666098,
17976,0.946476,21.85375000055376,112.4195833333266,
17977,162.066,21.85541666722048,108.46124999999336,
17978,0.757482,21.858333335555244,112.4029166666602,
17979,4.90451,21.859583333887088,72.60458333332849,
17980,0.945735,21.86375000055409,90.0995833333277,
17981,60.6512,21.864583333887254,91.91708333332764,
17982,0.437948,21.86708333388753,90.26541666666084,
17983,1.03401,21.87041666722081,112.93208333332666,
17984,10.6517,21.873750000554423,91.91541666666107,
17985,0.347927,21.877083333887697,88.97458333332781,
17986,0.547944,21.881250000554303,88.57458333332767,
17987,1.13366,21.88125000055448,108.52458333332704,
17988,2.1692,21.885416667221136,88.41041666666109,
17989,0.715174,21.885416667221136,108.53208333332692,
17990,37.9829,21.88625000055447,90.27124999999438,
17991,3.27792,21.88625000055447,90.3104166666609,
17992,51.5407,21.88708333388803,88.3954166666611,
17993,3.14268,21.88791666722136,91.8445833333277,
17994,13.055,21.890000002225293,88.57708333332778,
17995,5.53899,21.890416667221302,90.52708333332764,
17996,1.56327,21.891250000554635,91.8937499999942,
17997,22.7702,21.89250000174377,88.39749999844929,
17998,0.238005,21.89291666722136,90.63541666666106,
17999,4.35688,21.89541666722164,90.12874999999444,
18000,6.08156,21.8962500005548,90.13374999999422,
18001,2.98984,21.8962500005548,108.54041666666036,
18002,392.428,21.897916667221523,72.60624999999521,
18003,5.5807,21.89750000222625,90.41458333332749,
18004,526.09,21.898333335559585,88.46041666666116,
18005,22.8679,21.899583333888245,88.17041666666091,
18006,62.5962,21.900416667221805,91.91041666666092,
18007,9.02774,21.903750003787707,91.84999999999422,
18008,80.2623,21.90458333388841,88.00291666666124,
18009,7.20445,21.906250000555133,90.43374999999423,
18010,1.35291,21.90791666722185,91.9079166666608,
18011,1.71422,21.908750003789635,112.39416666666024,
18012,0.118993,21.908750000555244,112.87541666666004,
18013,9.47925,21.910000002227548,88.51874999999444,
18014,1.74938,21.91291666722202,90.3545833333278,
18015,99.793,21.91375000055541,88.51874999999427,
18016,2.14578,21.914583333888743,90.45041666666113,
18017,0.879104,21.91541666722213,90.02874999999449,
18018,0.603124,21.92041666722229,112.87458333332664,
18019,0.296169,21.923750000555746,90.1320833333275,
18020,1.55924,21.92333333509322,90.35916666819338,
18021,0.598404,21.923750000555746,91.90458333332737,
18022,3.05839,21.92958333388907,90.120416666661,
18023,0.299045,21.93041666722246,90.47374999999414,
18024,0.204366,21.932083333889352,90.59124999999432,
18025,0.286524,21.933750000555904,69.24541666666204,
18026,11.5472,21.933750000555904,112.7620833333267,
18027,5.79846,21.93458333388924,88.17374999999436,
18028,33.4732,21.937083333889348,91.90041666666092,
18029,1.54732,21.93875000055624,90.14791666666105,
18030,0.938612,21.93875000055624,90.63291666666096,
18031,0.305447,21.93958333713448,88.01666666666114,
18032,0.190251,21.9395833338894,88.90624999999437,
18033,0.991131,21.94041666722279,90.51708333332748,
18034,0.547923,21.941250000556124,112.45958333332668,
18035,0.461658,21.942916667223017,90.0312499999942,
18036,7.4558,21.9425000022311,112.7762499999934,
18037,0.935319,21.94333333556466,112.84791666666013,
18038,31.1981,21.944583333889568,91.89708333332766,
18039,1.06898,21.94708333388968,90.1412499999945,
18040,0.182068,21.94791666722301,90.63791666666113,
18041,0.206016,21.95041666722296,90.03541666666104,
18042,10.0536,21.951250000556456,112.46958333332668,
18043,113.325,21.951250000556456,112.83458333332692,
18044,0.787038,21.95458333388973,90.13291666666106,
18045,18.2428,21.957916667223344,72.16041666666183,
18046,4.34418,21.959583333890063,90.13791666666106,
18047,0.524418,21.961250000556618,90.55874999999412,
18048,3.58298,21.962083333890007,72.16208333332855,
18049,0.809014,21.964166668900248,90.06624999999411,
18050,1.64787,21.96541666722345,91.8870833333275,
18051,0.182873,21.96541666722345,112.39041666666026,
18052,3.42139,21.9670833371448,90.06916666666092,
18053,59.1575,21.97541666722356,91.88624999999432,
18054,33.473,21.97791666722384,88.03458333332787,
18055,0.343493,21.97791666722384,113.01458333332651,
18056,4.09874,21.98375000055717,69.19791666666191,
18057,1.26985,21.985416667224115,88.60124999999454,
18058,4.43733,21.98625000055728,112.36874999999328,
18059,54.668,21.99166666890312,90.29708333332768,
18060,0.883556,21.992916667224165,90.3737499999944,
18061,11.2121,21.995416667224447,90.00374999999417,
18062,0.591458,21.99791666722433,89.93291666666101,
18063,0.780525,21.999583333891053,90.67041666666096,
18064,2.22847,22.00125000055777,89.97874999999442,
18065,1.31897,22.00060421291272,113.01228669973956,
18066,1.064,22.00208333389133,90.3454166666608,
18067,0.757791,22.00375000055783,88.60791666666108,
18068,4.06105,22.00375000055783,90.06041666666113,
18069,0.31735,22.00458333389122,72.51124999999507,
18070,1.94498,22.00541666722455,89.93041666666107,
18071,23.8976,22.00625000055794,112.37291666666,
18072,0.219188,22.00708333389128,112.37041666666016,
18073,0.502624,22.009583333891385,113.00958333332652,
18074,0.296727,22.011250000558107,90.39958333332773,
18075,0.485452,22.011250000558107,90.62041666666109,
18076,0.836137,22.02125000055844,88.61458333332757,
18077,10.8619,22.0220833338916,90.70958333332749,
18078,1.08268,22.022500001812944,88.08250000148439,
18079,35.1262,22.025416667225045,88.21041666666099,
18080,13.0994,22.025416667225045,90.49624999999418,
18081,14.4024,22.026250000558434,90.41458333332749,
18191,4.11792,22.173333335229984,90.2166666680826,
18192,4.83954,22.17958333389595,88.81458333332785,
18193,6.74435,22.17958333389595,90.40874999999414,
18194,2.94951,22.180416667229338,88.76791666666088,
18195,7.83898,22.18125000056284,88.19291666666095,
18196,10.0517,22.18125000056284,91.16874999999412,
18197,0.767681,22.18208333389623,90.0545833333278,
18198,43.85,22.18375000056278,90.23958333332752,
18199,2.86707,22.18375000056278,90.62541666666108,
18200,6.52843,22.184583333896114,113.10541666666006,
18201,0.363579,22.18625000056284,90.01624999999444,
18202,0.738075,22.18875000388863,90.93083333332775,
18203,9.32764,22.18958333389645,89.89458333332783,
18204,0.622176,22.18958333389645,91.81624999999434,
18205,9.74413,22.191250000563,90.01624999999444,
18206,34.7055,22.191666668925222,88.76874999999421,
18207,0.110907,22.191666668573703,89.08083333474087,
18208,32.9201,22.19291666722989,88.06124999999435,
18209,9.91361,22.19291666722989,90.43624999999436,
18210,3.64019,22.194583337223943,88.68499999999432,
18211,3.56199,22.19708333389656,72.29791666666176,
18212,0.466862,22.19708333389656,89.0812499999945,
18213,3.93366,22.19708333389656,90.23958333332752,
18214,146.75,22.197916670558243,90.4324999999942,
18215,141.946,22.19916666892601,88.16041666666115,
18216,10.5423,22.20041666723,90.22291666666104,
18217,27.8072,22.200833335592904,88.14874999999427,
18218,7.80974,22.202083333896724,91.05708333332768,
18219,5.08773,22.202083333896724,91.1762499999944,
18220,3.05461,22.202916667230056,88.02791666666099,
18221,3.22209,22.20458333389677,90.6437499999941,
18222,118.337,22.20458333389677,113.5304166666599,
18223,13.0461,22.20708333389689,87.99541666666096,
18224,5.34041,22.207916667230226,88.64124999999444,
18225,4.07129,22.20875000056361,88.68374999999423,
18226,8.45984,22.20875000024012,90.02458333332748,
18227,2.17696,22.20875000056361,90.21708333332748,
18228,80.7597,22.20916666858369,113.2991666680648,
18229,1.53279,22.212500002260697,87.9854166666612,
18230,1.88198,22.212916667230218,88.63124999999445,
18231,3.31986,22.212916667230388,90.03541666666104,
18232,9.68697,22.215000002261093,90.0545833333278,
18233,3.38841,22.2154166672305,91.06124999999427,
18234,0.165877,22.216250000563832,72.78624999999516,
18235,0.105472,22.21583333525428,89.34166666806266,
18236,111.386,22.216250000563832,90.65124999999438,
18237,3.85412,22.21708333389705,90.21291666666104,
18238,102.859,22.21708333389705,113.41374999999368,
18239,22.9435,22.22458333389727,113.12874999999336,
18240,2.46586,22.226250000564164,88.63208333332784,
18241,3.41774,22.226250000564164,90.08208333332784,
18242,12.8806,22.22625000390088,90.54749999999432,
18243,1.80006,22.228750000564105,68.9720833333285,
18244,1.52992,22.230416667230827,91.8187499999944,
18245,3.7446,22.23208333723602,90.08416666666102,
18246,2.11774,22.23291666723088,72.74874999999514,
18247,2.70554,22.233333335596285,88.63958333332755,
18248,68.9745,22.234583333897604,90.22041666666092,
18249,3.52416,22.234583333897604,90.5562499999944,
18250,3.78355,22.235416667231,88.08541666666093,
18251,5.7648,22.237083333897715,87.9712499999942,
18252,7.73002,22.237916667231048,90.20708333332772,
18253,5.83643,22.23958333389777,89.87708333332756,
18254,47.3797,22.23958333389777,90.66124999999435,
18255,0.237457,22.24041666723116,114.22708333332662,
18256,0.122463,22.24333333559736,89.57458333332784,
18257,118.223,22.245416667231098,72.68458333332848,
18258,1.90778,22.24625000390739,87.95666666666114,
18259,8.23671,22.24583333559775,90.56958333332769,
18260,0.507432,22.247083333898047,89.23958333332774,
18261,4.17889,22.24791666723121,90.07291666666084,
18262,23.965,22.24791666723121,113.34458333332702,
18263,18.3332,22.24958333389793,91.0687499999944,
18264,19.2433,22.25291666723137,90.83791666666082,
18265,0.254283,22.25375000056493,90.997916666661,
18266,0.362007,22.254583333898097,88.93291666666119,
18267,2.43269,22.254583333898097,89.01208333332784,
18268,0.777098,22.254166668609685,113.37666666527672,
18269,35.3866,22.25541666723143,89.03791666666115,
18270,0.5544,22.259166668932608,87.9762499999942,
18271,4.60015,22.25958333724492,90.07666666666114,
18272,20.1002,22.261250000564985,89.24291666666119,
18273,1.52176,22.26208333389832,87.93791666666101,
18274,0.24717,22.262916667231707,72.91958333332849,
18275,19.8927,22.262916667231707,90.0920833333276,
18276,1.84614,22.26375000056504,90.09624999999426,
18277,0.203655,22.2645833338986,91.83041666666077,
18278,20.1647,22.265000002266675,88.66791666666109,
18279,12.67,22.26541666723176,89.8712499999944,
18280,4.6195,22.26541666723176,113.06791666666004,
18281,0.560593,22.27041666723176,69.27124999999535,
18282,0.427154,22.27041666723176,72.65958333332856,
18283,1.26085,22.27125000056532,68.95291666666174,
18284,0.733153,22.27208333724872,88.09416666666107,
18285,4.33425,22.27208333389865,90.11041666666102,
18286,2.00215,22.27291666723204,90.84124999999408,
18287,39.3748,22.27291666723204,91.067916666661,
18288,137.134,22.27291666723204,91.83458333332771,
18289,76.7948,22.27375000056537,90.08874999999416,
18290,0.695663,22.27375000056537,113.0795833333267,
18291,11.6108,22.275416667231923,89.01041666666111,
18292,0.956174,22.275416667231923,89.32291666666117,
18293,2553.56,22.275416667231923,91.81291666666108,
18294,47.4143,22.276250000565312,88.66624999999436,
18295,5.66143,22.277083333898645,90.59874999999442,
18296,2.03691,22.278750003917537,72.83499999999498,
18297,341.715,22.278750000565537,72.9137499999951,
18298,2.9281,22.278750003917537,90.11333333332776,
18299,100.676,22.279583337251097,72.55416666666173,
18300,3.4604,22.279583337251097,90.20333333332758,
18301,0.8659,22.28041666723226,91.06708333332767,
18302,0.553643,22.28208333389881,89.29458333332781,
18318,0.463875,22.295000001966912,113.06333333196336,
18319,222.793,22.29625000056581,113.57041666665988,
18320,0.167266,22.29708333389931,89.22124999999431,
18321,30.1402,22.30041667059095,91.1833333333276,
18322,0.670195,22.301250000566142,89.21958333332759,
18323,2.19721,22.301250000566142,114.2570833333267,
18324,1.00255,22.302083333899475,89.22458333332776,
18325,1.32591,22.302916667232694,88.09124999999449,
18326,4.51307,22.302916667232694,90.11541666666102,
18327,3877.99,22.3037500005662,88.10124999999425,
18328,39.2533,22.3037500005662,88.10458333332753,
18329,2.30572,22.30541666723292,91.06624999999444,
18330,2.71866,22.30708333389964,90.60958333332758,
18331,3.00392,22.308750000566363,89.28041666666081,
18332,7.00359,22.309583333899752,90.19708333332773,
18333,2.05238,22.312916667233026,90.682916666661,
18334,28.078,22.31375000056636,88.68124999999452,
18335,0.329904,22.31625000056664,69.41291666666194,
18336,14.2957,22.3170833338998,88.90624999999437,
18337,9.66414,22.31750000227231,114.20208333332651,
18338,0.720198,22.318750000566524,90.20791666666103,
18339,64.032,22.31958333389992,87.93791666666101,
18340,7.68372,22.31958333389992,91.16874999999412,
18341,1.5119,22.31958333389992,91.76208333332744,
18342,1.31136,22.322916667233528,90.8404166666611,
18343,0.391865,22.322916667233528,113.08124999999347,
18344,0.779176,22.322916667233528,113.33624999999324,
18345,2.09893,22.32458333390008,89.41541666666103,
18346,4.84406,22.32458333390008,90.10874999999449,
18347,421.39,22.3262500005668,88.67208333332758,
18348,1.87016,22.3262500005668,90.19791666666087,
18349,29.8109,22.32708333390013,88.6845833333278,
18350,16.6245,22.32666666894,114.14958333332676,
18351,11.3126,22.32791666723369,90.6837499999944,
18352,99.1724,22.328750000567027,90.6162499999943,
18353,8.19399,22.33291666723386,113.0637499999932,
18354,0.110024,22.3337500005672,69.45791666666202,
18355,13.6651,22.333750003934483,89.87083333332754,
18356,3.71782,22.335416667233744,90.2512499999944,
18357,4.44072,22.335416667233744,91.06708333332767,
18358,72.1833,22.335416670601543,91.75749999999432,
18359,2.67132,22.336250000567134,89.8995833333276,
18360,497.424,22.337083333900463,88.8979166666611,
18361,120.546,22.33708333726861,91.7566666666608,
18362,0.675107,22.337916667233856,90.20374999999444,
18363,24.1604,22.338750000567188,89.20458333332783,
18364,65.0752,22.338750000567188,113.322083333327,
18365,1.24508,22.34041666723374,90.20708333332772,
18366,19.6835,22.34125000056713,69.61291666666182,
18367,55.217,22.34291666723402,89.27208333332777,
18368,15.2356,22.34375000056736,90.6837499999944,
18369,6.07246,22.34375000056736,113.59041666665996,
18370,7.88029,22.344583333900744,90.08958333332772,
18371,1.73671,22.345416667233906,91.16041666666086,
18372,1.15516,22.3470833339008,113.06291666666004,
18373,3.05745,22.34750000227564,90.21791666666104,
18374,3.90778,22.347916670605343,91.75416666666086,
18375,0.7593,22.35166666894281,90.22958333332777,
18376,37.2657,22.352916667234183,88.95708333332777,
18377,54.191,22.35375000056769,114.11541666665994,
18378,3.5271,22.35541666723424,91.07041666666072,
18379,18.4284,22.356250000567627,72.41374999999522,
18380,2.27673,22.35708333390096,114.25958333332676,
18381,0.449017,22.35958333390107,89.9070833333277,
18382,6.66976,22.35958333390107,90.27124999999438,
18383,151.077,22.35958333390107,90.8404166666611,
18384,1.291,22.35955097810836,69.63489337456684,
18385,0.345951,22.3612500005678,87.94041666666112,
18386,0.121904,22.3612500005678,114.01708333332658,
18387,22.3142,22.36208333390113,87.9570833333276,
18388,0.189601,22.362916667234515,89.63291666666117,
18389,711.686,22.363750000567848,88.9587499999945,
18390,0.371826,22.36333333561072,89.1962499999944,
18391,39.0096,22.36541666723457,114.11208333332672,
18392,25.4383,22.36625000394406,113.9758333333266,
18393,0.151456,22.36708333390129,91.07124999999444,
18394,3.09474,22.36708333390129,91.1504166666611,
18395,45.8395,22.368750000568014,91.75124999999429,
18396,53.2187,22.369583333901403,90.1137499999943,
18397,0.17693,22.370416667234736,120.58874999999308,
18398,0.435677,22.372083333901287,90.1245833333278,
18399,11.8887,22.37291666723462,90.11541666666102,
18400,4.83979,22.37375000056818,90.1245833333278,
18401,3.11293,22.377083333901453,72.36124999999493,
18402,4.53649,22.377083333901453,89.91291666666103,
18403,5.01038,22.38125000056823,113.0795833333267,
18404,8.6442,22.38208333390162,89.18708333332779,
18405,55.4629,22.38458333390168,89.62791666666118,
18406,39.9477,22.38458333390168,90.67708333332769,
18407,1.636,22.38458333390168,113.5562499999936,
18408,817.952,22.3862500005684,72.37874999999514,
18409,6.19165,22.388750000568507,90.2612499999944,
18410,0.876855,22.388750000568507,90.67708333332769,
18411,19.3253,22.388750000568507,113.0604166666601,
18412,2.80766,22.390416670617924,90.1349999999943,
18413,8.60772,22.39041666723523,91.50124999999434,
18414,9.62319,22.39125000056856,91.06958333332771,
18415,8.93963,22.39208333390212,90.26208333332757,
18416,1.56363,22.39208333390212,91.13041666666112,
18417,0.12985,22.39208333390212,120.5570833333262,
18418,4.45797,22.395416667235395,113.5445833333265,
18419,1.00279,22.396250000568728,91.54958333332767,
18420,1.73403,22.396250000568728,91.74541666666096,
18421,14.2054,22.396250000568728,113.25624999999344,
18422,0.160597,22.396250000568728,120.55041666665954,
18423,1485.81,22.39791666723545,113.2570833333267,
18424,4.40409,22.398333335614552,90.61208333332765,
18425,0.740659,22.40041666723556,69.12374999999525,
18426,25.2392,22.401250000568893,89.18958333332785,
18427,4.36416,22.402083333902283,69.79791666666193,
18428,0.103481,22.402083333902283,89.20624999999438,
18429,0.653916,22.40291666723561,68.97874999999522,
18430,2.99637,22.40291666723561,90.14458333332776,
18431,0.779817,22.403750000568834,89.20624999999438,
18432,8.64406,22.404583337288614,90.1349999999943,
18433,0.749019,22.40541666723556,113.08124999999347,
18434,1.38528,22.40625000056906,87.94708333332784,
18435,18.2768,22.40625000056906,89.20624999999438,
18436,49.9398,22.40666666870038,114.21833333201948,
18437,0.275317,22.40791666723578,114.22208333332684,
18438,3.36928,22.41041666723572,90.1412499999945,
18439,1.32254,22.41041666723572,91.10791666666108,
18440,0.298439,22.411250000569225,89.45291666666105,
18441,7.3064,22.411250000569225,89.86624999999441,
18442,5.68406,22.412916667235947,91.74041666666096,
18443,22.5132,22.4145833339025,89.95124999999439,
18444,0.753701,22.4145833339025,91.47208333332776,
18445,1.67765,22.41625000056922,90.59624999999431,
18446,16.9114,22.416666668949915,90.27208333332771,
18447,0.793503,22.41708333390261,90.2845833333276,
18448,8.92231,22.417916667235943,90.16374999999437,
18449,9.2708,22.4191666689502,89.86624999999424,
18450,0.863212,22.419583333902665,89.92958333332774,
18451,9.47845,22.421250000569387,87.89708333332777,
18452,2.28343,22.421250000569387,89.8762499999944,
18453,4.23077,22.422916670627217,90.1558333333278,
18454,11.4672,22.42291666723611,91.7320833333277,
18455,5.42369,22.42375000056967,90.29541666666114,
18456,0.628995,22.42458333390283,90.86541666666083,
18457,3.58624,22.427083333902942,90.58791666666087,
18458,0.989256,22.427083333902942,120.5204166666598,
18459,2.16292,22.428750000569664,90.1762499999944,
18460,5.93312,22.428750003962136,91.46166666666096,
18461,9.24977,22.429583333903,89.93874999999434,
18462,0.315416,22.43208333390311,89.97291666666109,
18463,0.728808,22.434583333903163,90.3054166666609,
18464,2.34143,22.434583333903163,90.58624999999417,
18465,2.03054,22.434583333903163,91.57374999999428,
18466,41.3777,22.43541666723638,87.8979166666611,
18467,6.50271,22.437083333903274,90.29291666666104,
18468,0.560411,22.437916667236607,90.17958333332768,
18469,0.736835,22.438782337123143,87.882393370253,
18470,0.200039,22.44125000056988,120.46541666665996,
18471,11.2254,22.44375000056999,91.45208333332766,
18472,3.4491,22.44541666723672,89.87791666666112,
18473,4.49515,22.44541666723672,91.72374999999424,
18474,3.23115,22.44583333561968,89.43458333332762,
18475,2.9889,22.44625000396701,89.60083333332767,
18476,3.76596,22.445833335390887,90.2991666679477,
18477,8.14017,22.446250000570046,90.86041666666084,
18478,3.57709,22.44708333390344,69.86958333332865,
18479,756.502,22.44958333390366,113.00041666666004,
18480,17.1807,22.4520833339036,90.1762499999944,
18481,9.60135,22.4520833339036,90.5895833333276,
18482,15.6457,22.4520833339036,114.18124999999316,
18483,2.42283,22.45291666723693,89.58541666666099,
18484,19.1133,22.45541666723705,91.71874999999407,
18485,19.3913,22.45541666723705,113.56874999999332,
18486,0.169382,22.457500002287816,90.59208333332772,
18487,2.71134,22.45833333562115,90.17124999999442,
18488,25.3279,22.46041666723721,69.9112499999951,
18489,0.9312,22.462916667237263,90.67124999999412,
18490,1.14385,22.463750000570656,89.98791666666085,
18491,9.1491,22.463750000570656,90.34458333332763,
18492,5.59808,22.465416667237378,89.97624999999437,
18493,7.96901,22.465416667237378,91.4395833333274,
18494,280.094,22.465000002288605,113.08041666665986,
18495,0.100709,22.46791666723726,113.57124999999336,
18496,0.100158,22.46791666723726,114.5262499999933,
18497,6.87754,22.46791666723726,120.43791666665992,
18498,5.01341,22.470416667237544,89.4329166666609,
18499,10.5448,22.470416667237544,89.8529166666608,
18500,38.1999,22.470416667237544,90.17791666666112,
18501,10.3399,22.47000000228911,90.30291666666102,
18502,2.61074,22.470416667237544,90.34041666666104,
18503,35.1321,22.472083333904266,89.59958333332781,
18504,3.78286,22.472083333904266,89.85958333332752,
18505,2.22968,22.472083333904266,90.18958333332768,
18506,7.8959,22.472083337307765,91.71416666666096,
18507,15.1503,22.4729166672376,90.30958333332774,
18508,12.1683,22.473750000570817,89.41624999999442,
18509,7.94477,22.47541666723771,89.58291666666094,
18510,4.15917,22.47541666723771,90.35874999999442,
18511,5.25146,22.47708333390443,89.98958333332757,
18512,96.9426,22.477916667237764,90.67124999999412,
18513,42.1927,22.47750000229007,114.01624999999342,
18514,25.4943,22.47958333390432,89.84791666666104,
18515,16.3469,22.479583337309577,91.55583333332773,
18516,130.309,22.480416667237705,90.40874999999431,
18517,49.141,22.481250003976868,91.43249999999438,
18518,4.59982,22.4820833339046,89.58208333332755,
18519,5.39114,22.48166666874636,90.39416666539309,
18520,2.17859,22.48458333390448,90.8220833333275,
18521,4.8443,22.486250000571204,91.70958333332766,
18522,1.94994,22.487083337311788,89.81999999999448,
18523,3.63732,22.49041666723804,90.01458333332755,
18524,11.9939,22.49125000057137,113.01458333332651,
18525,156.281,22.4916666687526,89.82000000125697,
18526,53.3705,22.4916666687526,89.97416666792355,
18527,3.55084,22.493333335625152,90.18958333332768,
18528,8.43318,22.49375000057148,91.42708333332769,
18529,1.93423,22.49375000057148,114.57958333332658,
18530,34.0098,22.496250000571536,90.3545833333278,
18531,33.6276,22.497916667238258,91.70041666666106,
18532,1.30374,22.498750000571647,89.41291666666115,
18533,11.2276,22.49958333390481,90.0262499999942,
18534,2.28382,22.50041666723814,89.42708333332757,
18535,1.94957,22.50208333390509,90.00624999999445,
18536,6.19997,22.50458333390497,90.02874999999449,
18537,5.15374,22.505416667238308,69.95624999999535,
18538,8.90172,22.50541667065,91.69583333332758,
18539,2134.82,22.50541667065,114.03583333332664,
18540,6.92487,22.50875000057198,89.57874999999427,
18541,9.70524,22.50875000057198,90.43374999999423,
18542,8.99266,22.50875000057198,90.7987499999943,
18543,2.6115,22.511250000571863,90.43374999999423,
18544,0.961741,22.51375000057192,120.41624999999306,
18545,0.361461,22.51458333390548,89.40624999999443,
18546,13.5237,22.51458333390548,90.21374999999443,
18547,160.826,22.51625000057203,90.20958333332776,
18548,4.07888,22.51708333390536,91.53541666666108,
18549,2.17052,22.51708333390536,91.68874999999434,
18550,59.8489,22.52239857740477,113.90212318868464,
18551,144.338,22.52291666723892,113.95541666665986,
18552,131.378,22.52291666723892,114.01708333332658,
18553,12.7038,22.52250000229492,120.42208333332655,
18554,0.250875,22.52541666723897,90.59124999999432,
18555,91.606,22.527083333905523,91.15458333332772,
18556,50.6982,22.527916667239083,113.5795833333268,
18557,5.55407,22.53208333390569,90.66958333332758,
18558,3.82698,22.53250000229599,91.52458333332736,
18559,6.40334,22.536250000572693,90.77708333332744,
18560,2.92935,22.538750000572577,90.58208333332756,
18561,3.08497,22.54041666723947,89.56791666666095,
18562,2.16715,22.5412500039929,89.57916666666097,
18563,13.9267,22.54125000057286,90.02958333332748,
18564,9.26101,22.54125000057286,91.41708333332753,
18565,104.099,22.544583333906303,113.8912499999932,
18566,0.649766,22.545416667239635,120.341249999993,
18567,4.79839,22.54708333390636,120.33958333332636,
18568,20.4667,22.547916667239576,91.66374999999442,
18569,1.16137,22.54791667066121,114.56999999999334,
18570,139.567,22.55125000057302,70.02458333332845,
18571,18.0741,22.552083333906523,70.16291666666194,
18572,1.09227,22.55250000212419,114.51750000122296,
18573,0.107167,22.554583333906464,91.02041666666103,
18574,0.713952,22.5554166672398,91.5070833333275,
18575,10.0702,22.556250000573183,90.44958333332778,
18576,223.827,22.556250000573183,113.86541666666004,
18577,4.23398,22.55708333390652,89.42541666666102,
18578,10.7583,22.55708333390652,90.54874999999436,
18579,0.959252,22.55791666723991,120.31874999999296,
18580,69.6334,22.560416667239963,90.65041666666082,
18581,6.57473,22.561250000573352,90.01624999999444,
18582,0.169446,22.561250000573352,91.41374999999408,
18583,15.8346,22.563750000573407,89.41708333332775,
18584,1.46345,22.56541666724013,90.53708333332764,
18585,461.253,22.56544896069568,89.4009399757631,
18586,16.4522,22.5658333356331,90.63041666666106,
18587,23.282,22.565833335465925,90.76166666543868,
18588,0.102081,22.56625000057352,113.56958333332682,
18589,22.7284,22.56708333390685,114.50124999999332,
18590,76.2617,22.568333335633326,91.0095833333275,
18591,5.00677,22.571250000573684,90.76041666666111,
18592,8.35409,22.57541666724029,89.56041666666107,
18593,3.77485,22.57541666724029,90.02541666666104,
18594,109.852,22.57541666724029,91.63791666666094,
18595,385.259,22.575116929231115,113.48179201647736,
18596,0.22477,22.57625000057368,91.26374999999445,
18597,0.221815,22.57708333733541,91.48999999999432,
18598,2.55459,22.57791666724057,90.47291666666098,
18599,3.36608,22.57916666896796,90.4512499999941,
18600,18.2532,22.580416667240456,89.3954166666611,
18601,6.67777,22.58208333390718,90.51124999999432,
18602,3.80405,22.58166666880936,90.6199999987806,
18603,36.8982,22.58375000057407,114.26791666665986,
18604,0.109419,22.587916667240734,91.47958333332748,
18605,17.5525,22.58875000057424,114.50374999999326,
18606,1.6122,22.59041666724096,90.58624999999417,
18607,8.27887,22.590833335635864,90.98041666666096,
18608,24.5655,22.59708333390768,114.87708333332648,
18609,1.83875,22.5987500005744,114.30708333332676,
18610,3.59111,22.5987500005744,114.79708333332668,
18611,14.5827,22.60041666724112,89.52541666666116,
18612,0.203432,22.60125000057451,91.42291666666108,
18613,7.65467,22.60333333563716,90.965416666661,
18614,0.357239,22.603750000574564,114.83958333332691,
18615,8.10777,22.607916667241227,90.95624999999438,
18616,43.1864,22.61125000057484,114.40958333332684,
18617,0.192665,22.61375000057473,89.53124999999449,
18618,0.239043,22.614583333908115,91.45041666666094,
18619,3.91908,22.61500000230529,90.94374999999413,
18620,0.179729,22.616250000575008,90.55041666666108,
18621,2.1077,22.616250000575008,90.73374999999425,
18622,20.2095,22.616250000575008,120.26708333332635,
18623,0.179729,22.617083337345434,90.54833333332766,
18624,4.09782,22.61708333390817,114.74874999999338,
18625,26.4378,22.61791666724156,90.72458333332764,
18626,4.26964,22.61958333390828,90.01874999999416,
18627,136.576,22.619583337346228,91.59499999999429,
18628,29.6338,22.62083333550117,90.05666666785294,
18629,0.880553,22.622916667241725,89.5195833333276,
18630,1.69298,22.62791666724189,91.25958333332768,
18631,18.8544,22.63125000057533,113.80874999999344,
18632,0.107687,22.632083333908668,91.25958333332768,
18633,4.14997,22.63375000057522,90.91208333332764,
18634,3.96535,22.63541666724211,90.50624999999434,
18635,4.04779,22.63958333390872,90.07208333332784,
18636,2.23975,22.64041666724228,90.70874999999432,
18637,1.91202,22.64041666724228,114.92291666665994,
18638,0.607587,22.64375000057555,114.7462499999931,
18639,4.38553,22.64583333564196,70.23041666666188,
18640,315.396,22.647083337352967,90.07499999999423,
18641,329.914,22.648750000575887,90.0312499999942,
18642,3.86354,22.652916667242494,90.575416666661,
18643,54.2648,22.654583333909443,90.70208333332778,
18644,0.892895,22.65875000057605,89.53541666666092,
18645,5.54017,22.65916666897681,90.890416666661,
18646,27.6801,22.662916667242825,113.78041666666002,
18647,0.153783,22.66375000057621,113.53291666665996,
18648,48.7691,22.66875000057638,90.50374999999444,
18649,26.1686,22.66875000057638,90.85624999999442,
18650,1.94049,22.68291666724332,113.51124999999354,
18651,8.06512,22.68375000057688,89.52958333332776,
18652,0.379964,22.686250000576933,114.75124999999343,
18653,2.36214,22.687916667243485,115.50958333332652,
18654,0.293608,22.69056805531136,121.0682737099762,
18655,4.50283,22.69291666724365,115.40208333332669,
18656,51.7707,22.69625000057709,114.96374999999318,
18717,2.26146,22.79375000057979,114.69291666665993,
18718,4.8076,22.79375000057979,114.72458333332656,
18719,39.7793,22.79375000057979,115.0512499999935,
18720,4.48078,22.79541666724652,114.8245833333266,
18721,1.68626,22.796250000579903,114.71624999999358,
18722,0.625532,22.797083333913235,90.51124999999432,
18723,0.645384,22.797916667246795,115.07458333332649,
18724,3.78564,22.79875000057996,90.575416666661,
18725,0.236785,22.799583333913347,90.59208333332772,
18726,201.828,22.799583333913347,113.3137499999932,
18727,0.164634,22.80041666724668,113.47791666666012,
18728,2.62259,22.80041666724668,114.8179166666598,
18729,362.286,22.80125000058007,90.78041666666088,Meghna River
18730,1.24999,22.8020833339134,90.5187499999942,
18731,5.2474,22.803750000580123,69.74541666666175,
18732,0.270397,22.80791666724696,120.21458333332646,Agongdian Creek
18733,25.4212,22.80875000058029,115.94708333332665,
18734,132.216,22.81041666724684,113.34041666665983,Ronggui Waterway
18735,1.62302,22.81041666724684,115.1187499999936,
18736,2.42211,22.8112500005804,90.58374999999444,Shampur Medua canal
18737,2.13673,22.8112500005804,90.61541666666108,Shampur Medua canal
18738,1.6912,22.812083333913563,90.59458333332776,Shampur Medua canal
18739,0.986818,22.812083333913563,113.42541666666013,鱼窝头涌
18740,5.62291,22.812916667247123,90.4912499999944,
18741,0.13622,22.814583333913845,90.67291666666084,Meghna River
18742,1.20556,22.815416667247007,90.4862499999944,
18743,4.16698,22.8162500005804,91.41374999999408,Feni River
18744,8.29525,22.81875000058062,113.61624999999344,Humen Waterway
18745,0.302947,22.81958333391401,115.26458333332664,Huang River
18746,19.6172,22.82125000058056,69.36708333332865,Rukmawati
18747,20.705,22.822916667247284,69.35541666666177,Rukmawati
18748,57.6744,22.82250000229726,115.79750000107288,南溪河
18749,0.880469,22.82625000058073,114.76874999999312,
18750,6.77426,22.82625000058073,114.79708333332655,
18751,9.50076,22.82666666899536,115.18124999999316,
18752,12.087,22.831250000580724,114.77041666665993,
18753,2.60926,22.832083333914227,90.44708333332768,
18754,0.742946,22.83375000058095,69.30124999999526,Kachchh Branch Canal (Contruction)
18755,24.2466,22.83458333391434,115.21624999999312,梅陇河
18756,0.157719,22.83458333391434,115.21874999999328,Huang River
18757,1.12759,22.83625000058089,113.52958333332674,Humen Waterway
18758,652.757,22.83821653952822,91.4326254462252,Feni River
18759,4.91837,22.839583333914504,69.23041666666171,Kharod
18760,0.453179,22.84041666724784,91.4287499999944,Feni River
18761,0.45958,22.842916667247778,113.60041666666008,Humen Waterway
18762,5.83454,22.8500000023314,69.17958333332865,Kharod
18763,60.7518,22.85125000058156,115.5420833333268,
18764,0.108107,22.85291666724811,69.80458333332842,
18765,1.70114,22.85291666794797,115.72041666665996,
18766,0.248405,22.85458333391483,115.2804166666599,
18767,0.439181,22.8608333356658,115.31041666665988,Huang River
18768,0.12349,22.862083333915223,120.19458333332648,埔溝排水溝
18769,42.9851,22.865416667248496,116.07208333332652,
18770,27.3509,22.86583333566648,115.31624999999336,Huang River
18771,114.859,22.86625000058189,116.07624999999302,西溪
18772,13.0024,22.86791667073487,90.76249999999412,
18773,1.12559,22.870416667248666,69.88791666666168,
18774,0.326073,22.87125000058205,90.51624999999432,
18775,0.12413,22.874583333915325,115.31791666666028,
18776,1.6448,22.876250000582218,90.5895833333276,Meghna River
18777,5.15624,22.87791666724894,90.48958333332769,
18778,3.20023,22.87958333760139,90.44166666802931,
18897,0.641175,23.78541666727444,117.44208333332654,
18898,8.53047,23.79875000060821,117.37624999999298,
18899,1.51103,23.811250000608425,68.67708333332848,Kori Creek
19009,0.774772,25.028750000643527,118.89541666665968,
19010,0.392812,25.02958333397692,121.04541666665978,
19011,0.353463,25.045416667310747,121.07624999999292,
19012,0.340107,25.047500002580023,118.87458333332654,
19013,1.43559,25.061250003966904,121.09749999999292,Daku River
19014,0.519889,25.073333335916345,121.13124999999332,Shuangsikou River
19015,104.581,25.084583333978514,118.84458333332644,林辋溪
19016,7.62236,25.085416667311904,121.17291666665994,Shuangsikou River
19017,0.421556,25.08708333397845,121.17541666665966,
19018,1.4758,25.094583333978846,121.18874999999332,Shuangsikou River
19019,13.4264,25.095416670622622,121.19166666665956,
19020,0.270202,25.112083333979285,121.23124999999288,海湖溝
19021,21.5332,25.11541666731273,118.89124999999308,林辋溪
19022,0.979993,25.119583333979502,118.8704166666596,林辋溪
19023,1.79055,25.119583337281423,118.91416666665975,
19024,24.3982,25.119583333979502,121.24874999999292,
19025,0.349093,25.12375000064617,121.303749999993,海湖溝
19026,0.542042,25.13125000064656,119.07124999999314,
19027,9.09805,25.139166670022973,121.7483333330473,大武崙溪
19028,0.36494,25.145416667313725,121.38624999999332,Tamsui River
19029,0.34964,25.148750000647,121.38874999999302,Tamsui River
19030,245.946,25.160948933092868,121.43737366194556,Tamsui River
19031,0.113181,25.18125000064805,121.69208333332632,大武崙溪
19032,1.95647,25.192083337256804,121.41916666665963,Tamsui River
19033,0.452111,25.209583333982152,121.42958333332626,Tamsui River
19034,0.200524,25.21708333398243,121.43958333332624,公司圳
19035,1.6191,25.22375000064932,119.13374999999292,
19036,6.68171,25.225416670578284,119.12916666665978,
19037,0.149258,25.2320833372425,121.64333333332638,Huang River
19038,7.99987,25.235416667316144,119.28708333332634,
19039,105.722,25.237083337240733,118.88083333332656,枫慈溪
19040,0.21298,25.24875000064992,121.45958333332636,八連溪
19041,0.329483,25.2662500038968,121.4791666666598,八連溪
19042,5.36257,25.27875000065092,119.22541666665995,
19043,0.167475,25.27875000065092,121.5054166666598,八連溪
19044,1.31292,25.27958333398413,119.03874999999312,
19045,6.88539,25.28208333398419,118.9729166666599,
19046,0.996127,25.29208333398452,118.99291666666012,
19047,12.4792,25.390416667320608,119.13291666665975,Mulan River
19048,559.203,25.40791666732116,119.12208333332626,Mulan River
19049,2.71412,25.43666666929176,119.31208333332664,
19050,0.258094,25.45166666929333,119.18791666665982,Qiulu River
19051,3.10177,25.453750000656044,119.48541666665972,
19052,55.4644,25.46791666732298,119.22208333332652,Qiulu River
19053,1.70466,25.49958333399053,119.45708333332652,
19054,6.73363,25.512083337130832,119.74083333332646,
19055,27.6278,25.514583337129693,119.40499999999328,
19056,0.690979,25.52291666732464,119.39124999999308,
19057,2.68433,25.5237500037922,119.28749999999307,
19058,62.6451,25.539583333991857,119.35041666665984,Huan River
19059,1.59155,25.54291666732513,66.43708333332876,
19060,0.307098,25.548333335971392,119.29624999999317,
19061,6.6785,25.55125000065891,119.30291666665984,
19062,0.986899,25.627083337078545,119.77166666665984,
19063,4.52595,25.632916667327777,119.4837499999934,
19064,47.8882,25.65208333399488,119.47041666665972,龙江
19065,381.208,25.670416667329,119.47124999999346,龙江
19066,14.796,25.68000000265323,119.49708333332636,龙江
19067,12.7581,25.76791667034263,119.61499999999307,
19068,0.712014,25.779583333998744,119.61374999999305,
19069,72.6952,25.87916666934325,119.58374999999296,漳江河
19070,17.3754,25.90208333400249,119.62791666665964,漳江河
19071,0.904837,25.91125000066944,119.65708333332624,漳江河
19072,13.9786,26.0154166673392,119.66041666665969,Min River
19073,10.9362,26.02541666733936,119.63874999999302,
19074,14.3782,26.03458333400636,119.61458333332644,Min River
19075,1942.57,26.059166669364288,119.5095833333263,闽安溪
19076,22.0713,26.067083334007407,119.50958333332665,闽安溪
19077,8.7885,26.07541667017148,119.55333333332636,
19078,4.94438,26.0870833340079,119.5195833333264,闽安溪
19079,9.83042,26.102083334008228,119.53374999999323,Min River
19080,7.79492,26.127083336806663,119.5508333333264,Min River
19081,317.652,26.248749999791244,119.61874999999304,
19082,2.08548,26.25458333401292,119.61958333332656,Ao River
19083,0.128452,26.324583334014903,119.8120833333262,
19084,0.24632,26.333750000681903,119.84208333332651,
19085,8.16716,26.352083334015845,119.67374999999288,
19086,6.41872,26.357916667349173,119.71541666665972,
19087,24.6192,26.369583334016227,119.66541666665968,
19088,7.19287,26.3979166673505,119.66708333332632,
19089,0.334998,26.440416667351712,119.7929166666596,
19090,4.13409,26.446250000685268,119.62624999999308,起步溪
19091,12.8289,26.44875000068532,119.59541666665984,起步溪
19092,0.241347,26.459583334019044,119.7079166666598,
19093,0.254974,26.477083334019422,119.66958333332629,
19094,91.2306,26.479583334019708,119.58958333332646,起步溪
19095,2.95882,26.48125000323529,119.6433333333265,起步溪
19096,0.193003,26.49875000068681,119.78458333332652,
19097,7.49869,26.54958333402169,119.76708333332635,
19098,0.109712,26.559583334022022,119.7704166666598,
19099,0.393628,26.569583334022127,119.84541666665972,
19100,0.958438,26.58041666735602,119.84541666665972,
19101,10.1501,26.593750000689624,119.61041666665994,车里湾溪
19102,0.365262,26.612083334023566,119.70041666665976,
19103,0.491583,26.61416666942978,119.67791666666004,
19104,0.436674,26.6220833340239,119.56708333332664,
19105,1.33523,26.630416667357338,119.95458333332635,
19123,0.722738,26.786666669450256,119.61708333332626,Huotong River
19124,2.13325,26.786666669450256,119.83874999999308,
19125,4.67493,26.7879166673622,119.9629166666598,
19126,2.86356,26.803333336118897,119.84041666665962,
19127,0.170055,26.8070833340293,119.76791666665986,
19128,4.8212,26.827916667363183,119.783749999993,
19129,12.6723,26.83208333403013,120.04124999999306,三河
19130,5.10373,26.842083334030463,119.798749999993,
19131,22.5183,26.84291666736385,119.82958333332624,
19132,5.92364,26.865416669599423,120.03416666665998,三河
19133,50.0663,26.87041666736457,120.03708333332656,
19134,1.59367,26.889583334031897,120.0729166666597,三河
19135,47.0388,26.894583334032063,120.05041666665966,三河
19136,0.720368,26.92666666946684,120.11041666665972,
19137,25.6739,26.97541666736771,120.17458333332638,Yangjia River
19138,7.20452,27.03291666736942,120.24208333332626,
19139,3.12722,27.05208333403692,120.25124999999308,
19140,10.9983,27.09625000070469,120.25791666665964,
19141,25.7254,27.11375000070529,120.26041666666003,
19142,55.1468,27.188750000707444,120.37791666665952,
19143,0.188526,27.20791666928875,120.4691666666597,
19144,0.290946,27.208750000708108,120.31124999999292,
19145,36.9167,27.222083334041884,120.45541666665964,
19146,3.81391,27.22458333404193,120.29708333332631,
19147,2.61157,27.22625000070866,120.51708333332635,
19148,0.106657,27.22791666737556,120.3379166666598,
19149,7.04444,27.23625000259477,120.27916666665976,
19150,5.65667,27.240416667375825,120.37874999999326,
19151,3.78574,27.24541666737599,120.3287499999932,
19152,72.0072,27.25208333404265,120.22791666665968,
19153,51.274,27.2795833340436,120.30874999999298,
19154,16.1661,27.294583335015204,120.28208333332655,Tongshan River
19155,7.41683,27.296250000710813,120.29291666665983,Tongshan River
19156,134.972,27.30041666737742,120.24541666665972,Tongshan River
19157,1.68291,27.302083334044312,120.54291666665983,
19158,6.11158,27.338750000712025,120.5104166666598,
19159,10.1613,27.391250000713622,120.54041666665978,
19160,1.6716,27.40375000071401,120.54374999999322,
19161,163.393,27.5029166673836,120.62791666665976,
19162,1.94277,27.524583334050988,120.6145833333262,
19163,0.909191,27.530416668960186,120.61083333332648,
19164,732.166,27.587916667386253,120.58124999999336,Ao River
19165,67.2905,27.59333333674499,120.58500000071932,Ao River
19166,2.10949,27.60208333405341,120.61124999999332,Ao River
19167,25.5134,27.66791666738873,120.66458333332662,Feiyun River
19168,4.45013,27.68041666738918,120.66874999999288,Feiyun River
19169,1.64632,27.723750000723783,120.72291666665956,Feiyun River
19170,508.488,27.734583334057447,120.64958333332652,Feiyun River
19171,57.5946,27.739583334057613,120.65958333332628,Feiyun River
19172,3.93643,27.75375000072455,120.75208333332635,中塘河
19173,10.0425,27.78791666739255,120.7695833333264,中塘河
19174,63.9144,27.797916667392712,120.79041666665968,下横河
19175,0.129493,27.807083334059485,120.79791666665972,下横河
19176,41.9391,27.830833336242392,120.8070833333262,下横河
19177,13.7273,27.849583334060924,120.83708333332618,下横河
19178,4.30306,27.93791666739702,120.86374999999292,下横河
19179,9.52956,27.95375000073085,120.87874999999292,Ou River
19180,145.92,27.969583334064737,120.78958333332616,瓯江
19181,380.646,27.97875000073168,120.75708333332648,瓯江
19182,3.85967,27.991250000731952,120.8129166666597,瓯江
19183,305.792,27.994583335412187,120.90708333332634,Ou River
19184,20.4847,27.99791666739901,120.84874999999283,瓯江
19185,17.1012,28.00375000073234,120.96874999999297,Ou River
19186,79.7473,28.019583334066,120.78374999999312,瓯江
19187,687.581,28.0266666699506,120.70500000097536,Nanxi River
19188,1073.29,28.02875000073317,120.70541666665974,Nanxi River
19189,8.26828,28.055386475573528,120.98405940829048,
19190,12.2799,28.077083334068107,121.15374999999337,
19191,172.974,28.09875000162492,120.99583333332646,
19192,0.140899,28.120416667402708,121.00708333332648,
19193,7.97302,28.12458333406932,121.26291666665952,Yutan
19194,10.4964,28.13625000073654,121.01874999999312,
19195,0.279213,28.13750000294624,121.1554166666599,
19196,209.465,28.143750000736645,121.02374999999336,
19197,3.11517,28.19041666740486,121.30041666665976,
19198,0.526739,28.207916667405243,121.10791666665978,
19199,20.5742,28.23083333629097,121.2754166666598,
19200,21.5673,28.242083334073072,121.3895833333262,
19201,2.34133,28.24625000073985,121.39958333332628,
19202,102.145,28.24833333629317,121.2687499999929,
19203,1.56676,28.25875000074029,121.12374999999292,Qing Jiang
19204,0.187055,28.26291666740707,121.12208333332616,
19205,15.3911,28.28958333407445,121.24291666665977,
19206,1.36014,28.292916667408065,121.0587499999931,Qing Jiang
19207,17.2305,28.29375000136816,121.05166666665968,Qing Jiang
19208,1.22185,28.294583334074616,121.07958333332635,Qing Jiang
19209,2.50308,28.30041666740817,121.23291666665978,
19210,1.77335,28.304583334074948,121.41624999999306,观岙直河
19211,83.1481,28.319166669838467,121.56166666547006,场前河
19212,0.88753,28.33375000074261,121.14624999999296,White
19213,1.75225,28.33375000074261,121.47624999999324,观岙直河
19214,12.3134,28.351250000743164,121.15708333332644,Dajing
19215,1.30805,28.35708333407672,121.2695833333264,江厦大河
19216,1.54134,28.362916667410047,121.59958333332656,
19217,0.576883,28.37875000074388,121.20624999999312,Dajing
19218,85.1064,28.380416667916165,121.17999999999302,Dajing
19219,30.8657,28.38875000074404,121.5979166666599,
19220,4.42527,28.393333336310945,121.19958333332625,Dajing
19221,53.5094,28.44958333407942,121.5762499999928,
19222,429.495,28.492916667414192,121.58041666665996,
19223,156.004,28.57375000075001,121.53708333332668,
19224,225.051,28.62875000075184,121.51874999999302,
19404,5.76328,31.92041666752459,120.77874999999312,
19405,303.644,31.930416667524923,120.2370833333265,Yangtze River
19406,1884.04,31.937916667524973,120.23374999999304,Yangtze River
19407,22.9531,31.947083334192143,120.87958333332664,Yangtze River
19408,132.729,31.94875000085869,120.30708333332632,Yangtze River
19409,1.43917,31.957083334192475,120.34458333332634,Yangtze River
19410,8.6485,31.95958333419236,120.86874999999316,Yangtze River
19411,32.9717,31.977916667526472,120.45624999999312,张家港
19412,2.94333,31.980416667526413,120.30874999999288,Yangtze River
19413,46.3379,31.987916667526804,120.6145833333262,Yangtze River
19414,4.3335,32.01041666752758,120.356249999993,Yangtze River
19415,279.384,32.01791666752803,120.80541666665988,Yangtze River
19416,126.21,32.0420833341953,120.7404166666596,Yangtze River
19417,81.8782,32.04374999711655,120.40499999999304,Yangtze River
19418,55.9128,32.0479166675288,121.68458333332636,头兴港
19419,0.621663,32.06125000086257,120.67124999999294,新浦河
19420,32.8325,32.072916667529626,120.6370833333266,新跃河
19421,82.0458,32.07791666752979,120.47541666666008,Yangtze River
19422,14.4126,32.08041666753007,120.49374999999316,Yangtze River
19423,1.43162,32.181250000866555,121.40708333332624,遥望港
19424,41.3582,32.20958333420083,121.37791666665989,遥望港
19425,11.2031,32.27708333420327,121.3854166666597,如泰运河
19426,115.305,32.36624999695994,121.3933333333265,
19427,5.73498,32.473750000876464,121.18208333332645,掘苴河
19428,6.27603,32.52291666754496,121.07874999999284,马丰河
19429,26.4688,32.53791666754546,120.99374999999304,栟茶运河
19430,73.9568,32.54625000087907,120.98374999999304,栟茶运河
19431,0.960153,32.61041666754801,120.91208333332634,新港干河
19432,0.161398,32.63791666754861,120.89624999999296,新港干河
19433,17.651,32.73708333421888,120.85624999999312,
19434,52.2687,32.757083334219544,120.85541666665972,
19435,2.02606,32.892916667557586,120.91041666665956,梁垛河
19436,1.581,32.917083334224856,120.9045833333264,东台河
19437,30.289,32.94791666755941,120.89708333332668,东台河
19438,45.955,33.04625000089601,120.82291666665992,
19439,25.9843,33.19625000090116,120.77708333332646,王港
19440,0.251779,33.24458333423627,120.73458333332631,
19441,1.51516,33.30458333423843,120.70874999999296,Simaoyou River
19442,0.927411,33.40958333424192,120.6254166666597,老中心河
19443,21.1577,33.45458333424341,120.62374999999317,
19444,50.8084,33.64625000091684,120.57874999999308,Xinyang
19445,0.616062,33.75708333425416,120.53541666665956,
19446,86.3347,33.8145833342561,120.47791666665968,
19447,0.457366,33.88958333425859,120.45041666665976,
19448,1.90963,33.936250000927146,120.42291666665972,运粮河
19449,10.0866,33.994583334262416,120.39374999999312,
19450,229.362,34.105000004223655,120.32583333226182,Subei General Irrigation Canal
19451,52.7213,34.25541666760495,120.27624999999318,
19452,0.202105,34.34875000094155,120.16124999999296,
19453,0.469115,33.23791666756921,126.55874999999288,
19454,0.113012,33.2395833342361,126.6054166666595,동홍천
19455,0.448241,33.24458333423627,126.5720833333263,연외천
19456,0.201793,33.251249996740455,126.19666666665944,
19457,0.123826,33.251666670271675,126.6245833333262,동홍천
19458,0.141928,33.335416667572815,126.84791666665932,
19459,0.188138,33.40875000090858,126.2579166666593,옹포천
19460,0.158091,33.418750000908915,126.26041666665958,옹포천
19461,0.21463,33.4254166675758,126.2645833333262,옹포천
19462,0.132749,33.446666670298214,126.29874999999288,금성천
19463,0.799076,33.51333333697403,126.4845833333262,Han Stream
19464,0.983615,33.51541666757896,126.5145833333263,Han Stream
19465,0.855543,33.516250000912294,126.5095833333262,Han Stream
19466,1.19341,33.518750000912235,126.5279166666594,Han Stream
19467,1.24646,33.52291666340443,126.55833333332612,Han Stream
19468,0.108132,33.527083334246015,126.589583333326,Hwabuk-cheon
19469,0.10478,33.527500003642615,126.85708333332616,
19470,0.162167,33.542916667579846,126.663749999993,문서천
19471,0.176845,34.19625000093612,129.29124999999283,シワコウ川
19472,8.07081,34.371250000942325,120.08958333332636,
19473,67.4578,34.38791666760972,119.79708333332644,
19474,3.88768,34.443750000944874,119.94708333332665,
19475,0.113658,34.45708333427865,126.8929166666594,대덕천
19476,265.932,34.46708333427915,119.7795833333264,灌河
19477,0.114076,34.49875000094687,126.20791666665946,
19478,57.0715,34.52875000837838,119.64958333676566,
19479,0.528336,34.53958333428176,126.46624999999278,삼산천
19480,0.510894,34.62041666761775,126.7787499999929,Tamjingang River
19481,4.89576,34.63291666761836,119.50708333332624,
19482,1.8297,34.655416667619136,119.48041666665996,烧香河
19483,0.532866,34.66791666761969,119.46041666665964,烧香河
19484,1.12062,34.738750000955406,127.7345833333261,Yeondeungcheon (River)
19485,218.916,34.79291666382795,119.22166666665989,临洪河
19486,0.114946,34.79544373869322,126.47594150324994,Yeongsan River
19487,0.672747,34.80041666762429,126.42874999999276,Yeongsan River
19488,0.135173,34.8095833342914,126.60791666665932,영암천
19489,0.346551,34.8237500009584,127.63708333332612,Ssangbong Stream
19490,109.135,34.8337500009589,119.17624999999292,Zhuji River
19491,0.677899,34.83791666762568,127.35874999999272,벌교천
19492,0.194831,34.83958333429223,127.9112499999926,Pyeongcheon River
19493,4.93256,34.87708333429367,127.50874999999256,Isacheon(Riv.)
19494,0.141802,34.87708333429367,127.59041666665952,동천
19495,0.116318,34.87958333429373,126.55374999999287,Yeongsan River
19496,0.581675,34.88208333429384,128.69708333332596,Aju Stream
19497,23.4778,34.88875000096073,119.18124999999291,Guanzhuang River
19498,0.852441,34.89166667049966,128.62541666665936,연초천
19499,0.320265,34.89791666389681,128.62583333332623,
19500,14.6549,34.921250000962004,126.53458333332604,Yeongsan River
19501,0.169312,34.92208333429551,128.1095833333261,삼천포천
19502,58.3141,34.92458333429562,119.19208333332642,Guanzhuang River
19503,0.124793,34.925833337171014,128.08958333332623,삼천포천
19504,0.429566,34.9270833342955,128.0770833333263,
19505,0.366298,34.946250000962834,127.59874999999296,광양서천
19506,0.764562,34.95151498925492,127.60062044970392,광양서천
19507,0.110636,34.962083334296835,126.39541666665956,태봉천
19508,0.216259,34.96166667050966,128.31874999999263,
19509,2.37486,34.971250000963835,119.19874999999296,Hankou River
19510,2.43723,34.98958333429778,127.78124999999272,횡천강
19511,0.227587,35.035416667632774,127.97624999999266,곤양천
19512,2.03197,35.043750000966384,119.21541666665983,Shiqiao River
19513,3.12102,35.05791666763372,119.22374999999327,Shiqiao River
19514,0.13722,35.0604166676336,128.04708333332587,Gahwacheon River
19515,0.300283,35.07208333068951,128.45416666665938,진전천
19516,0.858888,35.07791666402733,128.05749999999273,Gahwacheon River
19517,0.519067,35.08541666763443,129.0279166666594,대신복개천
19518,81.1215,35.09208333430149,119.29458333332629,绣针河
19519,0.229037,35.09791666763505,128.44874999999251,진동천
19520,0.117657,35.10625000096866,128.95791666665923,평강천
19521,0.209651,35.10708333071682,128.4866666666594,진동천
19522,6.5427,35.12375000096921,129.06041666665965,대연천
19523,0.406374,35.13333333720067,128.65874999999278,여좌천
19524,0.453381,35.13375000096954,129.11208333332638,Suyeong River
19525,0.450764,35.1395833343031,128.69708333332596,동천
19526,0.770508,35.14875000097027,128.90041666665945,평강천
19527,4.46359,35.1495833343036,128.9029166666594,평강천
19528,20.71,35.15958333430393,129.13541666665924,Suyeong River
19529,1.21773,35.15916667053767,129.15874999999278,Suyeong River
19530,1.82481,35.16708333430421,128.9654166666595,평강천
19531,13.3002,35.16791666763754,119.38124999999332,龙王河
19532,0.266275,35.18041666763816,129.20208333332585,Chun Stream
19533,0.410999,35.20708333430571,128.5854166666595,대명천
19534,19.4426,35.20708333430571,128.9945833333262,Seonakdong River
19535,4.41391,35.211250000972484,128.59874999999306,대명천
19536,8.38199,35.211250000972484,128.606249999993,대명천
19537,0.115719,35.24375000097376,129.25041666665948,일광천
19538,0.155051,35.26458333430776,129.23708333332593,일광천
19539,43.1734,35.26541666764115,119.40374999999337,巨峰河
19540,0.204117,35.28541666764181,126.36958333332608,학산천
19541,125.152,35.312083334309534,119.43874999999308,傅疃河
19542,0.417975,35.31625000097631,129.26291666665918,좌광천
19543,0.121321,35.32708333431003,129.282083333326,좌광천
19544,0.228761,35.35916667165134,126.4283333330311,Watancheon River
19545,0.883973,35.39041666764564,129.34791666665933,Namchangcheon (Riv.)
19546,0.830924,35.46958333103436,129.34583333332614,태화강
19547,7.8633,35.537916667651075,129.37124999999264,태화강
19548,0.248207,35.53875000098441,126.59541666665928,주진천
19549,37.0332,35.56541666765196,119.6245833333262,潮河
19550,35.9512,35.60791666765374,119.64791666665974,白马河
19551,18.3789,35.65875000098879,119.72958333332645,横河
19552,1.64778,35.75666667062376,126.77791666665928,Sinpyeong Stream
19553,1.89958,35.76541666765934,119.92124999999294,苑庄河
19554,0.270644,35.7720833343264,126.78291666665928,Sinpyeong Stream
19555,26.7247,35.856250000996056,120.04291666665972,风河
19556,5.18437,35.88291666766378,120.05708333332632,
19557,7.81338,35.91041666766466,126.83458333332624,Mangyeong River
19558,0.240552,35.98625000100088,126.72624999999287,Geumgang (River)
19559,0.822134,35.98625000100088,126.73041666665938,Geumgang (River)
19560,3.82907,36.00125000100155,129.35541666665927,Hyeongsan-gang (River)
19561,1.60792,36.005416667668214,129.4179166666596,Hyeongsan-gang (River)
19562,3.68601,36.02958333433583,120.17208333332644,辛安前河
19563,10.7432,36.03124999832738,126.78916666665953,Geumgang (River)
19564,45.2662,36.11458333433899,120.10624999999322,
19565,1.84468,36.1158333385128,120.54083333354528,南九水河
19566,0.36796,36.129583331787614,129.40166666665925,곡강천
19567,20.4645,36.14541666767354,120.1070833333264,Dagu River
19568,122.05,36.16041666767404,120.35874999999294,李村河
19569,188.092,36.18291666767482,120.14291666665986,Dagu River
19570,0.139264,36.19125000100843,126.54124999999284,Ungcheon River
19571,235.172,36.23875000101032,120.31958333332636,白沙河
19572,0.265425,36.31791666767998,120.64291666665974,土寨河
19573,1.10886,36.35208333209431,126.56166666665943,Daecheon River
19574,0.278674,36.35375000101453,126.56124999999292,Daecheon River
19575,0.256993,36.3587500010147,129.38958333332585,
19576,2.7562,36.39041666768259,120.68458333332636,
19577,0.446163,36.43000000405567,120.71958333332644,
19578,0.320334,36.4829166676862,126.61208333332615,Gwangcheon River
19579,0.163415,36.56541666768925,129.42458333332593,송천
19580,14.5108,36.58708333435664,120.80124999999316,Wulong River
19581,113.735,36.6020833343573,120.8087499999931,
19582,0.128264,36.61208333435764,126.47791666665968,와룡천
19583,13.5476,36.63041666769158,121.04208333332622,
19584,19.8174,36.64791666769236,120.87291666666,白沙河
19585,0.223044,36.6850000040933,121.1829166666596,
19586,0.722412,36.69375000102741,126.4520833333262,Dodang River
19587,44.3932,36.69458333436074,121.20958333332624,东村河
19588,0.555462,36.71875000102841,121.36208333332615,留格河
19589,0.17388,36.7183333374316,126.3454166666595,상옥천
19590,17.8612,36.721250001028295,121.33458333332636,留格河
19591,2.03893,36.79791666769785,126.85791666665932,Gokgyocheon(River)
19592,1.58061,36.82958333436579,121.63708333332625,
19593,6.29139,36.84041666769963,126.84958333332612,Gokgyocheon(River)
19594,7.23218,36.84125000103302,121.5729166666597,
19595,84.1059,36.842083332867446,121.4508333333264,乳山河
19596,0.125325,36.85125000103335,126.82791666665958,Gokgyocheon(River)
19597,0.8704,36.85791666770024,122.3687499999928,
19598,0.111397,36.897916667701736,126.92541666665944,Jucheon (Riv.)
19599,8.92471,36.90541666770196,121.82374999999308,Huanglei River
19600,0.321993,36.90791666631492,122.2049999999931,
19601,1.2955,36.91875000103573,122.41374999999287,
19602,34.938,36.91958333436912,121.86291666665954,Huanglei River
19603,0.429639,36.93041666770296,126.99041666665926,Dunpocheon (River)
19604,0.847695,36.94708333437018,126.62708333332648,역천
19605,84.9707,36.96958333437112,121.96874999999308,Muzhu River
19606,0.103038,36.96958333437112,129.41124999999272,광천
19607,11.0732,36.972083334371234,121.99624999999288,Muzhu River
19608,19.066,36.97500000413663,126.9795833333261,Dunpocheon (River)
19609,0.189626,36.977916666439285,129.4091666666593,광천
19610,3.57978,37.004583334372455,122.40791666665972,
19611,15.0417,37.02541666770651,122.19541666665975,青龙河
19612,2.75918,37.02875000104012,122.20458333332624,青龙河
19613,15.3963,37.030416667706845,122.40874999999278,小落河
19614,0.417028,37.04041666770718,126.86458333332598,Barancheon(River)
19615,90.2909,37.05208333437423,119.5704166666601,
19616,10.5756,37.05875000104129,119.25124999999343,利民河
19617,1.08167,37.06791666770806,119.3329166666598,尹家河
19618,0.144003,37.072083334375066,126.76291666665952,Eoeuncheon(Riv.)
19619,26.5238,37.10291666770962,122.45958333332636,沽河
19620,142.122,37.11208333437656,119.46791666666002,Wei River
19621,20.2208,37.12125000104356,119.73541666665984,引黄入烟干渠
19622,328.379,37.14375000104445,119.18541666665988,新弥河
19623,0.135833,37.14875000104462,126.82874999999297,Namyangcheon (Riv.)
19624,7.01072,37.172916667712286,122.5562499999928,车道河
19625,0.203995,37.18205752523738,126.7951085370696,Namyangcheon (Riv.)
19626,26.9774,37.22208333438096,119.85458333332622,引黄入烟干渠
19627,1.77156,37.26958333438267,126.85041666665929,Donghwacheon
19628,0.689069,37.279583334383005,122.5479166666596,马道河
19629,233.793,37.2812500010499,118.96458333332646,Xiaoqing River
19630,4.25648,37.29875000105034,126.81541666665952,Hwajeong Stream
19631,1.23035,37.29958333438367,119.90624999999297,苏郭河
19632,0.649123,37.31458333438434,126.72541666665938,시흥천
19633,72.0217,37.35208333438578,118.92208333332631,支脉河
19634,2.24114,37.38541666772039,122.46374999999296,埠柳河
19635,3.3007,37.38916667168712,126.67499999914423,승기천
19636,3.02393,37.39208333438728,126.734583333326,승기천
19637,6.84318,37.39541666772072,122.40958333332628,埠柳河
19638,29.028,37.39791666772084,119.9437499999932,王河
19639,26.3568,37.40833333753534,122.361249999993,埠柳河
19640,0.727995,37.40958333438806,122.32958333332648,石家河
19641,8.14811,37.41708333626627,121.77124999999307,汉河
19642,0.331647,37.41958333438839,121.94374999999307,
19643,10.2252,37.427916667722,120.01208333332625,
19644,1.39838,37.427916667722,122.16958333332629,九龙河
19645,15.9518,37.427916667307215,122.27166666665984,逍遥河
19646,0.107899,37.43041666772223,121.66124999999296,Qinshui River
19647,8.07995,37.43041666772223,121.9895833333262,
19648,0.932927,37.43291666772217,129.19374999999275,삼척 오십천
19649,40.9186,37.43625000105578,121.5570833333262,辛安河
19650,12.7632,37.439583334389226,121.65291666665972,Qinshui River
19651,2.27101,37.45708333438978,121.49624999999298,逛荡河
19652,3.15015,37.48875000076709,121.99749999999312,张村河
19653,0.91428,37.49458333439139,129.13708333332602,Jeoncheon
19654,3.76412,37.49541666772456,126.6395833333264,청라 커널웨이
19655,11.3645,37.50291666772483,120.18874999999298,引黄入烟干渠
19656,74.1302,37.547083334393335,120.24874999999317,界河
19657,147.712,37.5520833343935,121.28624999999283,大沽夹河
19658,11.8876,37.5979166677285,121.14291666665952,黄金河
19659,0.877567,37.60416667159728,118.9666666677174,小岛河
19660,169.022,37.61291666768744,126.79166666665948,Gulpocheon
19661,2.42691,37.617083334396,126.793749999993,Gulpocheon
19662,0.188366,37.63625000106328,126.73208333332605,나진포천
19663,0.410674,37.64375000106372,126.75124999999288,Gulpocheon Stream
19664,0.176228,37.656250001064166,126.69874999999274,봉성포천
19665,11.7021,37.6600000042402,120.32041666665953,恒河
19666,0.714825,37.6612500010645,126.71458333332625,봉성포천
19667,0.237539,37.68583333822471,126.65833333447154,봉성포천
19668,21.8622,37.71041666773294,120.40041666665957,
19669,9.53947,37.71208333439967,121.02374999999336,平畅河
19670,0.228712,37.72666667153737,126.52500000118368,사북천
19671,48.4901,37.74958333440111,120.51791666665974,绛水河
19672,1.76902,37.75875000106805,126.6879166666597,공릉천
19673,56.1673,37.76875000106838,119.17208333332631,Yellow River
19674,3.40369,37.76875000106838,128.95291666665958,Namdaecheon River
19675,0.167894,37.80291666773656,128.9112499999926,Namdaecheon River
19676,5.97891,37.812916667736886,120.80624999999304,平山河
19677,5.64805,37.81458333440361,120.84458333332624,平山河
19678,4.74241,37.82750000426586,126.66958333332616,Sacheon
19679,0.122996,37.837916667737886,128.87791666665942,
19680,0.332007,37.886250001073,128.8304166666594,신리천
19681,67.1801,38.09791666774811,118.03874999999312,套尔河
19682,0.192412,38.09958333441466,128.6429166666594,후천
19683,1.47567,38.10958333529874,118.32666666665978,马新河
19684,0.185255,38.11500000431005,118.68041666665964,黄河故道
19685,7.17429,38.122083334415606,118.22624999999334,潮河
19686,6.59399,38.128333337645415,118.5979166666599,
19687,0.174091,38.16125000108394,128.60958333332587,쌍천
19688,0.859222,38.20125000108544,128.5945833333261,용촌천
19689,0.123529,38.22208333441944,128.59124999999267,용촌천
19690,51.3535,38.236250001086944,117.93291666665982,
19691,0.115989,38.236250001086944,128.57874999999262,용촌천
19692,52.2216,38.25958333442122,117.8445833333268,Zhangweixin River
19693,18.6996,38.491250001097,117.62791666665989,黄浪渠
19694,22.5146,38.62291666776878,117.5679166666598,Ziyaxin River
19695,4.31484,38.637083334436056,117.5679166666598,Ziyaxin River
19696,27.3485,38.76208333636225,117.57749999999317,独流减河
19697,166.949,38.877916667779175,121.58791666665968,马栏河
19698,0.365511,38.93208333444801,121.22208333332615,北大河
19699,728.098,38.970416667782615,117.71708333332664,Hai River
19700,11.3654,39.03958333445212,118.26458333332651,
19701,2.31684,39.07625000112034,121.90708333332644,
19702,74.7166,39.093750001120895,121.67958333332638,
19703,28.6461,39.11208333445524,117.72208333332628,Jiyun River
19704,134.268,39.1125000044666,117.72624999999312,Jiyun River
19705,4.44859,39.125833337465,122.03166666381094,青云河
19706,10.9932,39.151250001123344,118.54041666666,紫娟河
19707,19.1946,39.15875000112362,118.66374999999334,Su River
19708,7.05513,39.16458333445712,118.8504166666596,大清河
19709,9.84493,39.17083333745137,118.6050000028797,Su River
19710,27.1991,39.181666671144114,118.13291666665998,Sha River
19711,7.67094,39.20291666779213,122.05124999999292,登沙河
19712,134.679,39.21041666779252,118.0645833333266,Dou River
19713,0.172819,39.21208333445907,117.9395833333266,
19714,0.690417,39.21416667114943,121.64791666665953,
19715,0.106013,39.23958333446035,122.14624999999307,
19716,9.85889,39.252916667794295,119.08624999999348,小长河
19717,1.95539,39.27958333446202,121.72791666665955,
19718,4.00595,39.30208333446296,121.7537499999928,
19719,28.3765,39.330416670448415,122.24249999999311,Sha River
19720,7.1794,39.37291666779896,122.30124999999305,清水河
19721,29.8724,39.40958333446724,121.94291666665958,
19722,55.4889,39.42291667055525,119.2633333333265,Luan River
19723,0.39691,39.43291666780152,121.88041666665949,
19724,4.36578,39.444166671186224,122.3829166666594,大余粮河
19725,1.40538,39.4620833344693,121.72458333332644,
19726,1.05287,39.46791666780285,121.69458333332636,
19727,0.160299,39.468750001136186,122.42624999999292,大余粮河
19728,33.0757,39.48291667062188,122.56416666665962,Biliu River
19729,2.22216,39.55875000114008,122.65374999999324,小沙河
19730,7.9392,39.565833337872334,119.27958333332651,
19731,1.21256,39.610416667808806,122.76708333332648,三岔河
19732,31.5305,39.618750001142416,121.52791666665952,Fuzhou River
19733,46.5544,39.66375000114431,122.97791666665944,
19734,27.7301,39.66875000114448,119.3229166666598,饮马河
19735,32.481,39.669166671222456,122.99624999999288,小蛤蜊河
19736,9.46295,39.68208333447825,123.0054166666597,小蛤蜊河
19737,0.582652,39.687083334478416,123.09708333332615,
19738,0.295883,39.72791666781359,121.48041666665972,
19739,22.0624,39.73958333448064,123.2154166666594,Yingna River
19740,3.94514,39.74041666781403,119.35791666665978,Yang River
19741,50.7441,39.78125000114909,119.41124999999306,Yang River
19742,4.84109,39.80208333448326,123.26708333332635,板桥河
19743,3.56002,39.80875000115032,123.41124999999283,
19744,14.0047,39.81250000457902,123.28208333332634,
19745,6.09969,39.83125000115109,123.59208333332629,Dayang River
19746,0.204964,39.84125000115176,123.74458333332656,
19747,3.53376,39.85541666781893,123.82291666665948,
19748,0.434024,39.85625000115226,123.66041666665944,Dayang River
19749,13.0034,39.85708333448565,123.86541666665948,
19750,7.30389,39.89208333448698,123.63291666665953,Dayang River
19751,67.4887,39.89625000115376,123.64374999999302,Dayang River
19752,14.0363,39.89791666782065,124.20041666665952,大东沟
19753,17.6186,39.899583334487374,124.21458333332612,
19754,60.0959,39.91291666782115,119.57208333332642,
19755,0.874667,39.91291666782115,121.75791666665964,
19756,11.866,39.93291666782204,124.30374999999276,Liutiao River
19757,4.67183,39.94041666782243,121.79874999999288,
19758,31.0395,39.95750000460265,119.7845833333264,Dashi River
19759,1.75727,40.02208333449255,119.90291666665972,九江河
19760,247.7,40.02958333449277,124.3695833333262,Yalu River
19761,6.31751,40.043750001160106,119.923749999993,
19762,6.98719,40.06291666782738,119.96458333332636,
19763,9.16062,40.101250001162384,120.10958333332668,
19764,9.80972,40.108750001162775,121.96624999999278,Fudu River
19765,5.94625,40.154583334498,120.2712499999932,Gou River
19766,1.06405,40.188750001166,120.33541666665953,
19767,26.9807,40.19708333449978,122.05958333332636,熊岳河
19768,8.50856,40.24125000116823,122.10458333332645,
19769,33.4464,40.27125000116945,120.49124999999322,
19770,13.3699,40.3345833345054,122.168749999993,
19771,7.20479,40.42541666784263,120.59124999999312,Yantai River
19772,53.0777,40.43208333450968,122.23958333332632,Daqing River
19773,3.0043,40.46625000117752,120.59291666665968,Yantai River
19774,27.1254,40.47791666784474,122.33291666665993,
19775,52.6828,40.60125000483646,120.75416666665956,
19776,195.89,40.70791666785448,122.15958333332652,大辽河
19777,56.0341,40.748750001189705,120.928749999993,连山河
19778,0.175067,40.81291666785904,121.93874999999298,
19779,33.1683,40.8445833345271,121.58291666665968,Daling River
19780,6.45986,40.857083334527545,120.99791666665963,
19781,0.264728,40.91958333453033,121.8320833333263,Liao River
19782,0.832335,40.92041666786366,121.3312499999929,
19783,99.0497,40.92708333453055,121.25041666665948,Xiaoling River
19784,1.02694,40.95875000119844,121.8037499999931,Liao River
19785,95.5519,40.96708333453228,121.83291666665946,Liao River
19786,20.5713,42.31625000125791,130.6629166666595,
19787,0.227405,42.68708333460802,130.7520833333258,Цукановка
19788,0.157115,42.74500000507726,133.0887499999925,Хребтинка
19789,3.32471,42.83625000314015,132.91708333332588,
19790,3.64331,42.83875000128148,132.99958333332577,
19791,0.246299,42.840416667948205,132.98208333332593,Partizanskaya
19792,0.613775,42.86041666794921,133.6520833333259,Kiyevka
19793,0.228184,42.8962500012841,132.78291666665905,Литовка
19794,0.242539,42.90541666795104,133.89041666665935,Соколовка
19795,0.195204,42.91125000128477,132.760416666659,
19796,2.37952,42.947916667953,132.4012499999926,
19797,0.127029,42.95375000128672,131.40374999999278,Семиверстка
19798,0.170638,43.06958333462512,131.60624999999254,Кедровая
19799,0.47095,43.10125000129341,131.63291666665918,Барабашевка
19800,0.221905,43.17208333462997,134.4404166666592,Чёрная
19801,0.211657,43.19458333727374,132.39333333332593,
19802,0.205458,43.2187500012987,132.38624999999251,
19803,0.668439,43.22166667182961,131.9587499999925,Большая Пионерская (Большая Седанка)
19804,0.188542,43.222916667965706,131.73208333332582,Малютинка
19805,0.715226,43.24541666796682,132.01374999999234,Богатая
19806,0.162876,43.299583334636,134.6695833333256,
19807,0.248442,43.31625000507103,131.9395833333259,
19808,1.54277,43.31708333463672,132.0712499999927,Песчанка
19809,2.73082,43.33708333463756,132.29541666665932,Кневичанка (Батальянза)
19810,0.208904,43.35125000130506,134.79874999999242,Петропавловка
19811,9.2777,43.36291666797212,131.7912499999926,
19812,0.165409,43.72125000132212,135.22041666665928,
19813,0.318403,43.72875000132257,135.25958333332585,Ольга
19814,1.50639,44.174583334676925,135.64791666665906,Зеркальная
19815,5.08633,44.36208333534984,135.82916666665892,Рудная
19816,0.167498,44.45125000135687,136.02624999999216,Опричника
19817,0.949033,44.74375000137081,136.3037499999923,Plastunka
19818,0.129947,44.79708333470683,136.35124999999266,Dzhigitovka
19819,0.201443,45.03458333471861,136.6462499999925,Серебрянка
19820,0.123638,47.65125000151977,139.18124999999213,Нельма
19821,0.231622,48.950416668258526,140.2545833333254,Большая Хадя
19822,1.24279,48.96291666825925,140.2737499999921,Большая Хадя
19823,0.115188,48.96583333964901,140.2137499999925,Большая Хадя
19824,0.461683,48.9812500015936,140.2837499999921,Большая Хадя
19825,0.166845,49.009583330406485,140.21999999999218,Большая Хадя
19826,0.852298,49.08291666826608,140.2695833333255,Мучке
19827,0.329279,49.08708333493309,140.27041666665923,Мучке
19828,0.386104,49.10541666826737,140.3295833333259,Мучке
19829,0.275926,49.268750001610215,140.31041666665874,
19830,11.4854,53.11375000500283,140.70499999999242,
19831,0.230401,53.12708333518566,140.707916666659,Amur
19832,0.116729,-34.76208333425973,19.7137499999983,Ratelrivier
19833,1.84341,-34.712083334257954,20.112916666664887,Heuningnesrivier
19834,1.92756,-34.60458333425413,19.412916666664955,
19835,0.600146,-34.5970833342538,20.33708333333135,
19836,1.50321,-34.50625000091719,20.447083333331648,
19837,3.19131,-34.42625000091425,19.190416666664817,
19838,4.51902,-34.417083334247366,19.379583333331368,Klein River
19839,9.73189,-34.4062500009137,20.84791666666496,Breede River
19840,1.7644,-34.37625000091259,21.421249999998167,
19960,6.86097,-32.157083337499614,28.995833333331063,Bulungula
19961,1.03724,-32.138750000835216,29.009583333331136,Bulungula
19962,0.975522,-32.08458333416672,18.31541666666493,
19963,5.75058,-32.077916670787886,29.07666666666455,Mncwasa
19964,3.36107,-32.04041667233838,29.10874999999772,Mncwasa
19965,3.1873,-31.983750000830128,29.152083333331063,
19966,4.0526,-31.97041666749635,29.16624999999766,Mapuzi
19967,22.9587,-31.947083334162244,29.18374999999793,
19968,6.30217,-31.928750000828305,29.213749999997844,
19969,0.507362,-31.88958333416025,29.248749999997926,Mtakatyi
19970,12.0869,-31.85750000327795,29.272083333330954,Mtakatyi
19971,2.19029,-31.80708333415754,29.323749999997744,Mnenu
19972,0.490147,-31.793750000823763,29.347916666664503,Mnenu
19973,1.06056,-31.760416667489324,29.35708333333093,
19974,0.425018,-31.75875000082266,18.22374999999824,
19975,4.7488,-31.7495833341556,29.369583333331207,
19976,12.5086,-31.69125000082033,29.42374999999788,Mngazi
19977,14.2013,-31.67291666748639,29.4537499999978,
19978,4.41117,-31.65875000081917,18.1962499999982,
19979,15.8485,-31.62125000081801,29.547916666664605,Bulolo
19980,0.728526,-31.593750000817124,29.607083333331104,Mntafufu River
19981,6.85989,-31.56291666748274,29.63624999999763,
19982,7.06807,-31.522083334147965,29.689583333331143,
19983,0.12681,-31.464166669892904,29.734583333331216,KwaNyambalala
19984,0.610607,-31.4462500008122,29.761249999997915,KwaNyambalala
19985,1.37589,-31.433750000811813,29.822083333331136,Miambomkulu
19986,0.734562,-31.422916667478034,29.852083333331223,
19987,1.0194,-31.402916667477427,29.8737499999977,Tezana
19988,0.27532,-31.350416670268203,29.93833333333106,Tezana
19989,14.593,-31.31875000080805,29.9654166666644,Msikaba River
19990,0.366399,-31.305416670230045,29.9966666666644,Mkambati River
19991,1.86957,-31.27458333413984,30.02458333333089,Mkambati River
19992,8.56633,-31.24625000080556,30.04624999999777,Mkambati River
19993,0.616482,-31.219583334138008,30.06791666666425,Mtentu River
19994,0.130157,-31.18541667139641,30.10208333333117,Mnyameni River
19995,8.27313,-31.149583334135684,30.13291666666447,Mnyameni River
19996,1.13217,-31.120416670065367,30.16083333333097,Mzamba River
19997,7.89484,-31.107083336719768,30.173333333331072,Mzamba River
19998,0.151428,-31.08958333670347,30.183333333331007,Mzamba River
19999,18.2512,-31.07791666746664,30.193749999997863,Mzamba River
20000,0.454528,-31.0420833341322,30.22791666666444,Sandlundlu River
20001,1.58376,-31.010416669961955,30.25749999999784,Sandlundlu River
20002,2.6934,-30.970416667463155,30.28208333333112,
20003,3.8803,-30.90791666746117,30.33458333333124,Ibilianhlohlo River
20004,3.62142,-30.888750003176145,30.34999999999775,Ibilianhlohlo River
20005,0.57712,-30.84458333412573,17.57874999999831,Groenrivier
20006,10.072,-30.8350000030415,30.395833331410927,Vungu River
20007,6.70499,-30.819583334124843,30.40458333333089,Vungu River
20008,5.36402,-30.78458333412385,30.42374999999788,Mboyboyi River
20009,11.0703,-30.77041666745663,30.43708333333109,Umzimkulu River
20010,31.4166,-30.7362500007888,30.458749999997792,Umzimkulu River
20011,3.58287,-30.70750000312813,30.48124999999783,
20012,1.67536,-30.67125000078676,30.510416666664185,Umtentweni River
20013,1.29086,-30.636250000785594,30.536249999997665,KwaMalukaka
20014,13.535,-30.60791666745132,30.55124999999782,KwaMalukaka
20015,0.138285,-30.59541666745082,17.44374999999843,Bitterrivier
20016,3.67093,-30.583750000783937,30.57041666666441,KwaMalukaka
20017,10.6059,-30.557083334116385,30.5854166666644,Mzimayi
20018,6.0535,-30.53041666744884,30.60791666666444,
20019,3.88465,-30.523750000781945,30.61041666666449,Mtwalume
20020,15.3841,-30.48541666744734,30.632083333331195,Fafa
20021,7.13574,-30.454583334113067,30.65374999999784,Fafa
20022,0.545626,-30.414583334111853,30.677083333331097,Fafa
20023,1.50479,-30.402916669319893,30.68333333333095,Mzinto River
20024,5.10541,-30.366250000776915,30.70874999999773,
20025,1.96093,-30.347083334109584,30.72458333333105,Mzinto River
20026,5.93543,-30.27958333410743,30.75791666666441,
20027,1.57814,-30.26791666744037,30.7637499999978,Mahlongwa River
20028,9.29413,-30.199583334104773,30.802916666664487,Mkomazi
20029,0.753191,-30.15875000077017,30.825416666664523,Msimbazi River
20030,2.0428,-30.128750000769287,30.846249999997667,Msimbazi River
20031,11.7512,-30.11041666743523,30.852916666664385,Little Manzimtoti River
20032,8.21648,-30.0572615038758,30.88312625547212,
20033,41.5096,-30.010000002801743,30.93333333130977,Thumbela Primary School
20034,154.005,-29.992544208316247,30.950578504330565,Mlazi
20035,350.208,-29.9679166674307,30.97791666666444,
20036,266.914,-29.88875000076149,31.008749999997747,Umbilo River
20037,201.776,-29.8845833340946,31.001249999997867,
20038,380.28,-29.81000000301367,31.040416666664385,uMngeni River
20039,5.01058,-29.702916667422244,31.09791666666433,Umhlanga River
20040,0.790169,-29.678750000754803,17.052916666665112,Buffels
20041,18.2865,-29.64791666742053,31.12624999999776,
20042,39.0318,-29.572083334084823,31.18458333333104,Tongati
20043,14.1356,-29.45666666963592,31.27958333333117,Mhalali
20044,46.5819,-29.38625000074552,31.33374999999768,Mvoti
20045,0.482653,-29.35875000074469,16.936249999998097,
20046,0.37264,-29.34875000074436,31.373749999997585,
20047,0.377023,-29.3479166681878,31.376249999997697,
20048,8.86996,-29.31208333407648,31.41208333333094,Zinkwazi River
20049,4.19069,-29.277083334075485,31.442083333331084,Zinkwazi River
20050,56.9208,-29.22041666740705,31.492083333331152,Tugela River
20051,1.07882,-29.12708333407068,31.605416666664496,
20052,38.3906,-29.10708333407013,31.619583333331093,Matigulu
20053,0.497392,-28.97708333404438,16.71999999999821,Holgat
20054,14.4349,-28.94375000065895,31.812499999997783,
20055,13.0497,-28.832083334061338,32.00374999999775,Mhatuze River
20056,48.7214,-28.828750000728007,32.029583333330834,
20057,7.26061,-28.79458333406029,32.083749999997735,Lake Mzingazi Dam
20058,0.886135,-28.65791667113496,32.260416661090005,
20059,0.564297,-28.63708333405532,16.46208333333152,Orange River
20060,25.135,-28.407083334048195,32.4179166666641,
20061,17.5466,-28.38541666738081,32.41958333333082,Mfolozi River
20062,0.784013,-26.89958333400216,32.87624999999775,
20063,0.265163,-26.70666666777754,32.90000000338017,
20064,0.111693,-26.515733741122745,32.91545831033642,
20065,16.968,-26.349583333985663,32.67708333333087,
20066,1.51546,-26.28875000065068,32.83124999999768,
20067,0.179679,-26.257916667316408,32.68208333333104,
20068,0.179679,-26.255833335913906,32.68124999999765,Maputo River
20069,0.179679,-26.25375000064952,32.680416666664314,Maputo River
20070,0.179679,-26.251666669246845,32.679583333330925,Maputo River
20071,0.220618,-26.249166669246392,32.67874999999776,Maputo River
20072,0.165279,-26.21375000064836,32.67708333333104,Maputo River
20073,0.126924,-26.147916667313098,32.89208333333107,
20074,5.0075,-26.02958333397629,32.49458333333104,Rio Umbelúzi
20075,20.9601,-26.00708333073192,32.47583333333091,
20076,60.812,-25.99374999739041,32.46499999999776,
20077,1.17356,-25.979583333974745,32.54624999999743,Rio Infulene
20079,228.383,-25.9329166673067,32.52041666666412,Rio Infulene
20080,0.94648,-25.88541666730538,32.67374999999777,
20081,0.170454,-25.805416667303064,32.72041666666439,Komati River
20082,58.9503,-25.76541666730185,32.72958333333099,Komati River
20083,1.34899,-25.463750000626305,32.988749999997765,
20084,2.45992,-25.461250000626137,45.71291666666366,
20085,1.88772,-25.30125000062145,33.21624999999767,
20086,1.7309,-25.287916667287845,44.51708333333062,
20087,1.73433,-25.282916667287623,33.25708333333091,
20088,3.04429,-25.24708333395324,33.33874999999745,
20089,0.159058,-25.17791666728448,46.69458333333023,
20090,82.2912,-25.17125000061776,33.515416666664294,
20091,3.81674,-25.17125000529564,46.437083333330406,Mandrare
20092,0.675438,-25.163750000617423,46.49708333333047,
20093,0.615278,-25.147083333950377,46.74124999999685,
20094,0.224917,-25.11375000061605,46.80458333333053,
20095,1.89363,-25.045416663598417,46.91083333333052,Akofa
20096,0.703479,-25.01875000061324,44.06374999999696,Linta
20097,0.31235,-24.97291666727847,47.04708333333042,
20098,0.372963,-24.937500000982595,47.11416666981188,
20099,3.76029,-24.89041666727627,34.388749999997685,
20100,0.545843,-24.882916667275992,34.409583333331,
20101,15.5285,-24.87583333575344,34.42458333333076,
20102,14.2002,-24.824583333941007,34.56958333333097,
20103,14.1671,-24.82375000060756,34.57208333333068,
20104,14.1196,-24.822916663526712,34.57499999999766,
20105,14.1141,-24.822083330193152,34.57749999999754,
20106,14.1141,-24.821250000607563,34.58041666666412,
20107,14.1141,-24.820416667274287,34.58291666666423,
20108,1.5949,-24.715416667271143,47.19291666666362,Volobe
20109,0.101955,-24.68458333393687,43.94458333333063,
20110,0.174343,-24.629583333935443,47.23374999999686,
20111,0.460092,-24.53000000883344,47.28208333333038,
20112,0.114559,-24.392083333928497,47.3145833333304,
20391,1.04991,-16.53874999995503,49.83958333333021,
20392,20.4471,-16.5037500003819,39.7312499999972,Melúli
20393,0.181959,-16.47083333515718,49.85333333387882,
20394,0.11036,-16.425833335144148,49.82999999944178,
20395,0.333672,-16.421249999916597,49.82791666666367,
20396,68.8196,-16.414583333712812,39.80958333333047,
20397,1.64346,-16.377083333711937,39.810416666664025,
20398,0.590446,-16.367083333711662,49.81958333333006,
20399,0.584377,-16.365416669931903,49.81791666666351,
20400,2.17017,-16.323333335113887,39.76166666723441,
20401,18.6419,-16.269583333709136,39.76541666666412,
20402,0.190059,-16.258750000375528,44.84708333333055,
20403,0.252588,-16.21125000037432,44.88041666666373,Andranojongy
20404,13.9914,-16.200416667040713,39.87041666666408,
20405,0.207551,-16.195416667040547,49.8370833333301,
20406,0.207551,-16.19458333370727,49.83874999999682,
20423,1.07606,-15.956250000367902,46.31791666666368,
20424,1.07606,-15.955416667034456,46.31624999999696,
20425,25.8703,-15.952916667034458,40.11958333333064,
20426,1.55786,-15.947916667034292,46.30208333333053,
20427,1.55786,-15.947083333701016,46.30374999999708,
20428,0.244759,-15.94208333370085,50.142083333330106,
20429,0.244759,-15.940416667034128,50.14374999999683,Fampotabe
20430,1.53991,-15.917916667033468,46.45874999999688,
20431,0.871952,-15.89343708439668,49.71295427791836,
20432,0.311797,-15.883750000366092,50.28041666666343,
20433,0.207835,-15.857083333698654,46.07124999999701,
20434,0.106,-15.855833334967656,46.39666666731324,
20435,4.23769,-15.85375000036521,40.23541666666392,
20436,0.31511,-15.827916667031277,45.77624999999716,Mahavavy
20437,0.452552,-15.827916667891486,50.30999999999688,
20438,0.688458,-15.827083333697942,40.26041666666384,
20439,0.322353,-15.8212500003645,49.68624999999673,Fananehana
20440,2.50817,-15.802083333697167,45.787083333330486,Mahavavy
20441,2.50817,-15.800416667030618,45.78541666666376,Mahavavy
20442,0.396569,-15.78500000161091,49.67833333266742,
20443,0.145766,-15.762083333696296,50.3345833333301,
20444,1.04567,-15.760416667029574,40.3295833333305,
20445,0.150276,-15.74704906155148,49.66406060370997,
20446,0.18518,-15.722083333695252,11.913749999998345,Curoca
20447,0.100058,-15.707916667028258,46.16958333333042,
20448,0.100058,-15.706250000361536,46.16874999999703,
20449,3.3299,-15.692916667027871,49.63874999999695,
20450,0.39338,-15.690416667027762,50.35874999999686,Ampanio
20451,0.737415,-15.68875000036104,46.31874999999707,"FARITRA DOBO,01m anatiny (06) volana"
20452,0.127394,-15.650416667026718,49.645416666663664,
20453,0.256714,-15.642916667026554,50.381249999996896,Ampanio
20454,0.130653,-15.62291666702606,49.95874999999694,Ambanizana
20455,0.190374,-15.605833334883926,49.6233333326324,
20456,0.307352,-15.603750000358955,46.88874999999695,
20457,0.338623,-15.58875000035846,50.40458333333032,
20458,0.962795,-15.58625000186464,49.91624999999692,
20459,0.265344,-15.585416667025186,49.61874999999702,Ivoloina
20460,0.264938,-15.58458333369174,49.6170833333303,Ivoloina
20461,17.5719,-15.582083333691742,40.462916666664,
20462,0.582701,-15.565416667024635,47.03541666666371,
20463,0.68698,-15.564583333801124,49.61458333333036,Ivoloina
20464,0.939164,-15.530416667023816,46.47624999999715,
20465,0.939164,-15.52875000035698,46.47624999999715,
20466,0.11361,-15.523333334855522,50.431666665949024,
20467,1.11184,-15.516666668186415,49.63499999928098,
20468,2.18713,-15.486250000355938,47.09458333333038,
20469,0.463655,-15.467083333688834,47.16041666666376,Sofia
20470,0.463655,-15.465416667021998,47.15874999999687,
20471,0.409037,-15.459166668077046,50.457083333330274,
20472,0.103146,-15.452083333688392,46.973749999996926,
20473,4.5652,-15.450416668154276,40.55416666666383,
20474,6.92288,-15.443750000354951,49.74458333333041,Andranofotsy
20475,3.02263,-15.442916667021509,49.74124999999697,Antainambalana
20476,0.104231,-15.442083333688174,49.74458333333041,
20477,3.00181,-15.441250000354785,49.739583333330245,Antainambalana
20478,2.29082,-15.439583333688065,49.79291666666359,Andranofotsy
20479,2.29082,-15.437916667021454,49.79374999999675,
20480,2.52256,-15.438333334825812,49.89999999926454,
20481,0.352527,-15.4320833336879,46.67458333333048,
20482,9.41679,-15.427083333932444,47.18124999999708,Sofia
20483,1.41647,-15.414583334844792,49.85999999999683,
20484,1.39016,-15.412500001483238,49.85999999925929,
20485,0.922771,-15.390000001403394,40.59374999999744,
20486,0.182833,-15.32125000035171,47.14541666666361,
20487,0.17709,-15.319270578575868,40.63795412348918,
20488,1.06047,-15.230416667016073,50.46374999999699,Onive
20489,1.06047,-15.22875000034935,50.46208333333027,
20490,0.380063,-15.199583333682083,40.5495833333307,
20491,9.66621,-15.187916667015088,40.502083333330745,
20492,1.11341,-15.182083333681646,40.502083333330745,
20493,1.39836,-15.179583333681592,50.43374999999668,Maharambo
20494,1.39836,-15.178750000348202,50.4354166666634,Maharambo
20495,1.06935,-15.174583333681426,40.50374999999747,
20496,0.110921,-15.174583333681426,40.63958333333068,
20497,0.934547,-15.160416667014374,12.15791666666513,Bero
20498,80.3177,-15.121250000346665,40.59291666666405,Monapo River
20499,0.356118,-15.096250000346004,50.38541666666373,
20500,0.356118,-15.095416667012728,50.38708333333028,
20501,0.170947,-15.078750000627052,47.48208333333031,
20502,0.417237,-15.067916667012014,12.14041666666526,
20503,0.322636,-15.06041666701185,47.19874999999712,
20504,1.83372,-15.00958333392498,50.33124999999683,
20505,2.97987,-14.986250000343318,40.63374999999735,Enseada do Calombo
20506,0.379532,-14.982916667009874,50.31958333333034,Onive
20507,0.379532,-14.982083333676542,50.321249999997065,Onive
20508,0.293426,-14.975000001323792,47.56416666582789,
20509,1.53969,-14.957916667009158,40.63708333333079,
20510,0.200169,-14.935833334642323,50.294999999151685,
20511,2.24076,-14.910416667008008,50.28708333333032,Ankavia
20512,0.139483,-14.875833334619529,47.60249999913748,
20513,14.6894,-14.869583335866764,50.26291666666356,Ankavia
20514,1.08334,-14.85291666700664,40.76791666666401,
20515,13.6643,-14.84625000033975,40.63958333333068,Rio Sanhute
20516,0.174684,-14.84041666700631,47.62291666666368,
20517,0.174684,-14.838750000339587,47.622083333330295,
20518,5.16495,-14.790833334587036,47.97833333245024,
20519,0.878067,-14.76625000033772,50.22458333333037,
20520,0.188465,-14.717916667003236,50.22458333333037,
20521,2.71323,-14.695416667002576,48.0045833333304,
20522,0.253599,-14.657916667001755,40.81791666666408,
20527,1.71449,-14.598750000333496,40.6229166666638,
20528,0.205803,-14.58833333450832,50.18666666573307,Limity
20529,0.344921,-14.586250000333337,47.928749999997024,Loza
20530,0.344921,-14.584166667988995,47.928749999997024,Loza
20531,1.86812,-14.58125000033317,40.62541666666408,
20532,4.24192,-14.579583336107817,50.18208333333018,
20533,10.3381,-14.567083333666062,40.62874999999735,
20534,6.5158,-14.5629166669994,40.77958333333072,
20535,0.144572,-14.556250000332511,47.802083333330415,Anjango
20536,0.553439,-14.551250000332344,40.75958333333057,Rio Maculucha
20537,0.49153,-14.52291666871281,40.62166666666394,
20538,3.96419,-14.512083333664748,40.6270833333308,
20539,0.728389,-14.482916666997369,40.62624999999724,
20540,0.198055,-14.440416666996214,40.731249999997374,
20541,8.8634,-14.43791666699616,50.17874999999674,Lokoho
20542,8.86018,-14.432524900258729,50.17757622623202,Lokoho
20543,0.22595,-14.35927083344285,47.98704612109759,Manambaro
20544,0.135943,-14.338750000326913,47.99291666666369,Manambaro
20545,18.3117,-14.335416666993638,40.62208333333064,
20546,0.138056,-14.286250000325763,48.00041666666357,Ratsiànarana
20547,0.799928,-14.276250000325431,12.362916666665,Bentiaba
20548,0.238514,-14.27166666771484,40.5950000010107,
20549,0.159723,-14.26958333365866,40.612083333330645,
20550,1.58636,-14.26708333365866,50.1704166666637,
20551,0.114457,-14.264583333658493,48.02624999999688,Andranomalaza
20552,3.57548,-14.250000001039211,50.14916666564443,
20553,5.00873,-14.248333334371978,50.1483333323107,
20554,0.120929,-14.242083333658002,47.776249999996935,
20555,1.64133,-14.235416666991114,40.5545833333307,
20556,1.3919,-14.230416666990948,48.00374999999684,
20557,46.425,-14.17291666698958,40.51124999999735,
20558,12.1766,-14.154583333655808,40.53958333333054,Rio Moendeze
20559,15.5516,-14.147916666988465,50.14958333333021,Bemarivo
20560,1.8681,-14.087083333654109,40.59541666666399,
20561,0.14344,-14.062916666986837,50.16458333333014,
20562,0.143568,-14.06208333365356,50.16624999999687,
20563,0.694872,-14.043750000319676,48.03041666666371,Berondra
20564,3.29766,-14.014270920769718,50.13962046178875,Mahanara Fleuve
20565,5.56824,-13.98541666698486,40.57458333333068,
20566,0.457262,-13.972083333651083,48.01624999999712,
20567,0.457262,-13.972083333651083,48.01791666666344,
20568,0.40251,-13.949583333650708,47.98291666666353,
20569,0.299254,-13.947916666983872,12.42291666666523,Carunjamba
20570,0.40251,-13.947916666983872,47.98291666666353,
20571,0.45616,-13.935416666983656,40.61624999999731,
20572,11.7067,-13.872083333648844,40.587083333330725,
20573,0.162848,-13.81708333572908,48.26416666666364,Ankingameloka
20574,0.162969,-13.81541666698064,48.26291666666378,Ankingameloka
20575,0.374838,-13.812083333647196,50.13958333333039,
20576,0.553563,-13.81121529065166,48.23156073168673,
20577,0.262397,-13.787083333646535,48.31791666666345,Ambavani Djangoa
20578,0.191323,-13.756250000312548,48.168749999996805,
20579,0.282299,-13.750416666978992,50.11791666666335,
20580,3.05994,-13.69791666697779,40.553749999997365,
20581,0.172601,-13.695416666977737,40.544583333330536,
20582,6.60429,-13.695416670080022,48.322916666663616,
20583,6.21325,-13.688750000310849,40.53958333333054,
20584,1.84382,-13.67791666697724,50.083749999996826,
20585,1.84382,-13.67791666697724,50.08541666666372,
20586,0.496814,-13.62041666697587,48.34791666666376,
20587,0.570653,-13.612916666975709,48.07958333333039,
20588,0.570653,-13.611250000308871,48.08124999999711,
20589,0.151878,-13.554583333640892,12.554583333331834,Catara
20590,0.563727,-13.551250000307505,48.486249999997085,
20591,0.324692,-13.551250000307448,48.518749999996885,
20592,1.81416,-13.532916666973565,40.53291666666405,Lurio River
20593,0.119642,-13.52739563074067,48.52954631695485,
20594,47.9347,-13.517916666973235,40.5220833333305,Lurio River
20595,3.06458,-13.49625000030602,50.020416666663664,Manambery
20596,3.06458,-13.494583333639412,50.01958333333033,Manambery
20597,7.79167,-13.47625000030564,40.53041666666411,
20598,0.946616,-13.462083333638532,48.65124999999705,
20599,2.33519,-13.448750000304926,50.0104166666635,Manambery
20600,2.33519,-13.448750000304926,50.01208333333005,Manambery
20601,0.115859,-13.440416666971204,48.70124999999712,
20602,0.104695,-13.427881877403763,48.53072742172952,
20603,0.221285,-13.395416666970164,12.59208333333163,
20604,1.75792,-13.35458333592652,40.581666666664034,
20605,0.546557,-13.326250000301798,49.97208333333015,Maintialaka Fleuve
20606,0.280905,-13.294583333634478,12.658749999998577,
20607,2.40951,-13.284583333634204,40.55708333333081,
20608,3.04314,-13.278750000300704,48.81041666666346,
20609,0.693577,-13.27458333363387,48.827083333330336,
20610,0.895199,-13.252916666966655,40.55958333333069,
20611,1.72938,-13.210416666965614,49.91624999999692,
20612,1.87769,-13.18458333363168,12.791249999998342,
20613,0.930813,-13.18458333363168,49.919583333330365,
20614,0.930813,-13.183750000298232,49.91791666666364,Manambato
20615,0.578242,-13.166250000297907,48.81041666666346,
20616,0.449505,-13.137083333630471,12.83374999999836,
20617,0.251815,-13.092083333629432,48.83208333333033,
20618,7.57349,-13.028750000294508,40.46124999999728,Rio Niúge
20619,4.07837,-13.02625000029434,40.43874999999724,
20620,0.278541,-13.020416666961012,48.87541666666368,
20621,2.64717,-12.999583333627127,48.89208333333039,Mahavavy
20622,2.64717,-12.997916666960409,48.89208333333039,Mahavavy
20623,0.522237,-12.97958333362658,12.981249999998624,
20624,2.48538,-12.972118218610376,40.40989411819447,
20625,14.5866,-12.967083333626247,40.407916666663766,Rio Ridi
20626,0.814039,-12.959583333626084,49.850416666663705,
20627,0.814039,-12.957916666959475,49.850416666663705,
20628,2.31487,-12.93791666695887,49.83791666666366,Manankolana
20629,2.31487,-12.937083333625424,49.83958333333038,Manankolana
20788,0.51524,-6.722916666809056,12.6187499999985,
20789,2.75819,-6.686250000141513,12.582083333331866,
20790,49.1173,-6.657083333474247,39.21291666666389,Manyema
20791,27.0113,-6.617083333473261,39.17124999999726,
20792,0.386957,-6.588750000139271,12.530416666665246,
20793,28.2869,-6.568750000138664,39.12458333333086,
20794,33.9536,-6.503750000137245,39.07208333333068,
20795,0.150433,-6.47791666680331,38.98374999999726,
20796,4.68634,-6.4579166668028165,38.95374999999751,
20797,0.501488,-6.444999999517904,12.45416666807472,
20798,0.766366,-6.393750000134673,12.429583333331948,
20799,3.92372,-6.387916666801232,38.852083333330654,Ruvu
20800,151.829,-6.388333333861624,38.85541666666393,Ruvu
20801,2.68624,-6.366250000134016,38.85791666666421,
20802,0.616534,-6.302916666799092,12.385416666665035,
20803,0.12469,-6.251250000131165,12.349583333331964,
20804,104.951,-6.157083333462424,38.844583333330775,
20805,15.3544,-6.119583333461378,12.364583333331725,
20806,1.27455,-6.091666666709671,38.79666666974629,Wami River
20807,381.608,-6.067083333460232,12.467083333331743,Congo
20808,2.17423,-6.037916666792796,38.77874999999739,
20809,0.62469,-6.015416666792419,38.7812499999975,
20810,0.310762,-6.002916666792089,38.78708333333083,Mvave River
20811,10.4194,-5.98625000012504,12.401249999998356,
20812,2.46485,-5.973750000124596,12.47374999999829,
20813,21.0654,-5.966250000124376,38.79958333333087,
20814,14.8428,-5.924583333456837,12.338749999998411,
20815,4.18231,-5.872083333455635,38.81791666666413,
20816,4.28797,-5.845416666788253,12.26041666666498,Cumbi
20817,0.907209,-5.840000000476493,38.82458333333085,
20818,6.60001,-5.79291666678705,12.21791666666519,Lumbo
20819,1.90726,-5.781250001062006,38.853749999997206,
20820,0.206288,-5.769583333453284,38.85874999999737,
20821,0.358648,-5.741250000119294,38.8770833333308,
20822,66.2311,-5.668750000117598,38.89374999999728,Mafreta
20823,1.00307,-5.642916666783492,12.147083333331809,
20824,1.57525,-5.586250000115513,38.94124999999747,
20825,3.87726,-5.55791666678158,12.212916666665024,Luvassa
20826,0.16731,-5.527916666780754,12.23458333333167,Dtoma
20827,2.50509,-5.506250003606112,38.98083333333068,
20828,2.73398,-5.464583333446001,12.224583333331909,
20829,0.783852,-5.434583333445289,12.213749999998356,
20830,282.481,-5.430416670271427,38.97333333333063,Pangani
20831,2.75258,-5.427083333445125,38.982916666664096,Pangani
20832,9.44009,-5.340416666776548,39.04791666666392,
20833,5.00011,-5.317499999446397,39.05749999867777,
20834,8.10856,-5.276250000108291,39.07208333333068,
20835,25.6176,-5.215416666773592,39.07208333333068,
20836,147.559,-5.198750003599912,12.133333333331676,
20837,0.341995,-5.196250000106375,12.1304166666651,
20838,5.71802,-5.169583333439164,39.10124999999744,
20839,8.57092,-5.156250000105501,39.10374999999715,
20840,49.7198,-5.052916666769704,39.09041666666411,Sigi
20841,2.41863,-5.032083333435935,12.015416666665203,Malonda
20842,40.5809,-5.029583333435824,39.10124999999744,
20843,16.7963,-4.987916670261825,11.984166666665033,Malonda
20844,17.8404,-4.980416666767894,39.13124999999718,
20845,18.5742,-4.920416666766641,39.1204166666642,
20846,4.41161,-4.866250000098603,39.15874999999738,
20847,15.937,-4.821250000097621,11.857083333331955,
20848,3.22651,-4.781250000096691,39.17208333333082,
20849,571.013,-4.762916666762919,11.854583333331677,Rivière Songolo
20850,50.8594,-4.755416666762812,11.854583333331677,Rivière Songolo
20851,0.567771,-4.717916670255136,11.827499999998508,Rivière Rouge
20852,4.6322,-4.677083333427504,39.221249999997326,
20853,86.7731,-4.666250003587038,39.226666666664016,
20854,0.17951,-4.653750000093567,11.811249999998324,Rivière Rouge
20855,7.25374,-4.609583333425974,39.27624999999739,
20856,3.09966,-4.60208333342581,39.30458333333058,
20857,10.9917,-4.553750000091327,39.42291666666415,
20858,13.9028,-4.472083336915148,11.71833333333177,
20859,4.96041,-4.44625000008881,39.50124999999741,
20860,0.371121,-4.432083338466839,11.662916666665067,
20861,0.404195,-4.39749999939346,39.547499998756,Mkunguni
20862,0.202914,-4.347083333419846,11.56208333333194,
20863,4.82248,-4.2579166667511,39.59791666666388,Mwachema
20864,1.40794,-4.136250000081361,11.370416666665278,
20865,7.92022,-4.080416666746885,39.58041666666384,Likoni River
20866,0.636083,-4.080416666746885,39.58458333333084,
20867,45.6703,-4.044583333412732,39.6770833333307,
20868,12.3735,-4.042083333412734,39.56791666666396,
20869,1.13195,-4.016250000078742,11.239583333331892,
20870,1.13598,-4.008750000078578,11.229583333331902,
20871,4.89539,-3.957916666743984,39.7595833333308,
20872,1.54405,-3.908750003565444,39.78666666666413,
20873,4.64679,-3.6787500000708064,39.86624999999742,
20874,17.3333,-3.637916666736487,39.85791666666381,
20875,0.264643,-3.510416666733647,10.747083333331886,
20876,2.52733,-3.3837500000639693,39.96041666666383,
20877,0.16795,-3.3629166667300865,10.660416666665355,
20878,0.186117,-3.324583333395765,39.96874999999727,
20879,0.193177,-3.3120833333956057,40.08958333333072,
20880,0.227809,-3.202083333393034,10.520416666665312,Boumé-Boumé
20881,21.1296,-3.1637500000587693,40.14708333333067,Galana-Sabaki River
20882,0.225345,-2.988750000054665,40.16958333333071,
20883,1.4943,-2.983750000054499,10.28041666666536,
20884,2.54607,-2.7645833333826886,40.18041666666386,
20885,0.215059,-2.587083333378644,40.34708333333055,
20886,5.4877,-2.5312500000441105,40.52291666666406,Tana River
20887,1.71491,-2.335416666706124,40.77708333333044,
20888,0.294555,-2.3120833333723,40.75458333333057,
20998,3.93468,3.0720833334199256,9.967916666665076,
20999,4.00679,3.086250000086864,9.977083333332075,Londji
21000,81.5694,3.213750000089874,9.928749999998727,Nyong River
21001,179.725,3.260833333707581,9.906249999998693,Nyong River
21002,2.63304,3.348750000093105,9.86041666666506,Loté
21003,2.20961,3.478749996564943,9.736666666665258,
21004,0.488006,3.486250000096277,9.728749999998456,
21005,197.534,3.550416666764363,9.653749999998468,Bouche Boungo
21214,24.5145,4.44625000011888,7.462916666665592,Asuk-Oyet Creek
21215,1.46318,4.447500000485547,6.30041666666591,Onitoru
21216,30.4382,4.4495833334521535,-7.823750000000473,Decoris River
21217,40.6267,4.4495833334521535,6.856249999998852,
21218,10.5231,4.451250000118876,5.884583333332444,
21219,9.24623,4.452083333452208,7.315416666665669,Andoni River
21220,9.24829,4.452083333452208,7.317083333332221,Andoni River
21221,0.966783,4.4537499965687175,7.517499999998961,Strongface Creek
21222,0.300563,4.453333334637989,7.559166667356067,Ikuru Creek
21223,0.284762,4.45458333345232,6.713749999999095,
21224,11.3066,4.45458333345232,8.901249999999095,Iloani
21225,0.168235,4.457083333452374,-7.296250000000498,
21226,21.3941,4.458750000984935,7.175416666665626,Bonny River
21227,31.0975,4.46208333345254,5.802916666665908,Ikebiri River
21228,0.192578,4.463750000119092,6.110416666665628,
21229,1.53329,4.464583333452481,7.108749999999077,
21230,0.248386,4.4687500001192575,7.058749999999179,Cawthorne Channel
21231,0.248386,4.4687500001192575,7.060416666665731,Cawthorne Channel
21232,0.105996,4.47041666678598,6.987083333332464,New Calabar River
21233,16.2837,4.47041666678598,7.340416666665817,Opobo Creek
21234,0.798074,4.471250000119369,7.579583333332209,
21235,2.10876,4.4720833334527015,7.157083333332423,Bonny River
21236,25.4832,4.473333334640074,7.190000000688542,
21237,14.9137,4.474583333452642,6.3437499999990905,Brass River
21238,1.53643,4.4754166667861455,6.254583333332278,Onitoru
21239,12.0652,4.4754166667861455,6.331249999999216,
21240,0.206759,4.475416663235592,6.984999999999047,New Calabar River
21241,3.22986,4.479166667973971,7.318333334021645,
21242,0.710234,4.480416666786141,-7.882916666667086,
21243,7.92109,4.482083333452863,-7.245416666667154,
21244,0.282787,4.485416666786307,8.68208333333223,
21245,0.112803,4.486250000119696,8.64791666666548,
21246,0.383099,4.494583333453306,7.057916666665847,Cawthorne Channel
21247,0.3368,4.495416666786468,6.656249999999147,San Bartholomeo River
21248,1.03928,4.495416666786468,7.570416666665608,
21249,11.7523,4.497500000490049,7.378749999999172,Opobo Creek
21250,0.447485,4.499583328323695,7.012083333332384,
21251,2.81456,4.500416666786634,-7.937916666667036,
21252,0.42882,4.500416666786634,-7.225416666667172,
21253,0.349748,4.500416666786634,8.542916666665747,
21254,0.936415,4.502083333453356,6.642916666665542,
21255,0.525065,4.502916666786746,7.077083333332439,Cawthorne Channel
21256,6.09781,4.504583333453468,8.92124999999902,Mémé
21258,12.7259,4.508750000120244,-7.206250000000352,
21259,7.001,4.509583333453634,6.830416666665542,Buoyboko Creek
21260,15.1145,4.509583333453634,7.657083333332309,False Kwa Ibo River
21261,0.763913,4.511250000120356,8.601249999999084,
21262,1.59465,4.512083333453518,6.805416666665792,Balo Creek
21263,66.9051,4.51291666678685,7.406249999999204,Ngo Creek
21264,1.52422,4.51291666678685,7.755416666665724,
21265,0.229878,4.51291666678685,8.554583333332289,
21266,0.189124,4.51375000012041,7.074583333332328,
21267,0.286634,4.513749996569118,7.575833333332467,
21268,1.52422,4.513749993523732,7.760416666665719,
21269,0.546797,4.514583333453572,8.716249999998979,Rio del Rey
21270,181.603,4.514583333453572,8.91291666666558,Mémé
21271,0.100413,4.519583333453738,7.781249999999034,
21272,1.06907,4.520416666787298,6.626249999999232,
21273,3.81994,4.520416666787298,7.406249999999204,Ngo Creek
21274,1.27074,4.52125000012046,7.056249999999125,Cawthorne Channel
21275,1.27381,4.522916666787182,7.057916666665847,Cawthorne Channel
21276,81.3318,4.526250000120626,7.382083333332446,Ngo Creek
21277,2.40682,4.526250000120626,7.847083333332421,
21278,822.424,4.527083333453845,6.24874999999912,Onitoru
21279,605.62,4.527083333453845,6.674583333332407,San Bartholomeo River
21280,0.55793,4.527083333453845,7.852083333332416,
21281,10.1447,4.527916663235885,5.761666666665803,
21282,0.99193,4.52958333345407,-7.158750000000509,
21283,3.31791,4.529583329902607,6.818333333332532,Balo Creek
21284,0.418388,4.530833333826649,6.551249999999243,
21285,0.582856,4.532916666787344,8.662916666665637,
21286,6.18953,4.533750000120733,-7.112916666667104,
21287,34.6024,4.535416666787455,6.552916666665567,San Bartholomeo River
21288,67.3438,4.536249996569325,7.3149999999989745,Opobo Creek
21289,57.3815,4.53791666678751,7.350416666665581,Opobo Creek
21290,1.39376,4.53791666678751,7.9320833333324,Qua Iboe River
21291,26.8868,4.538750000120899,-8.05125000000021,Po River
21292,73.9501,4.538750000120899,7.524583333332373,Strongface Creek
21293,0.433479,4.539583333454232,8.57208333333233,
21294,1.39357,4.539583333454232,8.573749999999052,
21295,0.339232,4.540833333827493,7.159583333332307,Bonny River
21296,0.619349,4.542083333454343,8.652083333332484,
21297,1.1623,4.542916666787505,-8.077916666667136,Po River
21298,4.96117,4.5445833299025935,6.609166666665658,San Bartholomeo River
21299,10.3682,4.544583333454398,7.5479166666655715,
21300,2159.72,4.547083333454509,7.527916666665817,Strongface Creek
21301,1798.07,4.5465446733433055,7.9882117395140995,Stubbs Creek
21302,47.2224,4.548750000121061,-7.042083333333721,Dodo
21303,0.796586,4.551250000121115,8.647083333332489,
21304,0.235126,4.552916666788008,8.752916666665783,
21305,0.149127,4.553439132813651,6.704547683923579,Sego Creek
21306,0.512438,4.554583333454559,6.7279166666655215,Balo Creek
21307,0.241514,4.554166667162008,8.51958333333215,
21308,1.2115,4.556250000121281,8.886249999998938,Andokat
21309,0.260386,4.557083333454671,8.28124999999909,
21310,0.218405,4.559583333454725,5.707083333332605,
21311,0.284297,4.562916666788169,6.814583333332223,Kra Kra Creek
21312,0.557683,4.56541666678811,7.130416666665553,Hughes Channel
21313,66.2353,4.566666667982929,7.235833334018196,
21314,2.29919,4.570000001316544,6.919166665980015,Bugama Creek
21315,32.1637,4.572083333454998,-8.231250000000443,Grand Cess River
21316,0.847543,4.57375000012172,6.7945833333324686,Buoyboko Creek
21317,3.59435,4.574583333455223,7.0704166666657216,Cawthorne Channel
21318,9.40454,4.576250000121775,8.290416666665521,
21319,0.447723,4.577083333455164,-7.014583333333803,Dodo
21320,0.223731,4.577083333455164,8.81041666666556,Andokat
21321,0.166985,4.58125000012177,8.886249999999109,Andokat
21322,3.66896,4.582916666788663,6.733749999999077,Oruwaritorugono Creek
21323,0.123262,4.583750000122052,8.797083333332125,
21324,68.7385,4.5845833334553845,5.685416666665731,Kosabobo
21325,0.108447,4.585416666788774,8.796249999999134,
21326,0.760505,4.589583333455551,8.540416666665465,
21327,0.437002,4.590000000498833,-6.998750000000484,
21328,0.272828,4.5904166667887125,8.878749999999059,Andokat
21329,0.108943,4.5920833334554345,8.875416666665615,Andokat
21330,6.17565,4.596666667166062,7.059583333332398,Cawthorne Channel
21331,0.128202,4.5987500001223225,6.71958333333248,Oruwaritorugono Creek
21332,1.31296,4.601250000122434,8.3070833333324,Willenham Creek
21333,0.823248,4.600833333833236,8.835416666665708,Andokat
21334,0.339207,4.608750000122484,8.537916666665751,
21335,6.50254,4.611250000122595,7.1929166666654965,Bonny River
21336,0.802577,4.612083333455757,6.729583333332244,Oruwaritorugono Creek
21337,0.222015,4.612916666789317,6.842083333332255,Kra Kra Creek
21338,0.906862,4.61375000012265,6.717916666665758,Oruwaritorugono Creek
21339,0.461818,4.61375000012265,7.125416666665785,Bonny River
21340,0.143762,4.616249994989971,-8.298750000000382,Grand Cess River
21341,17.5774,4.617083333456094,6.729583333332244,
21342,1.25197,4.619583333456035,8.701249999998822,Ndian
21343,3.44187,4.620000001321728,6.822500000682737,Kra Kra Creek
21344,0.665409,4.62208333345626,8.56374999999889,
21345,0.129307,4.625416666789533,-6.9554166666671335,Néro
21346,0.248427,4.627083333456426,7.17958333333246,Bonny River
21347,5.1589,4.629583333456367,8.837916666665762,Andokat
21348,0.305295,4.631250000123089,7.002916666665783,New Calabar River
21349,0.38843,4.631250000123089,8.333749999998872,Tom Shot Channel
21350,5.05743,4.632916666789811,-8.322916666667027,Muno
21351,1.09895,4.632916666789811,8.58708333333226,
21352,0.661436,4.633750000123314,8.691249999998831,Ndian
21353,1.85847,4.637083333456587,6.826249999999106,Kra Kra Creek
21354,1.64417,4.637083333456587,8.326249999999163,Tom Shot Channel
21355,0.428645,4.64125000012325,-8.337916666667013,Muno
21356,0.248845,4.644583333456865,8.57208333333233,
21357,0.175176,4.644583333456865,8.576249999998936,
21358,0.997352,4.645416666790027,8.737916666665456,Ndian
21359,0.353562,4.650416666790193,8.764583333332325,
21360,1.39841,4.652916666790304,6.789583333332473,Sombreiro River
21361,0.308446,4.652500001324938,7.17500000068145,Bonny River
21362,3.19248,4.659583333457192,8.651249999998925,
21363,70.9737,4.660416666790525,7.170416666665858,
21364,0.748969,4.661250000123687,-8.413750000000277,
21365,26.1749,4.662916666790409,-6.916250000000503,Néro
21366,0.623924,4.662916666790409,8.517916666665826,
21367,0.207335,4.663749996570175,8.529166666665674,Akpakorum
21368,0.159943,4.663749996570175,8.733333333332155,Ndian
21369,1.80981,4.670416666790686,8.702916666665544,Ndian
21370,0.309484,4.674894207658554,6.902881008739655,Bugama Creek
21371,0.297153,4.675416666790852,7.125416666665785,
21372,0.352757,4.676250000124014,8.81791666666544,Andokat
21373,44.6082,4.676250000124014,8.822083333332444,Andokat
21374,136.185,4.677083333457404,8.310416666665674,Tom Shot Channel
21375,0.132473,4.680416666791018,8.632916666665722,Rio del Rey
21376,0.183595,4.680416666791018,8.661249999998915,Ndian
21377,0.278068,4.683750000124292,8.556249999999011,Akpakorum
21378,0.566209,4.686250000124346,8.745416666665733,
21379,0.556654,4.68958333345779,-6.762916666667195,Néma
21380,0.310659,4.69041666679118,8.632916666665722,Rio del Rey
21381,0.161035,4.691250000124512,6.889583333332439,Degema Creek
21382,93.2355,4.691250000124512,7.159583333332307,Bonny River
21383,1.62303,4.6920833334579015,-8.465416666667068,
21384,0.595768,4.692500001329108,8.48916666598484,
21385,0.679013,4.697083333458068,8.582916666665824,Akpakorum
21386,0.14352,4.706249996570534,8.508333333332132,Little Kwa
21387,5.12494,4.71708333345839,6.861249999999018,
21388,1.8675,4.719166667177603,8.572916666665492,Akpakorum
21389,144.923,4.723749996570746,7.052499999999156,Primrose Creek
21390,1.19924,4.723750000125278,8.65708333333248,Rio del Rey
21391,11.51,4.726250000125333,6.86291666666574,
21392,12.3639,4.727083333458722,-8.507083333333753,
21393,2.16407,4.727083333458722,8.761249999999052,Ndian
21394,3.98787,4.728333334665933,6.876666667345148,Degema Creek
21395,130.729,4.730416666791939,6.876249999999175,Degema Creek
21396,5.81291,4.730416666791939,7.06124999999912,Primrose Creek
21397,7.35237,4.730416666791939,8.481249999998795,
21398,0.100227,4.736250000125494,8.526249999998868,Little Kwa
21399,4.56515,4.737916666792216,-6.685416666667095,Baba
21400,0.752724,4.737916666792216,6.758749999999168,Degema Creek
21401,3.13432,4.737916666792216,8.64124999999882,Rio del Rey
21402,59.8235,4.737916666792216,8.762916666665603,
21403,0.34091,4.738750000125549,-6.673750000000496,Deganobo
21404,31.4731,4.742083333458822,5.546249999999247,Pennington River
21405,31.9387,4.742083333458822,6.772916666665594,Degema Creek
21406,179.166,4.744583333459104,6.952083333332382,
21407,93.4424,4.746250000125656,-6.6187500000002615,
21408,92.9617,4.747916666792548,7.079583333332494,Bonny River
21409,0.808116,4.75708333345932,8.457916666665767,Ikang Creek
21410,24.2231,4.759272449445405,-2.029618998667388,
21411,0.115648,4.76625000012632,8.458749999998929,
21412,3.44169,4.767083333459652,8.464583333332484,
21413,0.982201,4.769166667182276,7.075416666665888,Bonny River
21414,817.018,4.770416666793096,7.062083333332453,
21415,33.8306,4.771250000126315,-6.563750000000482,San Pédro
21416,646.419,4.777916666793203,7.0704166666657216,Okpoka River
21417,82.2082,4.777916666793203,8.54541666666546,Little Kwa
21418,0.877467,4.778750000126536,8.540416666665465,
21419,33.8653,4.779583333459925,8.542916666665576,Little Kwa
21420,0.566989,4.782916666793369,6.743749999999238,
21421,0.810731,4.784583335405898,8.274583333982719,Cross
21422,483.84,4.789583333460087,8.402916666665533,
21423,0.456253,4.7908333346723,6.732500000675998,
21424,5.36857,4.791285996263184,8.267605556900719,Cross River
21425,59.0315,4.7979166667936965,-2.1395833333340306,
21426,4.32089,4.798750000127029,6.723749999999086,
21427,9.63841,4.799583333460191,-2.149583333333851,
21428,1.2284,4.802916666793635,6.782916666665756,
21429,0.1125,4.816250000127241,5.527916666665647,Dodo River
21430,1.3525,4.816250000127241,5.60958333333258,Clough Creek
21431,0.808112,4.8170833334608005,6.780416666665872,Osugu Creek
21432,12.2615,4.8170833334608005,8.249583333332453,
21433,0.461479,4.820000000520508,6.71958333333248,
21434,1.51767,4.822916666794129,-2.197083333333921,
21435,0.282183,4.822083334391039,8.249583333332453,Cross River
21436,0.434896,4.8262500001275725,-6.392083333333801,Kroum
21437,0.401975,4.8262500001275725,8.335416666665594,Cross River
21438,0.119242,4.827083333460962,-8.721250000000282,
21439,360.48,4.827083333460962,6.721249999999202,
21440,41.7562,4.827916666794295,-1.9129166666674,
21441,0.202128,4.828750000127684,-8.72291666666706,Dugbe River
21442,2.00294,4.8320833334612985,5.607916666665858,
21443,121.987,4.83375000012785,5.545416666665915,Dodo River
21444,0.273164,4.837083333461294,5.635416666665662,Clough Creek
21445,85.072,4.840833333855755,5.64208333333238,Clough Creek
21446,4.21592,4.843750000128011,5.6279166666659535,Clough Creek
21447,22.0857,4.843750002083937,-8.766249999356774,
21448,0.135768,4.852083333461621,5.500416666665842,
21449,223.93,4.853750000128173,8.277083333332484,Cross River
21450,0.184588,4.856250000128398,8.312083333332396,Cross River
21451,1.21146,4.866250000128559,-1.8245833333338053,Hwin
21452,120.895,4.877083333462053,-1.777916666667295,
21453,0.476756,4.877083333462053,5.486249999999018,Dodo River
21600,0.296165,5.637083333480007,5.552083333332234,Escravos River
21601,0.16866,5.642916666813562,5.29291666666586,Escravos River
21602,0.354117,5.643333334757585,5.546666667306681,Escravos River
21603,22.0459,5.648750000147061,5.126249999999175,
21604,2.25792,5.648750000147061,5.581249999999159,
21605,0.650268,5.659583333480441,5.432916666665904,Escravos River
21606,11.1269,5.677083329915831,-9.84166666666698,
21607,0.562435,5.695416666814765,5.352916666665919,Nana Creek
21608,38.3386,5.696250000148098,0.0695833333328437,
21609,2.32449,5.696250000148098,5.314583333332337,Nana Creek
21610,6.10563,5.696250000148098,5.355416666665803,
21611,3.3257,5.70875000014837,5.090416666665874,
21612,0.110569,5.711250000148425,5.317083333332619,Nana Creek
21613,6.96872,5.723333333938683,-9.898750000000348,Bo River
21614,0.876037,5.7278807492171495,5.330105578455004,Nana Creek
21615,0.208581,5.734583335558057,5.324166666402732,Nana Creek
21616,0.2794,5.742083333482469,5.3437499999990905,
21617,1.55709,5.742500000607265,0.1804166666661331,
21618,0.278461,5.743750000149191,5.34458333333248,Nana Creek
21619,4.95082,5.752083333482801,5.1579166666658125,Bobi Creek
21620,16.8304,5.756250000149578,5.335416666665651,
21621,0.387897,5.767083333482901,-9.94791666666697,
21622,0.370391,5.773750000149789,0.7854166666661513,
21623,0.12313,5.782916666816618,0.3145833333324503,Mi
21624,1.28201,5.784583333483511,5.0712499999992815,Benin River
21625,1.16883,5.787083333483565,0.3470833333328187,Mi
21626,0.691578,5.787916666816784,0.5054166666658944,
21627,4.44965,5.788750000150287,0.4887499999994134,
21628,42.7368,5.790416666817009,-9.971250000000282,
21629,0.798377,5.791250000150399,0.450416666666058,
21630,0.577833,5.792916666817121,5.142916666665656,Benin River
21631,208.4,5.795416666817005,0.6487499999993815,Volta
21632,0.111349,5.797083333483897,5.096249999999259,
21633,1.8781,5.828750000151274,5.022916666665765,
21634,1.69553,5.839583333484768,5.250416666665672,
21635,163.959,5.84125000015149,5.1454166666659376,
21636,5.14277,5.842916663252197,-10.027500000000202,
21637,3.77266,5.848333333950507,5.011249999999279,
21638,1.48211,5.856249996585973,-10.046666666666964,
21639,18.7387,5.876250000152311,4.989583333332575,
21640,3.14293,5.882916666819199,0.8662499999991269,
21641,11.0315,5.883750000152588,5.220416666665926,
21642,1.73564,5.903750000153082,5.294583333332582,Hely Creek
21643,146.309,5.912083333486464,5.268749999999272,
21644,1085.32,5.915416666819908,5.293749999999022,
21645,10.2408,5.916250000153127,-10.064583333333587,Saint John River
21646,104.26,5.92625000015363,-10.0670833333337,
21647,25.5667,5.927083333486792,-10.075416666667024,Saint John River
21648,25.5665,5.929583333486903,-10.073750000000302,Saint John River
21649,2.29631,5.932083333486958,4.945416666665892,
21650,23.9023,5.961249996588037,4.9174999999991655,
21651,1.93688,5.965416666821056,4.913749999999027,
21652,3.58211,5.974583333488056,4.905416666665587,
21654,1.04054,5.995416666821882,4.887083333332555,
21655,17.4171,5.999583333488488,0.8895833333327232,
21656,9.88676,5.999583333488488,4.882916666665949,
21657,0.132632,6.005416666822043,-10.203750000000298,
22081,0.500769,13.447083333668049,-16.4837500000001,
22082,2.57678,13.45125000033488,-16.48541666666665,
22083,304.922,13.462083333668376,-16.70541666666651,
22084,0.705297,13.602083333671771,-16.532916666666665,
22085,0.513905,13.82062482023997,-16.534657469907756,Diombos
22086,1.51163,13.86375000034502,-16.4837500000001,Toubacouta
22087,3.61118,13.900416664785666,-16.456666666666592,Toubacouta
22088,0.531195,13.913750000346283,-16.466250000000002,Toubacouta
22089,2.47591,14.024583333682417,-16.709583333333228,
22090,57.4064,14.042916667016186,-16.57708333333335,
22091,0.623975,14.124583331566896,-16.79583333333335,
22092,0.325609,14.15625000035243,-16.823750000000018,
22093,5.11145,14.387083333691464,-16.952916666666738,
22094,4.36139,14.494583333694152,-17.085416666666674,
22095,2.23521,14.663750000365155,-17.194583333333355,
22096,2.30208,14.980416667039664,-17.08041666666668,
22097,0.426232,15.046666668175362,-17.019583333333287,
22098,1.47369,15.085416667042466,39.752083333331086,
22099,0.273419,15.177083333711266,39.69708333333102,
22100,2.0986,15.186666668189616,-16.905416666666554,
22101,6.97579,15.283750000380792,39.69708333333102,Aligedhe River
22102,0.608374,15.307916667048062,-16.821249999999964,
22103,4.62697,15.428750000384357,39.82624999999752,
22104,0.135122,15.50125000038622,-16.693749999999966,
22105,0.150408,15.525416667053491,39.46541666666428,
22106,0.271514,15.691250000391108,-16.57708333333335,
22107,9.60312,15.716250000391767,39.44541666666436,Wadi Dogali
22108,7.89053,15.88625000039599,39.32874999999751,Wekiro
22109,0.4718,15.89625000039632,-16.507083333333412,
22110,0.751111,15.936250000397308,39.29541666666432,
22111,9.49281,16.065416667067154,-16.474583333333214,
22112,5.90601,16.276249999678498,39.20583333333104,
22113,3.95814,16.412083333126475,39.18666666666445,
22114,1.49399,16.605416667080988,-16.442083333333414,
22115,0.825056,16.707083333750177,39.1387499999978,
22116,0.155155,17.112083335039017,-14.951666662984792,
22117,0.25223,17.267916667241195,-14.647500000000091,
22118,0.131953,17.42458333376885,-16.1087500000001,
22119,0.339658,17.520416667104655,-16.080416666666736,
22120,0.881442,17.56625000043931,38.84458333333095,Falkat
22121,4.01649,17.919583333781702,38.613749999997765,خور كارورا
22122,115.048,18.02958333378467,-16.0220833333334,
22123,0.591929,18.057916667118548,38.486249999997824,Khor `Aayat
22124,0.957163,18.199583333789064,38.284583333331,
22125,0.81932,18.256250000457044,38.13874999999763,
22126,16.1422,18.494583333796697,37.99708333333109,
22127,17.2317,18.602083333799555,37.85958333333093,Baraka River
22128,0.424834,18.709583333802414,37.572916666664526,
22129,0.158878,18.737916667136343,37.51791666666429,
22130,0.274031,19.308750000484903,37.31958333333114,
22131,6.58009,19.392916667153827,37.307916666664426,
22132,58.0553,19.60708333382621,37.23208333333128,
22133,2.57792,19.657916667160865,37.23624999999788,
22134,0.10693,19.896250000500515,37.22958333333116,
22135,0.327437,22.690416667243767,35.98874999999788,
22136,0.165242,22.847916667247944,35.78624999999789,
22137,0.20801,22.94458333391725,35.671249999998,
22138,1.30288,23.14625000058959,35.61874999999782,
22139,6.52323,26.10000000352551,34.28166666639595,
22140,37.6449,27.215416669281524,-13.373333333333392,
22141,10.8762,28.680416667420047,-11.12291666666698,Draa River
22142,14.4492,29.13791666678844,-10.4050000000002,
22143,0.145028,29.3854166674422,-10.171250000000327,
22144,4.54398,29.8062500007888,-9.82958333333363,
22145,4.88264,30.075416667464022,-9.668750000000388,Massa River
22146,44.0099,30.36208333414004,-9.598750000000337,Oued Lahwah واد لحوار ⴰⵙⵉⴼ ⵏ ⵍⵃⵡⴰⵔ
22147,1.78526,30.50208333171093,-9.67666666666696,Oued Asserssif
22148,3.18549,30.712083334151487,-9.85458333333372,Oued Tamri
22149,0.109112,30.8562500008228,17.908749999998406,
22150,0.119577,31.022083334161607,17.47624999999846,الوادي الاحمر
22151,0.417809,31.07625000082988,28.19374999999826,
22152,2.83344,31.087083334163765,-9.814583333333644,
22153,0.62023,31.089583331134804,17.29333333333176,وادي هراوة
22154,0.325913,31.10875000083098,27.90208333333152,
22155,0.693595,31.15291666749892,17.03291666666513,
22156,62.3503,31.15250000255338,29.84416666931816,
22157,1143.99,31.185416667500192,29.870416666664823,Tereet El Mahmudiya
22158,4.99823,31.212083334167744,16.542083333331846,
22159,2.36429,31.23375000083513,16.22374999999863,وادي جارف
22160,0.253953,31.238750000835296,32.29208333333139,
22161,0.243046,31.245416667502184,16.0004166666655,وادي بي الكبير
22162,0.551835,31.24791666750224,32.29208333333139,Suez Canal
22163,0.251161,31.24958333416879,32.28874999999812,
22164,0.107791,31.25791666750257,32.28208333333123,
22165,0.240728,31.262083334169404,16.090416666665476,وادي تامت
22166,48.9486,31.263333335903724,32.31916666932256,
22167,0.105558,31.26625000083618,32.263749999998026,
22168,0.432456,31.266249997650675,32.26833333333133,
22169,0.204367,31.267083330983155,32.25166666666462,
22170,4.26296,31.267083330983155,32.25583333333128,
22171,125.976,31.276250007076897,32.25041666666476,
22172,129.748,31.27989366334248,32.251819675548234,
22173,0.533448,31.33458333092836,-9.796666666667022,
22174,27.9979,31.403750000840603,30.757916666664585,
22175,368.473,31.44333333593829,30.385833335987,Rosetta Branch
22176,0.334759,31.446250000841985,26.82458333333141,
22177,0.289451,31.46708333417604,20.01458333333187,
22178,1.55336,31.482083334176707,15.594583333332196,
22179,5.7055,31.48625000084332,-9.76791666666702,Wadi al-Qaṣab
22180,0.514518,31.49875000084376,26.557916666665,
22181,437.726,31.524121132963728,31.845662163252143,فرع دمياط
22182,20.6658,31.58375000084675,31.184583333331204,Canal Al-Gabriyah-ar-Rayisi
22183,1.66835,31.61625000084763,25.958749999998304,
22184,7.43256,31.66208333418268,-9.676250000000266,
22185,0.942379,31.936250000858426,19.9554166666652,
22186,7.48052,31.97041666752625,15.278749999998864,Sowffajjin Valley
22187,16.6959,32.029583334194854,-9.342083333333676,Tensift River
22188,32.0294,32.065416667529234,20.03874999999863,
22189,0.217358,32.13791666753178,15.277916666665304,
22190,0.180272,32.15541666753256,-9.202916666666852,
22191,2.63581,32.22958333420172,-9.130416666667088,
22192,47.4849,32.30041666753738,-9.242916666667044,
22193,1.85338,32.331249996975146,23.087499999998386,
22194,10.8252,32.36500000293006,15.211666664224197,
22195,0.231841,32.375416663623014,23.088333333331605,وادي المعلق
22196,0.624551,32.42208333420825,-9.06541666666709,
22197,0.952952,32.465833336832134,20.452083333331984,
22198,209.401,32.50041666754419,14.528749999998638,
22199,2.17105,32.52666667017354,14.447083333331932,Ka'am Valley
22200,1.57341,32.57041666754651,-8.980416666666997,
22201,0.507367,32.64458333421567,-16.91041666666672,Ribeira de Santa Luzia
22202,0.288054,32.645416667549,-16.967916666666497,Ribeira dos Socorridos
22203,0.433539,32.64791666754911,-16.906249999999943,Ribeira de Santa Luzia
22204,0.272132,32.64791666754911,-16.901249999999834,Ribeira de Santa Luzia
22205,0.248057,32.648750000882444,-16.978750000000048,
22206,0.244765,32.650416667549166,-16.978749999999934,
22207,4.23937,32.66125000088289,-8.820416666667029,
22208,0.101612,32.67125000088322,-17.065416666666636,Ribeira da Ponta do Sol
22209,0.112066,32.68791666755044,-16.79208333333338,Ribeira de Santa Cruz
22210,0.226368,32.717916667551435,-16.75791666666663,Ribeira de Santa Cruz
22211,0.225199,32.71874999487841,-16.761250000000018,Ribeira de Santa Cruz
22212,0.877263,32.73000000353426,-8.77541666666707,
22213,1.39907,32.77125000088654,21.2262499999984,
22214,0.103776,32.77291666755343,21.318749999998488,
22215,53.8491,32.7725000031557,22.63666666889668,Wadi Derna
22216,16.8043,32.78625000088721,21.40624999999852,
22217,67.3954,32.79125000088737,12.654583333332312,
22218,0.507361,32.792083334220536,13.597916666665526,وادي الرمل
22219,0.284335,32.79958333422098,22.56041666666516,
22220,15.5099,32.8082226920327,12.89096335060202,
22221,95.8945,32.82791666755526,12.974583333332076,
22222,8.24649,32.847500003202924,12.26416666448057,
22223,0.143257,32.86125000088987,21.54124999999857,
22224,0.180091,32.882083334223694,21.570416666664983,
22225,0.194664,32.89750000355684,21.89208333333164,
22226,338.036,32.908750000891416,13.25124999999889,
22227,1.92756,32.91250000324544,12.124999997856492,
22228,0.587844,32.923750000891744,21.63374999999826,
22229,0.281801,32.98041666756029,-8.383750000000418,
22230,0.235972,33.04458333422929,-8.410416666667118,
22231,0.36454,33.11291666756489,11.613749999998902,
22232,0.844563,33.22291666756888,11.16708333333213,
22233,32.2434,33.243750000902935,-8.482916666667109,
22234,21.0781,33.30625000090498,-8.339583333333792,
22235,1.86619,33.43625000090947,-8.06541666666709,Oued Houara
22236,1.95804,33.44291666137741,-8.048750000000325,Oued Houara
22237,3.4573,33.5337500009129,-7.791250000000389,
22238,335.861,33.60625000091528,-7.616250000000434,
22239,43.3355,33.65416667032662,-7.476250000000391,
22240,91.3389,33.70708333425233,-7.407083333333787,
22241,2.84358,33.71791666758605,-7.340416666667124,Oued Nefifikh
22242,0.271203,33.76375000092105,-7.287916666667115,
22243,0.936793,33.808750000922544,-7.183750000000487,Oued Laghbar
22244,1.7494,33.81926196796377,-7.148795871205607,Oued Cherrat
22245,2.05796,33.82458333425643,-7.144583333333742,
22246,1.40362,33.83041666758993,-7.120416666667097,Oued Cherrat
22247,17.916,33.894583334258755,-7.003750000000252,
22248,1.9042,33.91541666345688,-6.9716666666670335,
22249,4.42053,34.027916667596855,-6.829583333333801,Bou Regreg
22250,42.2887,34.02958333426358,-6.833750000000293,
22251,117.566,34.03000000371202,-6.828750000000412,
22252,7.39158,34.07291666759852,-6.802916666667102,
22253,0.113662,34.17125000093529,10.017083333332325,
22254,278.782,34.270416667605446,-6.652083333333849,Sebou River
22255,1.5914,34.360416667608604,10.190416666665556,
22256,16.8499,34.86875000096023,-6.285416666667061,
22257,1.71907,34.96458333429695,-6.242916666667156,
22258,0.12016,35.071250000967495,-2.0020833333338146,
22259,5.37446,35.08291666763455,-2.208750000000691,
22260,17.4986,35.102083334301824,-1.859583333334001,
22261,32.4219,35.12291666763588,-2.3454166666671767,
22262,0.656826,35.13000000386688,-2.8795833333338123,
22263,9.34046,35.139166670534735,-2.893750000000523,
22264,2.08826,35.154583334303766,-4.432083333333878,Oued Feddal
22265,5.53239,35.15708333430388,-4.325416666667195,Oued Bni Boufrah
22266,1.95391,35.15958333430376,-2.9054166666672927,Bousserdoun
22267,2.20118,35.17041666763765,-4.295416666667165,
22268,0.418589,35.1745833343046,-4.5212500000005775,
22269,0.150987,35.186666670541626,-4.600416666667286,
22270,6.04516,35.20041666763882,-3.869583333333935,
22271,5.93415,35.20041666763882,-3.8120833333339874,Oued Nekor
22272,3.70277,35.2045833343056,-4.6837500000006,
22273,60.6669,35.205416667638985,-6.142083333333858,Loukkos River
22274,1.16232,35.20708333430571,-4.6679166666672245,Oud Ouringa
22275,0.937801,35.219583334306094,-3.559583333333933,
22276,0.498973,35.22333333721343,-4.73541666666722,
22277,9.7614,35.22541666414622,-3.192500000000564,
22278,1.53292,35.23208333430654,-4.034583333333785,
22279,3.76006,35.24791666764054,-4.79458333333389,
22280,1.94606,35.288750000975256,-2.9362500000004275,Rivière de l'Or / Río de Oro / نهر الذهب
22281,115.016,35.29625000097548,-1.4704166666672904,
22282,0.145748,35.30041666764231,-4.88208333333381,
22283,0.116717,35.33375000097692,11.037083333332248,
22284,6.98647,35.33791666424446,-4.945833333333837,
22285,1.82094,35.35541666764448,-1.287083333334067,Oued Sidi Djelloul
22286,4.0448,35.36458333431148,-6.087083333333794,
22287,1.42488,35.39458333431264,-5.012083333333919,
22288,1.30778,35.40916667057354,-5.065416666667147,
22289,20.3687,35.439583334314136,-5.08458333333391,
22290,11.2513,35.44208333100789,-1.235000000000639,
22291,2.54281,35.4754166676488,-6.026250000000516,
22292,4.43143,35.51041666764996,-6.012916666667195,Oued Gharifa
22293,0.187829,35.53541666765096,-5.194583333333867,
22294,0.780362,35.54041666765113,-5.220416666667234,Oued Azla
22295,0.654361,35.552083331115966,-5.243333333333851,Oued Azla
22296,24.5531,35.57541666765252,-5.991250000000491,Oued El Hachef
22297,167.49,35.6120833343204,-5.269583333333856,
22298,5.75969,35.64375000098829,-5.279583333333903,Wadi Martil
22299,2.28374,35.7070833343239,-5.952916666666965,
22300,1.83629,35.71208333432406,-5.335416666667072,
22301,2.90865,35.728750000991454,-5.946250000000532,
22302,1.89442,35.772916667659786,10.7737499999987,
22303,108.224,35.77541666765984,-5.787916666667172,Oued Sania
22304,4.11907,35.78083333845211,-5.769166666453202,Oued Sania
22305,203.808,35.787916667660284,-0.118750000000773,
22306,0.471383,35.787916667660284,10.682916666665562,
22307,61.3892,35.79375000099378,-5.833750000000521,
22308,1.20329,35.79374999804219,-5.350833333333867,
22309,2.73904,35.82625000099506,-5.644583333333856,Oued Aliane
22310,0.239939,35.831250000995226,-5.701250000000357,
22311,2.58343,35.84375000099578,-5.555416666667099,Oued Ghlala
22312,7.96392,35.84375000099578,-5.353750000000503,Rio Negro
22313,0.337024,35.88583333730912,-5.494583333333878,
22314,0.185896,35.903750000997775,-5.446250000000532,
22315,42.3831,35.977083342705725,10.529583330456376,
22316,123.315,36.038750001002825,0.1354166666660603,Chelif River
22317,0.28969,36.239583334343706,0.4887499999994134,Oued Zerrifa
22318,9.43247,36.28874999867094,10.494166666665537,Wadi ar-Raml
22319,7.97181,36.3154166676797,0.6454166666659376,
22320,3.73647,36.46624999892907,1.0149999999993042,Oued Taghzout
22321,50.0568,36.515416665670216,1.313333333332764,
22322,6.54139,36.5358333374046,1.5645833333327346,Oued Ouattar
22323,13.0024,36.55125000102197,1.6937499999992838,Oued Harbil
22324,0.297539,36.55458333435541,1.7279166666658057,Oued Harbil
22325,0.242902,36.56625000102247,1.9695833333327075,
22326,0.287992,36.56708333435597,1.8787499999991724,
22327,7.71063,36.56708333435597,2.009583333332614,
22328,19.2371,36.56916667074279,10.863749999998843,
22329,22.6051,36.595416667690245,2.4229166666659694,
22330,1.94565,36.61291666769085,2.231249999999364,
22331,10.9788,36.61791666769119,2.2537499999994,Oued Hachem
22332,92.8984,36.64208333435863,5.349583333332475,
22333,2.58165,36.6470833343588,5.219583333332594,Oued Zitouna
22334,5.74132,36.650416665882176,10.916666666665492,
22335,8.14419,36.65208333435896,5.206249999999159,
22336,2.20397,36.66250000409002,5.448749999999222,Oued Amsal
22337,0.280162,36.69291666769402,5.525416666665933,
22338,281.027,36.697083334360855,2.804583333332687,Oued Mazafran
22339,0.558776,36.70708333436119,5.542083333332471,
22340,2.524,36.71458333436158,10.9612499999987,Menzel Horr valley
22341,4.20323,36.71791666769502,5.07958333333238,Oued Seghir
22342,1.58657,36.71875000102841,10.429583333332175,Oued Ezzitouni
22343,259.824,36.723749999334814,5.076666666665801,
22344,24.415,36.72625000102846,10.462083333332371,Oued Ezzitouni
22345,143.663,36.72875000102874,5.076249999999277,Oued Seghir
22346,8.48887,36.73291666769552,2.8420833333327096,
22347,759.652,36.74125000102896,3.1262499999992315,Oued Ouchaïah
22348,3.90765,36.752916667696354,10.529583333332084,
22349,2.76789,36.76041666769663,2.862083333332464,Beni Messous River
22350,14.3778,36.76625000103013,3.4529166666658853,Oued Tatareg
22351,12.6838,36.76708333436352,3.479583333332357,Oued Tatareg
22352,52.7807,36.7695833343634,3.4129166666659785,Oued Tatareg
22353,150.09,36.772083334363685,10.292083333332243,
22354,150.657,36.77875000103057,3.2329166666660285,Oued El Hamiz
22355,16.0933,36.78208333436402,2.896249999999384,
22356,94.4736,36.78291666769735,3.3370833333326004,
22357,5.33204,36.78375000103091,5.647083333332546,Wad Burshayad
22358,2.5757,36.796250001031126,5.677916666665851,Wad Burshayad
22359,33.903,36.805416667698125,5.812083333332339,
22360,4.22826,36.80791666769841,10.302916666665569,Wadi Miliane
22361,4.52556,36.81125000103162,3.605416666665974,
22362,73.5135,36.812083334365184,5.77874999999915,
22363,22.368,36.81291666769857,5.862916666665797,
22364,0.659444,36.81625000103179,11.05624999999884,واد الشيوة
22365,49.5975,36.82541666769913,5.937083333332225,
22366,34.4027,36.82666667078115,5.941249999999229,
22367,0.494612,36.82791666769907,4.939583333332507,
22368,10.8427,36.83625000103285,5.987916666665853,
22369,196.601,36.838750001032736,3.668749999999079,Isser River
22370,8.02773,36.84791666769991,7.8145833333323935,Seybouse
22371,87.1136,36.84875000103307,7.950416666665603,Bounamoussa
22372,0.379562,36.85250000516447,6.043333333792646,
22373,0.859309,36.85791666770024,4.868749999998954,Oued N'Tighzart
22374,366.618,36.86666667182874,7.770833332864299,Seybouse
22375,3.27351,36.871250001034014,4.814583333332621,
22376,573.137,36.87541666770079,6.100416666665865,Oued El Kebir
22377,0.144602,36.87874999959752,4.711666666665735,Oued Taida
22378,0.634404,36.879583334367794,4.703749999999161,Oued Taida
22379,215.946,36.879583334367794,7.762083333332441,Seybouse
22380,0.387741,36.88208333436785,4.633749999999168,
22381,0.691085,36.88208333436785,10.712916666665478,Oued Laâbid
22382,415.275,36.88250000515927,6.936666666188614,
22383,0.341711,36.88291666770124,7.760416666665719,Seybouse
22384,0.591986,36.88375000103457,4.537916666665865,
22385,5.12623,36.88458333436796,4.509583333332444,
22386,2.14917,36.88458333436796,7.760416666665719,
22387,308.959,36.88625000103468,7.760416666665719,
22388,0.77427,36.889583334368126,4.114583333332291,
22389,0.711727,36.89291666770157,4.417916666665747,
22390,0.488472,36.893333337457705,4.351249999999197,
22391,0.799576,36.895416667701625,3.777916666665648,
22392,1.38692,36.8950000041246,4.147916666665878,
22393,2.32398,36.89750000412482,3.950416666665888,Iɣzer Leḥṣar
22394,3.26475,36.897916667701736,4.332916666665767,
22395,6.79075,36.89875000103507,4.2370833333326345,
22396,0.789757,36.90041666770179,3.99541666666596,Iɣzer Leḥṣar
22397,9.44084,36.90625000103552,7.053749999999013,Oued el Ksob
22398,0.118373,36.90916667182131,6.216666667158052,Oued Zehour
22399,9.72563,36.90958333436879,8.518749999999159,
22400,278.518,36.91125000103568,3.855416666665917,Asif n Sebawu
22401,0.609513,36.9179166677024,8.308749999999122,
22402,0.478039,36.92541666770279,7.1787499999989,
22403,6.27973,36.92791666568087,6.251249999999061,Oued Zehour
22404,0.548766,36.93375000103623,6.848749999999143,
22405,0.311971,36.94541666770368,6.732083333332525,
22406,0.254143,36.94750000413256,6.740416666665794,
22407,1.74302,36.95125000103701,8.770416666665653,وادي بوترفاس
22408,13.992,36.95250000413324,8.762916666665774,وادي بوترفاس
22409,0.358297,36.956250001037176,10.230416666665633,
22410,4.00211,36.96291666770424,8.812916666665672,وادي بوترفاس
22411,1.27479,36.96875000103779,6.607916666665801,
22412,124.728,36.972083334371234,6.587083333332487,Oued Elguebli
22413,2.41142,36.97541666770485,6.580416666665599,Oued Elguebli
22414,1.61689,36.97791666770473,8.84374999999892,
22415,64.6011,36.990416667705176,7.252916666665726,واد الكبير ⵉⵖⵥⵔ ⴰⵎⵓⵇⵔⴰⵏ
22416,4.37266,37.0179166677064,10.915416666665465,
22417,1.73254,37.02875000104012,10.179583333332404,Medjerda River
22418,45.3797,37.03541666770701,8.923749999999131,Oued Sidi El Barrak
22419,2.07711,37.040000004146464,6.308749999999179,
22420,2.0577,37.05375000104095,6.520416666665767,
22421,0.258947,37.0820833343754,6.4429166666658375,
22422,196.048,37.11208333335213,10.184999999998864,Oued Mejerda
22423,4.41711,37.13541666771084,9.848749999999086,Dock 4
22424,8.0147,37.14208333437773,10.137916666665603,Oued Mejerda
22425,2.18986,37.16708333437873,9.922916666665742,
22426,99.5387,37.18541666771267,9.780416666665417,Wadi Tinja
22427,2.34102,37.21541666771384,9.25374999999906,Oued Meradi
22428,2.16634,37.217500005079046,9.226666665961544,Oued Meradi
22429,2.41935,37.2212500010474,9.760416666665492,Wadi Tinja
22430,7.75492,37.23958333359599,9.802499999998815,Oued Ouata
22431,1.69108,37.25333333751189,9.383749999999113,
22432,2.33403,12.60291666698049,44.010416666664185,
22433,0.464148,12.624583333647706,53.7570833333304,
22434,3.12434,12.63541666698137,44.29541666666404,
22435,6.47202,12.683750000315968,44.428749999997535,
22436,0.542195,12.765416666984606,44.72624999999749,
22437,1.85663,12.832500001288452,44.94124999999752,
22438,22.2116,12.947083333655712,45.10208333333048,
22439,0.382675,13.008749997719576,43.3816666666641,
22440,4.88318,13.03875000032474,45.27958333333072,
22441,12.4471,13.063750000325172,45.38874999999746,Wadi Bana
22442,0.183913,13.071250000325447,43.35124999999749,
22443,0.165548,13.0787500003255,43.34708333333066,
22444,2.04619,13.137083333660428,45.454583333330845,Wadi Hassan
22445,12.4286,13.281250000330658,43.24624999999736,
22446,2.1549,13.428750000334276,46.67791666666409,Wadi Ahwar
22447,12.809,13.573750000338066,43.28124999999727,
22448,0.436647,13.592916667005,43.29041666666427,
22449,0.238854,13.721250000341511,43.2762499999975,
22450,7.55627,13.809583333677269,43.24041666666403,
22451,8.37302,13.892083333679125,43.22708333333077,
22452,2.21595,13.916250000346396,43.20124999999729,
22453,10.4927,13.934583333680166,47.80708333333058,Wadi Mayfa`ah
22454,0.114819,14.015000001405554,48.14708333333067,Wadi `Arar
22455,0.315137,14.03875000034958,43.12374999999759,
22456,4.55563,14.047916667016352,48.67624999999714,Wadi Hajr
22457,32.4726,14.136250000351936,43.08958333333084,
22458,13.0274,14.251250000354844,43.0579166666642,
22459,0.639427,14.312083333689486,43.03541666666416,
22460,5.10356,14.470416665089544,49.04249999999723,Wadi Siyakhayn
22461,3.1526,14.57458333369624,49.22624999999709,Wadi al Harshiyat
22462,4.50356,14.607083333696949,42.99208333333081,
22463,2.72604,14.664583333698374,49.41374999999732,Wadi Huwairah
22464,10.6862,14.692083333699088,42.9662499999975,
22465,2.28557,14.760416667034349,49.63124999999707,Wadi `Arf
22466,0.452385,14.776250000368009,49.69541666666373,
22467,12.7995,14.831250000369325,42.933749999997474,
22468,4.02279,14.922916667038294,50.295416666663925,Wadi Ma`bar
22469,0.626096,15.060416667041808,50.64208333333056,وادي بني عبس
22470,1.05388,15.074583333708745,42.86791666666426,
22471,13.0064,15.162916667044328,42.83374999999734,
22472,2.2358,15.175416667044544,51.13041666666357,Wadi Masila
22473,0.114861,15.260416667046854,51.404583333330265,
22474,0.919552,15.28958333371429,42.80624999999753,
22475,1.61149,15.387916667050035,42.78208333333095,
22476,0.861729,15.40875000038386,51.670416666663925,Wadi Ghaburi
22477,0.19335,15.42458333371752,51.70458333333028,Wadi Ghaburi
22478,1.34738,15.469583333718845,42.77208333333096,
22479,0.890493,15.607083333722189,52.1712499999972,
22480,13.1369,15.818749999314091,42.77833333333081,
22481,0.421931,16.010416667065897,42.83124999999762,
22482,0.781327,16.217916667071165,42.8112499999973,
22483,1.50618,16.22208333373777,52.25541666666379,Wadi Mashit
22484,0.126721,16.33958333374079,52.35458333333037,
22485,1.3498,16.41458333312869,42.76249999999749,Wadi Bin Abdullah (Haradh)
22486,0.211547,16.510416667078573,52.69124999999684,Wadi Shaqawut
22487,0.530258,16.565416667080058,52.83708333333021,Wadi Shawhaytah
22488,0.158845,16.647083333748867,42.73124999999732,وادي خلب
22489,0.129472,16.96875000042354,42.54874999999748,
22490,0.130936,16.98625000042415,42.550416666664205,وادي ضمد
22491,0.1782,17.038750000425523,42.50291666666425,خور المحراق
22492,0.168357,17.096250000427062,42.42041666666415,
22493,0.286394,21.40708333387477,39.18958333333103,وادي فاطمة
22494,0.489065,21.53041666721145,39.15708333333083,
22495,0.290713,22.00125000055777,59.65874999999687,Wādī Banī Khālid
22496,0.148594,22.59708333390768,59.489583333329904,
22497,0.164732,23.20708333745705,58.9874999999966,Wadi Dayqah
22498,0.575505,23.68875000060507,58.177083333330245,Wadi al Bahayis
22499,0.143606,23.786250000607765,57.62541666666334,
22547,1.74122,31.81541666752093,34.63874999999797,Nahal Lakhish
22548,1.09263,31.942083334191977,34.70624999999791,Nahal Sorek
22558,0.445544,32.98708333422735,35.08291666666446,Nahal Beit HaEmek
22564,1.78765,33.23125000090249,35.21124999999779,Al-Qasimiya Irrigation Project
22569,6.0487,33.49458333424474,35.334583333330954,
22678,4.04573,36.46875000101886,35.967083333331175,
22679,0.284064,36.47666667072906,34.17041666666455,
22680,0.209941,36.47791666768581,-4.979583333334006,Rio Guadalmina
22681,5.12979,36.49125000101958,32.09291666666468,Dim River
22682,0.163973,36.49625000101997,-4.943750000000648,Rio Verde
22683,0.803026,36.50041666768675,30.5320833333314,
22684,0.106206,36.52041666768741,30.54208333333139,
22685,11.3557,36.52375000102086,32.05458333333132,Oba Çayı
22686,0.656632,36.52791666768769,-4.626250000000653,
22687,1.23132,36.53041666768792,36.03624999999784,
22688,19.284,36.53500000407104,32.03624999999772,Hacet Deresi
22689,23.7545,36.54375000102169,32.0079166666647,Hacet Deresi
22690,3.03286,36.55875000102236,34.24791666666465,
22691,0.837553,36.55958333435558,35.32624999999791,
22692,14.9266,36.56375000102253,30.57458333333141,Kemer Cay
22693,16.7096,36.56458333435592,36.10708333333122,
22694,92.6393,36.56791666768936,35.558749999997815,Ceyhan River
22808,9.95788,36.82000000411341,31.26541666666475,
22809,27.5485,36.8204166676988,36.17708333333121,
22810,12.8489,36.8204166676988,50.8829166666639,Cheshmeh Kileh River
22811,2.2998,36.822916667698905,31.246249999997985,
22812,0.150112,36.82458333436563,28.06541666666493,
22813,6.19386,36.82458333436563,53.1679166666637,Neka River
22814,27.0795,36.82958333436579,31.178749999998047,Köprüçay River
22815,0.340553,36.83291666769924,28.55208333333121,
22816,1.02291,36.838750001032736,35.88624999999763,
22817,11.9565,36.84125000103302,30.614583333331325,
22818,12.4466,36.84125000103302,31.100416666664785,Acısu Deresi
22819,1.31224,36.84291666769974,54.043749999996805,Qarasu River
22820,1.46656,36.846250001033184,28.28624999999812,
22821,3.4088,36.84791666769991,36.15708333333112,
22822,1.99771,36.84958333436646,30.83041666666469,Düden Çayı
22823,20.748,36.85083333745132,28.27624999999796,
22824,38.4183,36.85083333745132,30.78041666666445,Düden Çayı
22825,53.2915,36.85333333745172,30.62541666666465,
22826,31.3075,36.8545833343668,30.92541666666466,Aksu Çayı
22827,4.3275,36.85625000103352,50.80041666666381,
22828,0.851282,36.85708333436685,36.14791666666429,Deliçay
22829,0.832113,36.85791666770024,30.96291666666468,
22830,0.413901,36.86041666770029,50.791249999997206,Shirud
22831,0.227506,36.86708333436718,28.46791666666479,Karaağaç Deresi
22832,35.7764,36.86791666770074,30.647916666664685,Boğa Çayı
22833,1.14715,36.87375000103424,50.772916666663775,Shirud
22834,16.7592,36.87625000103418,30.66041666666473,Boğa Çayı
22835,0.287933,36.87708333436768,15.13708333333193,
22836,0.977198,36.878750001034405,14.439583333332052,Cava di Randello
22837,0.371456,36.879583334367794,28.457083333331468,Karaağaç Deresi
22838,1.07184,36.88041666770096,50.75374999999718,Shirud
22839,37.4352,36.88458333436796,30.70041666666464,
22840,0.70306,36.9029166677019,36.08374999999762,
22841,1.66844,36.90708333436885,50.68874999999719,Safarood
22842,5.40031,36.90958333436896,36.0695833333312,
22843,0.235512,36.91625000103585,36.05791666666431,
22844,2.28765,36.9179166677024,35.98374999999771,
22845,0.471493,36.92208333436935,36.04041666666427,
22846,0.143274,36.94041666770329,28.189583333331257,
22847,3.45318,36.941249999707054,50.65499999999713,
22848,0.480502,36.97458333309993,50.58083333333048,رزسر ۳
22849,1.86325,36.98375000103829,50.56791666666391,رزسر ۳
22850,2.36857,36.990416666461726,28.252499999998065,Kocaalan Deresi
22851,11.6398,36.990416667705176,54.02791666666349,Gorganrud
22852,0.452321,36.99291666770523,27.531249999998124,
22853,0.187107,36.99541666770551,27.517083333331527,
22854,0.180318,37.0020833343724,14.338749999998754,Fiume Dirillo
22970,0.157163,38.0645833344135,13.537916666665469,Fiume San Michele
22971,3.03116,38.06541666774689,27.00374999999821,Tahtalı Çayı
22972,1.58871,38.06791666774677,26.91374999999823,Ürkmez Barajı
22973,0.380909,38.070416667747054,15.647083333331809,Torrente Calopinace
22974,2.98598,38.07625000108055,26.94708333333159,Ürkmez Barajı
22975,0.193606,38.079583334414,13.066249999998774,Fiume Jato
22976,0.155225,38.08625000108088,13.076249999998764,Fiume Nocella
22977,2.28892,38.09291666860241,15.631666666665184,Torrente Calopinace
22978,0.934144,38.09958333441466,13.480416666665349,Eleuterio
22979,4.97332,38.10875000108183,-0.6437500000006935,Azarbe El Tercio
22980,3.15364,38.11208333441528,13.37958333333205,Fiume Oreto
22981,1.01453,38.11291666774861,48.91124999999715,
22982,3.22578,38.11791666774877,13.375416666665217,Fiume Oreto
22983,0.646094,38.12541666774922,15.648749999998527,Torrente Calopinace
22984,7.40787,38.13041666774939,13.367916666665508,Fiume Oreto
22985,0.166979,38.13208333441594,14.71291666666542,Fiumara Zappulla
22986,0.184245,38.13625000108294,16.165416666665294,Bonamico
22987,0.1859,38.14125000108311,15.147083333332091,Torrente Brandino
22988,0.100169,38.15041666775022,14.997083333331886,Torrente Timeto
22989,0.202943,38.15208333441694,21.5645833333316,Peiros
22990,0.145774,38.15458333537873,48.91333333333057,
22991,0.113175,38.15625000108378,14.807916666665164,Torrente Iannello
22992,0.146108,38.163750001084,14.842916666665474,Torrente Iannello
22993,0.219605,38.16708333441744,15.646249999998645,Fiumara di Catona
22994,9.22948,38.17375000108433,26.80041666666466,
22995,0.142716,38.17791666775133,13.2229166666653,Ciachea
22996,0.518077,38.18375000108483,15.212083333331748,Torrente Longano
22997,0.321551,38.183750002096815,48.90083333333047,
22998,0.307251,38.18458333441805,15.638749999998538,Fiumara di Catona
22999,0.194522,38.20125000108544,22.195416666665096,Vouraikos
23221,0.354994,40.28625000117012,8.484583333332068,Temo
23222,0.144674,40.28875000117034,16.775416666665308,Fiume Cavone
23266,2.16322,40.48791666784524,14.940416666665328,
23267,0.425244,40.49375000117897,16.98958333333178,
23268,0.15793,40.50541666784602,17.01624999999865,Fiume Lato
23269,40.0831,40.50625000117935,22.71208333333169,Loudias
23270,0.394881,40.50666667135948,27.90291666666485,Ballıpınar Deresi
23271,2.68269,40.51041666784619,28.82541666666475,Bülbül Deresi
23272,0.136693,40.51291666784624,27.873749999997926,
23273,0.100879,40.51541666784635,17.137916666665262,Cala Gennarini
23274,0.174333,40.52375000479856,0.5149999999991905,
23275,6.76995,40.52625000118019,19.39041666666526,
23276,0.86581,40.53000000469677,22.679583333331493,Loudias
23277,0.421715,40.53958333451413,26.90874999999824,
23278,1.28793,40.56875000118197,14.893749999998704,Tusciano
23279,0.335699,40.58041666784919,-8.749583333333817,
23280,0.146446,40.591250001182914,9.756249999998658,Torrente (stagionale)
23281,0.287552,40.59208333451642,28.90874999999818,
23282,0.300303,40.59291666784964,26.27958333333163,
23283,1.4025,40.59375000118314,26.13708333333153,
23284,0.207636,40.59500000470746,8.2887499999988,Rio Cuga
23285,0.127084,40.59541666784969,26.18624999999804,Kavala Deresi
23286,0.204417,40.59583333744917,26.264166663258152,
23287,1.08416,40.59625000118308,26.5112499999982,
23288,0.841611,40.598750001183305,26.237083333331668,Kavala Deresi
23289,0.150372,40.59958333451669,26.215416666664964,Kavala Deresi
23290,0.182436,40.601250001183246,14.866249999998672,
23291,0.102627,40.601250001183246,26.41124999999824,
23292,14.938,40.60541666785019,26.83708333333152,Kavakköy Deresi
23293,1.67822,40.60875000118381,27.10041666666467,Kara Değirmen Deresi
23294,0.21293,40.61208333451708,26.47958333333133,
23295,1.62557,40.61458333451736,14.853749999998795,
23296,0.217559,40.61625000118392,49.611249999997085,Sumqayıtçay
23297,0.125493,40.61791666785064,18.01958333333169,Fiume Grande
23298,0.349727,40.62791666785114,27.173749999998165,
23299,0.318747,40.63125000118475,14.834583333332034,Picentino
23300,0.235555,40.63208333818432,22.86083333333147,Χείμαρρος Διαβατών
23301,3.29992,40.63458333451803,22.910416666664844,
23302,0.880153,40.64375000118514,17.952916666665317,
23303,1.25361,40.64458333451853,29.07458333333153,Armut D
23304,2.44086,40.64625000118525,29.057916666664823,Armut D
23305,0.117298,40.64708333451858,17.9820833333319,Canale Cillarese
23306,0.231471,40.647916667852144,26.81624999999821,
23307,0.105208,40.648750001185306,14.64208333333204,Reginna Major
23308,72.534,40.648750001185306,19.32041666666504,Vjosë
23309,0.429268,40.65125000118542,26.06708333333154,
23310,6.42119,40.65625000118576,29.18541666666482,ULU DERE
23311,43.555,40.65750000471792,29.26124999999797,
23312,3.96173,40.65875000118564,29.237916666664773,ULU DERE
23313,0.64069,40.66125000486386,-8.713333333333765,Vouga River
23314,50.1934,40.66125000118592,29.2845833333314,ELMALI DERESİ
23315,0.414824,40.66208333451931,14.42041666666546,
23316,2.47378,40.66541666785275,29.30041666666472,ELMALI DERESİ
23317,0.240583,40.666250001186086,27.24541666666488,Dişbudak Dere
23318,0.352922,40.66791666785298,14.725416666665469,
23319,4.53693,40.67041666785292,29.3262499999982,ELMALI DERESİ
23320,3.06509,40.67291667153552,14.77499999999867,Fiume Irno
23321,0.157566,40.67958333451986,23.69374999999843,
23322,2.32366,40.681250001186754,29.35541666666478,ELMALI DERESİ
23323,5.3185,40.69625000118742,29.37208333333126,
23324,1.97567,40.69791666785415,-8.670416666666938,
23325,0.800517,40.700416667854256,17.81791666666527,Torrente Giancola
23326,1.8147,40.70458333452103,14.482916666665403,Canale Bottaro
23327,0.156159,40.7095833345212,17.798749999998677,Canale Reale
23328,0.325594,40.71375000118803,26.050416666665,
23329,0.881208,40.71458333821943,27.31749999999812,
23330,14.7214,40.715416667854925,29.48041666666484,Yalak Deresi
23331,6.43739,40.715416667854925,29.89291666666452,Kirazdere Çayı
23332,1.30332,40.71708333452165,0.8495833333326459,Ebro river
23333,8.49837,40.72291667155605,14.474999999998658,
23334,34.1354,40.72500000365255,29.83958333865297,ÇINARLI DERE
23335,1.044,40.72625000118859,-8.645416666667188,Vouga River
23336,0.660495,40.72625000118859,19.369583333331946,Kanali i Hoxharës
23337,15.1975,40.72791666785554,29.85041666666484,ÇINARLI DERE
23338,83.8848,40.74291666785604,26.037083333331395,Έβρος
23339,62.9333,40.74458333452276,29.77291666666457,Ağadere
23340,3.70645,40.75375000118987,19.370416666665108,Kanali i Hoxharës
23341,17.208,40.75416667140075,29.85958333333128,ÇINARLI DERE
23342,127.586,40.75416667140075,29.941249999997808,Kumla Deresi
23343,55.8893,40.76791666785704,29.53291666666479,Dilderesi
23344,3.52046,40.78458333452443,23.857916666665066,Struma
23345,80.0332,40.805416667858594,29.34708333333151,Umur Deresi
23346,2.75087,40.80666667140957,14.171249999998508,Emissario lago di Agnano
23347,87.9637,40.81250000474381,29.30874999999816,
23348,0.176319,40.81791666785921,-8.632083333333753,Ribeira da Senhora da Graça
23349,0.641873,40.82333333807895,-8.640416666667079,Ribeira da Senhora da Graça
23350,1.25418,40.83125000119316,14.307916666665449,Alveo Sannicandro
23351,3.86948,40.83208333826275,29.279166666664707,Kemiklidere
23352,235.544,40.83541666785999,19.387083333331816,Lumi i Semanit
23353,6.19721,40.83666667141449,14.297083333332123,Alveo Sannicandro
23354,0.596932,40.83875000119343,8.392916666665371,Riu Mannu di Porto Torres
23355,2.80744,40.840416667860325,14.278749999998524,
23356,0.573025,40.84291666786038,25.864583333331552,Rema Vanikioti
23357,0.209941,40.848750001193935,24.80374999999833,Νέστος
23358,107.514,40.857916671604414,29.27333333333138,Kemiklidere
23359,0.150867,40.85875000119427,14.047916666665344,Antica foce del Fusaro
23360,9.44178,40.873750001194935,19.40041666666508,Lumi i Semanit
23361,5.51022,40.87500000421534,29.23749999665569,Kemiklidere
23362,0.816847,40.88791667161354,27.46166666666477,Ana Dere
23363,0.32872,40.89708333828321,14.034999999998604,Regi Lagni - Alveo dei Camaldoli
23364,22.1094,40.90958333452983,38.35374999999766,Batlama Deresi
23365,0.130472,40.91208333452988,24.884583333331705,Tsamourlou
23366,168.568,40.91208333452988,29.1345833333312,Cemalbey Deresi
23367,21.1227,40.9116666714271,38.42874999999748,Aksu Deresi
23368,28.1685,40.91375000119661,38.44124999999775,Aksu Deresi
23369,3.61622,40.91458333453016,40.1762499999976,
23370,2.74678,40.915416667863326,38.44958333333079,Aksu Deresi
23371,15.6269,40.9150000042323,40.11166666333588,Manahoz Deresi
23372,0.415504,40.91708333453005,9.500416666665558,Fiume Padrongiano
23373,5.5716,40.91708333453005,38.33124999999762,Batlama Deresi
23374,10.7577,40.91791666786344,38.51791666666446,
23375,0.170746,40.91875000119694,14.024583333332146,Canale Amore
23376,0.127069,40.91916667142846,9.548749999998904,
23377,3.96666,40.920000004234566,38.32333333000446,Batlama Deresi
23378,0.269946,40.928750004958886,9.50916666666552,Fiume Padrongiano
23379,8.25601,40.92958333453066,40.07208333333085,Manahoz Deresi
23380,5.16564,40.930416667864,40.23458333333093,
23381,2.71604,40.93125000119721,19.430416666665167,
23382,0.496891,40.93208333453072,38.30708333333087,Batlama Deresi
23383,0.284426,40.93541666786416,8.814583333332394,Coghinas
23384,71.2613,40.935416671627365,29.115833333331462,Çamaşır Deresi
23385,2.54716,40.93708333453088,38.57291666666436,
23386,8.49361,40.9387500011976,38.22124999999773,
23387,16.738,40.9404166678645,38.23541666666449,
23388,43.1697,40.941250001197886,40.055416666664144,Yanbolu Deresi
23389,0.535818,40.94291666786461,25.336249999998245,
23390,0.157639,40.94458333453133,-8.657083333333844,Ribeira de Mangas - Rio Lambo
23391,13.0486,40.94458333453133,38.178749999997535,
23392,0.796119,40.94541666786466,38.5904166666644,
23393,89.3603,40.94541666786466,40.26458333333085,
23394,3.55995,40.94625000119805,38.16874999999777,Pazarsuyu
23395,29.5414,40.94791666786495,38.69208333333086,Yağlıdere Çayı
23396,3.07759,40.95041666786483,27.491249999998217,Doğan Deresi
23397,27.2381,40.95041666786483,29.09791666666473,Kurbağalı Dere
23398,13.45,40.95125000119839,38.71541666666445,
23399,4.70645,40.95375000119827,39.90124999999773,
23999,0.154779,43.48083333854322,-3.83875000000063,Arroyo Otero
24000,1.25383,43.48125000131097,13.637083333331873,Aspio
24001,0.305916,43.48208333464436,-7.050416666667161,Río Suarón
24002,0.989484,43.485833338544126,-8.252083333333815,Dique da Campá
24003,0.37369,43.48708333464453,-8.196250000000532,Dique da Campá
24004,0.268786,43.48750000521119,-1.5554166666673268,
24005,2.18096,43.49041666797814,39.887083333330736,Khorota River
24006,0.125579,43.503750001312085,-3.5804166666672472,Arroyo de Villanueva
24007,1.964,43.50500000596298,16.532499998720823,Jadro
24008,0.144821,43.50791666797869,-8.15875000000051,Río Castro
24009,0.756958,43.50791666797869,39.86874999999753,Речуха Лаптева
24010,1.09415,43.512083334645865,-8.165416666667113,Río Belelle
24011,0.445062,43.512083334645865,10.319583333332048,Rio Cigna
24012,0.207788,43.51291667018296,16.11583333333192,
24013,0.117377,43.51375000131242,-8.153750000000514,Río Castro
24014,0.114521,43.51791666797942,16.13874999999865,
24015,0.117655,43.51875000131258,16.1187499999985,
24016,6.21927,43.52125000131287,3.916249999999138,Canalette du Prévost
24017,9.5636,43.5287500034932,-1.5225000000006617,Ruisseau de Mouras
24263,0.255879,45.0904166680545,13.641249999998706,
24264,0.306282,45.109583334722174,14.840416666665362,Latica
24265,2.69361,45.11541666805567,33.533749999997895,
24266,0.240196,45.12541666693926,14.525833333331889,Kijac
24267,0.481623,45.12791666805629,14.187916666665387,
24268,0.96612,45.12875000138968,14.785416666665128,Ričina
24269,1.44362,45.13291666805645,13.632083333331876,
24270,5.83997,45.16125000139124,12.332083333332264,Adige
24271,0.25466,45.16375000139152,29.680416666664712,Sulina branch
24272,1.31095,45.17208333472513,14.693749999998827,Dubračina
24273,0.377577,45.17875000139219,13.60291666666552,
24274,13.2303,45.18458333347644,12.244166666665365,Canale di Valle
24275,3.34927,45.19291666805952,33.41708333333128,
24276,0.227534,45.20375000139336,14.542083333332071,
24277,0.373986,45.20625000139347,13.587916666665537,
24278,0.190196,45.22500000564543,-0.6883333360721622,La Livenne
24279,1.23866,45.23041666806131,13.598749999998688,
24280,0.228208,45.23625000139498,14.255416666665496,Potok
24281,0.917645,45.24458333472859,13.599583333332076,
24282,68.7995,45.2479166680622,29.698749999998142,Musura Mouth
24283,0.179849,45.25375000139593,13.595416666665244,
24284,2.31745,45.25375000139593,36.428749999997706,Kerch-Yenikal Channel
24285,0.214304,45.27541666661489,14.563333333332082,Jarčina
24286,0.452289,45.27708333473038,13.597083333331966,Mirna
24287,0.277703,45.28041666806382,14.581249999998818,Jarčina
24288,0.345029,45.29208333324675,14.571666666665353,Draški potok
24289,0.199063,45.29958333473149,14.55791666666522,Draški potok
24290,0.764521,45.30541666806505,14.28374999999869,Potok
24291,0.454336,45.31208333473211,14.287083333332134,Potok
24292,1.86202,45.31291666806561,14.47958333333213,Rječina
24293,1.53982,45.32083333891285,13.598333330411153,Mirna
24294,13.5919,45.32125000139922,14.45374999999865,Rječina
24295,0.821579,45.32208333473261,35.643749999997794,Али-Бай
24296,9.84316,45.32791666806628,14.427083333332009,
24297,0.523131,45.332500005558586,14.303749999998844,Banjina
24298,0.257629,45.34708333473378,37.14791666666446,
24299,1.66218,45.349583333126816,14.32166666666518,Slatina
24300,11.9367,45.35083333889554,37.41624999999783,Новокуликовское гирло
24301,1.30462,45.35708333473429,14.32791666666543,Slatina
24302,40.7736,45.35791666806767,36.481249999997885,Melek-Chesme
24303,0.128531,45.39208333303975,13.537499999998602,Potok
24304,4.43266,45.41875000140408,12.2587499999986,Naviglio del Brenta
24305,1.40491,45.42791666807102,13.520416666665426,Potok
24306,1.15038,45.43875000140508,35.8262499999978,
24307,1.35059,45.44541666807214,33.2037499999978,
24308,0.385943,45.467083334739925,13.616249999998558,Dragonja - Dragogna
24309,0.127122,45.47208333474009,37.60458333333099,Зозулиевское гирло
24310,0.22891,45.492083334741096,13.49791666666522,
24311,0.13562,45.498750001407984,47.613749999997424,
24312,4.9646,45.50458333474165,29.623749999997926,Bilhorod Mouth
24313,3.20651,45.5079166680751,47.76708333333068,Волго-Каспийский канал
24314,4.1102,45.52958333474288,12.408749999998804,Taglio del Sile
24315,4.53081,45.53375000140983,12.727916666665408,Piave
24316,0.574873,45.55125000141061,13.732916666665176,Hrvatinski potok
24317,4.53807,45.560416666039714,12.47749999999877,Taglio del Sile
24318,0.521297,45.56541666807794,32.8437499999979,
24319,0.157816,45.56625000141145,13.743749999998556,
24320,50.4141,45.58208333474551,29.717083333331345,Шлюз водоскид із Сасіка в Джантшейський лиман
24321,6.59753,45.58875000141256,12.862916666665456,
24322,0.25915,45.59874999929991,13.78583333333205,Retinski potok
24323,0.264017,45.60041666807979,-0.9995833333340444,
24324,0.132109,45.605000005611885,13.77041666666537,
24325,0.469828,45.6104166659444,13.80166666666537,Retinski potok
24326,0.58065,45.61291666808057,13.784583333331966,Torrente Menariolo
24327,1.43713,45.62041666808079,12.910416666665242,
24328,2.69837,45.64625000141535,13.098749999998631,Canale di Bevazzana (Idrovia Litoranea Veneta)
24329,6.77727,45.65208333474908,13.768749999998647,
24330,0.21494,45.66041666808269,13.76458333333204,Rio Marinella / Voda na Ščuku
24331,0.605303,45.67541666808353,37.63041666666447,
24332,0.137262,45.7045833347517,13.47208333333208,Canale Cucchini (o Zemole)
24333,0.459818,45.714583334752206,13.077083333331927,Canale di Bevazzana (Idrovia Litoranea Veneta)
24334,0.248724,45.72708333475282,13.552083333331892,Canale Principale IV di Bonifica
24335,1.22108,45.73291666808649,13.09708333333208,
24336,0.158722,45.73916667230503,48.28458333333043,Царев
24337,0.113125,45.74125000142027,13.339583333332143,
24338,3.24885,45.74125000142027,37.78041666666451,Protoka
24339,0.588705,45.7454166680871,33.158749999997895,
24340,0.279054,45.74958333475388,-1.0637500000005955,
24341,7.55824,45.75041666568632,13.524166666665394,Roggia Mulino Sdobba / la Sdoba
24342,2.86395,45.75375000142071,13.239583333332178,
24343,2.10167,45.754583334754216,13.116249999998672,Fiume Muzzanella
24344,0.823599,45.76875000142155,13.631249999998715,Timavo - ramo I / Potok pod Maganjkom
24345,0.160182,45.77958333475544,13.587083333331975,Timavo - ramo I / Potok pod Maganjkom
24346,0.105403,45.781250001422165,-1.122916666667379,Ruisson de Mauzac
24347,0.164825,45.79041666808928,13.550416666665171,
24348,17.1278,45.82041666809101,30.137083333331248,
24349,0.125514,45.8370833347584,33.54708333333133,Раздольненская ветвь
24350,0.764319,45.84375000142529,33.680416666664655,Раздольненский канал
24351,1.05115,45.8737500014268,30.231249999998056,
24352,0.206177,45.9141666723396,48.80958333333047,
24353,3.62074,45.93125000142982,33.75874999999792,
24354,3.10495,45.94791666809738,-0.9995833333340444,La Charente
24355,1.24791,45.95208333476416,33.74541666666465,Чатырлык
24356,0.902566,45.95708333476432,30.32291666666476,
24357,2.55829,45.95791666532836,38.11333333333101,
24358,0.398408,46.01625000143406,38.15458333333078,
24359,0.329569,46.05208333476929,49.00208333333063,
24360,111.553,46.076250001437074,30.47291666666473,
24361,0.614532,46.1129166681057,32.883749999997804,
24362,0.904647,46.12083333904758,32.77791666666468,Олександрівський канал
24363,26.9371,46.14791666810737,34.81041666666448,Платна човнова стоянка
24364,0.65894,46.151250001440985,-1.1595833333340124,
24365,1.09209,46.15458333477443,33.06874999999775,
24366,0.755382,46.15541666810782,-1.1595833333340124,Canal de Marans à La Rochelle
24367,0.268768,46.17208333477538,32.24791666666471,
24368,1.06949,46.18875000144294,32.20541666666469,
24369,5.99436,46.19125000144288,30.57791666666469,Baraboi
24370,1.91796,46.19625000144322,34.8262499999978,
24371,0.311526,46.204583334777,53.26124999999712,
24372,5.07155,46.21291666811078,33.22291666666456,Kalanchak
24373,5.04414,46.26291666811335,38.28708333333111,
24374,0.328293,46.27041666811374,-1.1220833333341034,La Sèvre Niortaise
24375,0.527707,46.28708333478113,38.26791666666435,
24376,1.98219,46.30625000144897,-1.1312500000008183,La Sèvre Niortaise
24377,1.22245,46.31875000144959,-1.3004166666673882,Canal de Ceinture
24378,0.289758,46.33625000145037,49.19708333333057,Жаңа арнасы - Новая протока
24379,7.20859,46.34541666811748,30.640416666664805,
24380,0.615323,46.34708333478437,35.131249999997806,
24381,0.180388,46.34791666811776,49.45708333333067,Утерин арнасы
24382,6.13016,46.351250001451206,30.64291666666469,
24383,0.113947,46.38791666811977,32.05958333333132,
24384,0.167677,46.43375000145551,-1.6470833333341377,Chenal du Payré à Talmont
24385,20.333,46.43625000145562,35.44458333333125,Molochna
24386,4.01424,46.47791666812458,35.17624999999788,Malyi Utliuh
24387,0.103674,46.48041666812446,-1.7604166666674246,La Combe
24388,22.5346,46.509583331188765,30.73249999999797,Rumunskyi Canal
24389,45.7517,46.52791666812692,32.379583333331084,Дніпро
24390,13.9005,46.54291666448023,30.74833333333112,Rumunskyi Canal
24391,1.87969,46.57291666812933,30.898749999998017,
24392,2.03244,46.58791666442505,35.724999999997806,Domuzla
24393,0.20247,46.588750001463495,32.26541666666475,Rvach
24394,0.508743,46.589583334796885,-1.8479166666674016,L'Auzance
24395,0.185992,46.61625000146495,31.112083333331327,
24396,0.982516,46.61708333479834,32.092083333331345,
24397,0.784633,46.62458333479856,31.38124999999804,
24398,10.8076,46.62875000146556,31.177916666664714,
24399,2.84733,46.63541666813262,31.453749999997967,Berezan estuary
24400,0.122385,46.64208333479968,38.487083333330986,
24401,2.78438,46.64458333479962,35.8629166666646,
24402,0.252775,46.65291666813357,38.07041666666436,
24403,2.58264,46.65791666813374,30.99958333333132,
24404,5.27836,46.66041666813396,36.22208333333111,Obytichna
24405,3.76268,46.66541666813413,35.99374999999765,
24406,1.8147,46.66708333480085,38.59541666666439,Ея
24407,0.326506,46.67958333098392,-1.9275000000006912,La Vie
24408,0.51791,46.69624999559375,-1.9462500000007024,
24409,2.58594,46.75291666423527,31.45083333333116,
24410,0.140724,46.76958333480621,31.51458333333136,Berezan estuary
24411,2.13392,46.78125000147367,36.67874999999765,
24412,0.480028,46.79875000147456,31.597083333331227,Berezan estuary
24413,7.34195,46.803750001474725,36.89291666666452,Берда
24414,2.49232,46.82666667103655,31.592499993716046,Berezan estuary
24415,11.2154,46.85291666814413,51.56541666666379,Урало-Каспийский канал
24416,5.33396,46.87875000147864,32.01541666666441,
24417,0.796275,46.89541666814603,-2.1245833333339874,
24418,77.7911,46.90000000587247,31.998749999998097,Vitovka
24419,1.07525,46.90041666814619,37.10541666666427,Zelena
24420,0.400469,46.90791666814681,38.84041666666434,
24421,0.249758,46.92791666814804,38.86541666666426,Мокрая Чубурка
24422,0.463853,46.93125000148149,37.18541666666448,Komyshuvatka
24423,0.270913,46.93291666814821,53.04541666666376,
24662,0.546079,51.44541666840831,0.3579166666658011,River Thames
24663,0.32841,51.44958333463421,4.28541666666564,Schelde-Rijnkanaal
24664,3.82286,51.45041666840865,-3.179583333333824,Dock Feeder Canal
24665,0.402514,51.45125000174198,0.3287499999990473,River Thames
24666,0.227781,51.45208333507554,3.927916666665851,Middelgat
24667,0.214549,51.452916668408704,-3.1612500000006207,Dock Feeder Canal
24668,14.0973,51.45958333507599,-3.176250000000664,Dock Feeder Canal
24669,82.3082,51.46791666840977,0.3204166666660057,Mardyke
24670,4.48152,51.46958333507666,-3.641250000000639,
24671,0.429193,51.479583335077166,-3.698750000000586,Ogmore River
24672,0.295485,51.48541666841089,4.255416666665894,De Zoom
24673,0.442109,51.48958333507784,-9.39708333333374,
24674,8.23408,51.48958333507784,-3.1212500000006003,Rhymney River
24675,0.101247,51.49875000174501,-3.734583333333888,
24676,25.2802,51.49875000174501,-2.7104166666672995,Royal Portbury Dock
24677,0.306935,51.49958333507834,-2.722916666667288,
24678,0.433736,51.5004166684119,0.4462499999992246,Mucking Creek
24679,0.151693,51.50541666841224,-3.068750000000648,Rhymney River
24680,0.614396,51.52458333508008,4.2262499999991405,De Zoom
24681,1.09325,51.527083335080135,-3.75708333333381,Afon Kenfig
24682,0.259845,51.5420833350812,3.8862499999992224,
24683,0.139215,51.545416668414646,-2.852083333334008,
24684,0.223175,51.54708333508154,3.4529166666658853,
24685,4.97689,51.54791666841487,-2.988750000000664,Wharf Reen
24686,0.234981,51.54875000174826,3.8112499999992338,Katse Heule
24687,1.15701,51.56208333508238,-2.967916666667349,
24688,7.3255,51.56291666841577,-2.9737500000006207,Wharf Reen
24689,0.115258,51.56458333508266,-4.057916666667268,
24690,0.230656,51.57500000693148,-2.6604166666671745,River Wye
24691,0.554916,51.58125000175039,-2.734583333334058,
24692,1.47345,51.5837500017505,-3.8062500000006025,
24693,0.65649,51.59708333519956,-3.995000000000573,
24694,1.2389,51.59708333508479,0.8662499999991269,River Crouch
24695,0.120157,51.60083334027115,-2.692083333333983,Nedern Brook
24696,0.285622,51.611250001752296,-8.853750000000502,Argideen
24697,5.56025,51.611250001752296,-3.915416666667284,Tawe Barrage Lock
24698,0.249876,51.61458333508574,-3.938750000000596,
24699,2.29345,51.6170833350858,-2.6604166666671745,Littleton Pill
24700,2.83892,51.62041666859562,-3.8433333333339306,
24701,0.105515,51.62166667360981,-2.5929166666674064,Pickedmoor Brook
24702,1.40925,51.6254166684198,0.7970833333326937,
24703,2.53629,51.63125000175347,4.255416666665894,Schelde-Rijnkanaal
24704,0.105346,51.632916668420194,-4.2337500000006685,
24705,0.625582,51.632916668420194,3.898749999999268,Overloop van Zierikzee
24706,0.196139,51.64458333508759,-8.751250000000482,Argideen
24707,8.08041,51.65791666842176,4.371249999998952,Dintel
24708,1.88126,51.659583335088655,-4.08125000000058,Morlais River
24709,0.107742,51.66125000175555,-4.7120833333340215,River Ritec
24710,1.69804,51.6629166684221,-4.0812500000006935,Morlais River
24711,2.50251,51.67291666842294,-4.1737500000005525,Nant Dyfaty
24712,0.382693,51.67958333508983,-4.949583333333976,Daugleddau
24713,0.219012,51.68125000175672,-9.460416666667127,Four Mile Water
24714,0.159494,51.69708333509112,-8.45125000000047,River Stick
24715,0.263586,51.700416668424566,-2.488750000000664,Conigre Pill
24716,1.03955,51.70125000175796,-8.51458333333386,River Stick
24717,0.378503,51.707083335091625,-2.522083333333967,
24718,0.22687,51.70958333509191,-5.037083333333953,
24719,1.04271,51.712083335505326,-4.897500000000605,Carew River
24720,14.4099,51.71958333509258,-2.4887500000007776,Conigre Pill
24721,0.12022,51.71958333509258,0.7054166666659967,River Blackwater
24722,22.7363,51.72291666842602,4.66874999999925,
24723,0.179652,51.72708333509286,-4.327083333334031,Gwendraeth Fawr
24724,6.29555,51.72791666842636,0.6995833333324413,River Blackwater
24725,0.192145,51.73458333509342,-4.327916666667306,Nant Morlais
24726,0.372276,51.78541666843006,-4.4487500000007,
24727,1.68117,51.797083335097454,-4.347916666667231,
24728,0.125856,51.8045833350979,1.022083333332489,North Geedon
24729,0.768467,51.8045833350979,4.266249999999218,Bernisse
24730,0.610959,51.80791666843152,-8.293750000000443,Raffeen Creek
24731,0.947851,51.81291666843168,1.223749999999313,Holland Brook
24732,2.67003,51.8204166684323,4.132916666665892,
24733,3.13098,51.847083335100535,0.9779166666659762,
24734,1.25681,51.860833340336455,-8.210416666667186,
24735,0.209033,51.87291666843561,-9.583750000000464,Cleady River
24736,2.12241,51.87958333593156,-8.393333333333828,Glen River
24737,0.208738,51.897916668437176,-8.322083333333865,Lee
24738,9.45089,51.902083335987015,-8.399166666667156,
24739,0.24154,51.90458333599315,-7.906666666667093,Womanagh River
24740,0.959777,51.9054166684378,-8.397083333333853,
24741,0.297144,51.9420833351067,1.267916666665997,
24742,0.88098,51.94958333510732,1.0645833333326775,
24743,56.1901,51.96041666844138,4.1520833333324845,Calandkanaal
24744,0.143218,51.96875000177516,4.146249999998986,Calandkanaal
24745,1.68911,51.98208333510945,-7.857916666667165,Licky River
24746,0.344357,51.99000000703603,1.3929166666660535,
24747,1.19763,52.01625000177819,4.150416666665933,Gantel
24748,0.104258,52.02208333511203,-4.83458333333391,Afon Gwaun
24749,0.305258,52.034583336305104,1.154166666665958,River Gipping
24750,1.7078,52.036250001779706,1.1570833333325368,River Gipping
24751,0.179029,52.04208333511343,1.460416666665992,River Ore
24752,0.26072,52.08375000178273,-7.633750000000475,Colligan
24753,1.0415,52.087500007060726,-4.679583333333994,River Teifi
24754,0.130821,52.08875000178307,-7.615416666667102,
24755,1.34107,52.12958333511898,-9.787083333333726,Groyne River
24756,0.116007,52.13625000178604,-10.274583333333569,Milltown River
24757,0.187592,52.14958333512021,-7.090416666667068,Glendudda
24758,0.580577,52.15625000178744,-9.765416666667136,Groyne River
24759,34.8988,52.21208333512442,4.400416666665706,
24760,0.162489,52.216250002616505,-6.700833333333833,Muck
24761,0.209586,52.24458333512655,-4.263750000000641,
24762,2.39936,52.25875000347622,-9.746666666667068,Big River
24763,0.222284,52.258750001794056,-6.762083333333919,Corock
24764,3.84227,52.265416668461285,-7.028750000000571,King's Channel
24765,3.02657,52.29291666846291,-7.01458333333386,King's Channel
24766,0.209417,52.31875000179815,1.675416666666024,River Wang
24767,16.1112,52.32875000179865,5.142916666665656,
24768,0.746594,52.3362500017991,-6.456250000000466,
24769,13.6805,52.33791666846599,5.06958333333256,
24770,1.54273,52.35291666846683,-6.502916666667261,Carrig River
24771,1.18872,52.36041666846745,4.517916666665883,Oosterkanaal
24772,0.326774,52.361250001800784,4.966249999999207,Reguliersgracht
24773,0.126506,52.37791666846874,-6.463750000000573,Carrig River
24774,31.2064,52.37750000589904,4.970833326232196,
24775,0.166116,52.39875000376992,-4.087500000000546,
24776,0.412002,52.4104166684707,-4.088750000000573,River Rheidol
24777,2.88755,52.42291666847166,5.230416666665747,Hoge Vaart
24778,0.158717,52.43458333513905,-4.08125000000058,River Rheidol
24779,8.06377,52.46541666847429,4.628749999999172,Noordzeekanaal
24780,1.15106,52.47125000180819,1.74958333333268,Landspring Drain
24781,1.0653,52.48375000393986,-9.686666666667008,
24782,3.56177,52.5062500018106,5.425416666665626,Buizerdtocht
24783,0.258627,52.559583335147465,-3.951250000000641,Afon Einion
24784,6.27141,52.57125000181486,1.7354166666659123,River Bure
24785,0.116812,52.60708333750876,-4.123333333333903,
24786,23.6591,52.61458333515105,5.649583333332487,
24787,0.547471,52.62541666848495,-8.99208333333371,
24788,0.169381,52.63708333515251,5.032083333332196,Enigenburggracht
24789,2.07741,52.65458333515363,5.609583333332182,Zuidermeertocht
24790,0.777838,52.65958333515397,-8.802916666667045,Shannon
24791,4.74305,52.67375000182148,-8.728750000000502,
24792,0.20089,52.689583335155874,-8.813750000000425,Shannon
24793,0.12885,52.6962500018231,-8.887916666667024,
24794,0.163905,52.698750001823385,-8.879583333333812,
24795,0.121747,52.69958333515672,-8.88208333333381,Shannon
24796,0.122721,52.71125000182417,-6.16958333333389,Inch
24797,1.27915,52.71625000437268,5.288333333332389,Kapelsloot
24798,0.158223,52.73875000182596,-3.987916666667104,Ceunant Egryn
24799,0.877345,52.77208333516165,5.114583333332462,
24800,1.72823,52.77791666849532,-8.947916666667084,Rine River
24801,9.61622,52.78291666849549,0.37458333333268,
24802,0.838268,52.80041666849661,-6.142083333333858,Avoca
24803,0.131241,52.80875000183056,-4.548750000000666,Afon Soch
24804,3.86342,52.8279166684988,0.2170833333327664,
24805,1.31463,52.83541666849919,5.703749999999161,
24806,1.32184,52.846250001833255,5.679583333332403,
24807,0.148617,52.87791666850205,-4.434583333333933,Afon Rhyd-hir
24808,1.51138,52.89208333516973,4.907083333332309,Slootvaart
24809,0.242184,52.91208333517108,-4.282083333334015,River Dwyfor
24810,1.01479,52.91625000183791,4.805416666665849,Balgzandkanaal
24811,0.141207,52.9179166685048,0.4754166666659785,Heacham River
24812,0.646903,52.92250000727819,5.038749999998913,
24813,1.22921,52.9237500018383,0.0695833333326731,River Welland
24814,0.217267,52.92541666850519,-4.055416666667213,Afon Mur-gwenyn
24815,0.111514,52.92708333517192,-4.105416666667338,
24816,2.31395,52.93083334061373,0.0762499999993906,
24817,0.170604,52.94416667226818,-9.364999991525847,
24818,0.202056,52.96458333517461,0.9445833333326163,River Stiffkey
24819,0.238949,52.993750001843125,-6.047916666667277,Vartry
24820,0.282646,53.0037500018438,-6.049583333333885,
24821,0.188262,53.05125000491313,-4.340000000000487,Afon Llyfni
24822,0.155485,53.09625000185008,-6.037916666667286,
24823,0.136912,53.13791666851972,-6.05541666666727,Three Trout Stream
24824,0.945722,53.13958333518645,-4.278750000000684,
24825,0.304959,53.14208333837564,-8.93166666666707,
24826,0.183804,53.1483333406718,-4.337083333333908,
24827,4.04375,53.17833333887489,5.415000008884306,Harnzer Feart
24828,0.374683,53.18625000185625,-4.381250000000591,River Cefni
24829,0.338297,53.21125000185816,-8.913750000000448,Ballynamangh River
24830,1.6723,53.2104166822715,-6.10291666666717,
24831,0.231025,53.222083335192224,-8.902916666667124,Ballynamangh River
24832,0.197826,53.2291666722009,-4.081666657707501,Afon Cegin
24833,0.201125,53.233750005165405,-4.112500000000637,Afon Cegin
24834,0.564976,53.23541666852634,-4.119583333333765,Afon Cegin
24835,4.92751,53.23791666852662,-3.0845833333340806,
24836,3.44779,53.24458333519351,7.211249999999097,
24837,2.73288,53.24708333519391,-6.112083333333828,Loughlinstown River
24838,0.238386,53.24958333519402,-9.117083333333769,Loughich River
24839,0.179287,53.25958333519469,-3.142916666667304,Nant -y-Fflint
24840,3.22523,53.26541666852842,-9.050416666667104,
24841,0.262862,53.26791666852864,-9.0437500000005,
24842,0.21443,53.27041666852875,-8.935416666667095,
24843,1.58109,53.27041667376688,5.548749999998961,Tsjummearumer Feart
24844,0.399129,53.27208333519548,-3.807916666667325,Nant Bryn-y-maen
24845,0.209717,53.279583335196094,-3.0870833333339647,Lead Brook
24846,0.102255,53.28208333519632,-3.810416666667322,
24847,0.64915,53.29208333519699,-2.855416666667338,
24848,0.138653,53.29291666853021,-3.697916666667254,Nant Llewelyn
24849,0.250216,53.29541666853044,-3.582916666667132,
24850,0.100327,53.30041666853083,-4.55958333333399,Afon Alaw
24851,0.254086,53.30125000186433,-6.172083333333774,Dodder
24852,1.5538,53.30208333519772,7.030416666665815,Knockster Tief
24853,0.285283,53.30500000738039,-6.1837500000006,
24854,0.125635,53.30625000186467,-3.545416666667336,Afon Gele
24855,0.99575,53.30625000186467,-2.921250000000555,River Gowy
24856,0.372579,53.30708333519806,-6.1879166666671495,Dodder
24857,5.96733,53.3120833351984,-2.745416666667438,River Weaver
24858,1.76379,53.31500000738305,-3.5079166666672563,
24859,0.255327,53.31791666853212,-3.7595833333339215,
24860,0.400546,53.31958333519884,-3.842916666667236,Afon Gyffin
24861,6.39243,53.321250001865565,7.294583333332355,Ems
24862,1.99582,53.32375000186579,6.944583333332275,
24863,39.1554,53.33041666853285,-2.763750000000641,Ditton Brook
24864,19.0782,53.33458333519968,8.4945833333324,Schweiburg
24865,0.404391,53.33541666853341,-3.4362500000004843,
24866,1.39992,53.33541666853341,7.194583333332218,
24867,0.417682,53.33708333519991,7.029583333332255,Knockster Tief
24868,22.9964,53.344583335200525,-6.196250000000532,
24869,0.213851,53.34875000186753,-2.906250000000682,Old Dock
24870,0.179927,53.35291666853448,6.897083333332489,Verbindingskanaal Damsterdiep-Oude Eemskanaal
24871,1.47377,53.35625000186815,-2.9754166666673427,
24872,7.00993,53.36125000186848,-6.226250000000562,Dodder
24873,0.338688,53.36541666853543,-2.9395833333338715,Old Dock
24874,0.269486,53.378750001869605,-6.158750000000623,
24875,2.60312,53.38666667406932,-6.138750000000584,Santry River
24876,0.421958,53.40041666853767,-2.9937500000006594,
24877,0.232528,53.402083335204566,8.209583333332375,Südender Leke
24878,0.830345,53.40291666853796,-3.023750000000689,River Fender
24879,0.681498,53.41125000187191,-6.13541666666714,Mayne
24880,0.317378,53.41208333520507,-3.137083333334033,
24881,0.746786,53.41375000187196,-3.132083333333867,The Birket
24882,7.87016,53.41458333520552,6.183749999999122,Aansluiting naar Esonpark
24883,0.246319,53.41625000187207,-6.136250000000587,Mayne
24884,0.285553,53.41708333520563,-4.332083333333799,
24885,0.30325,53.418750001872354,8.503749999998831,Schweiburg
24886,1.9994,53.42041666853925,-3.105416666667395,The Birket
24887,0.151044,53.42041666853925,-3.003750000000707,
24888,0.216491,53.43125000187325,8.484583333332068,Lune
24889,0.260664,53.45291666854138,8.137916666665433,Ellenserdammer Tief
24890,1.91888,53.45375000542907,-6.138333333333833,
24891,0.681829,53.454583338763314,-3.0150000000007253,
24892,0.495021,53.47791666854312,-3.0420833333340056,
24893,0.204343,53.48375000187696,-10.039583333333669,Owenglin River
24894,0.214074,53.5029166685448,-6.147916666667129,Ballyboughal River
24895,0.347621,53.51125000187875,0.0337499999992019,Tetney Drain
24896,2.67024,53.5140344329165,8.148863109433137,
24897,4.79333,53.52708333521315,-3.06958333333381,
24898,0.126616,53.52875000187987,8.575416666665603,Geeste
24899,1.03161,53.53041666854676,9.822083333332046,
24900,1.51331,53.53708333521388,8.577083333332325,
24901,1.18204,53.53791666854738,9.7829166666657,Elbe
24902,41.6581,53.544583338858274,9.865833333332091,Elbe
24903,0.33713,53.54708333521455,-0.0095833333342056,Buck Beck
24904,0.575819,53.54708333521455,9.866249999998956,
24905,7.11223,53.55541667220263,14.6024999999986,Odra Wschodnia
24906,0.272563,53.55625000188189,14.596249999998577,Odra Wschodnia
24907,0.835778,53.5712500018829,9.694583333332275,Elbe
24908,0.75263,53.57791666855013,9.618749999998728,Elbe
24909,0.390536,53.58333334078941,-0.0987500000006207,River Freshney
24910,0.894742,53.59250000745851,-0.1170833333341647,River Freshney
24911,0.146011,53.60708333521882,8.522083333332262,
24912,0.461083,53.61208333521921,-6.180416666667156,
24913,0.220691,53.62041666855299,-0.1645833333340078,
24914,1.4575,53.631250001887,9.524583333332316,Elbe
24915,0.13872,53.63375000188745,-6.21291666666707,Bracken River
24916,0.250929,53.63708333522089,7.181249999999011,
24917,0.163006,53.64041667228469,8.084999999998786,Crildumer Tief
24918,0.234792,53.64708333895743,-3.0225000000007185,
24919,26.8421,53.66958333522325,-0.689583333334042,
24920,4.69002,53.6737500018902,9.548749999998904,Elbe
24921,0.310531,53.67708333522381,-6.237083333333828,Nanny
24922,0.269485,53.67791666855703,-0.5304166666674064,New River Ancholme
24923,0.285031,53.69875000567026,-2.956666666667332,
24924,0.113848,53.70166667415526,-0.3829166666674837,
24925,21.228,53.70541667234284,-0.722500000000764,Market Weighton Lock
24926,0.325728,53.709583335226,7.809583333332398,
24927,2.48744,53.714583335226166,9.52041666666571,
24928,0.134585,53.71625000189306,7.944583333332446,Heckhauser Leide
24929,0.320617,53.72291666856029,-0.669583333334117,River Ouse
24930,0.287273,53.72291666856029,-0.4037500000007412,Fleet Drain
24931,4.08087,53.72446979785673,-6.248431803913775,Boyne
24932,0.535901,53.72541666856034,-0.2362500000007799,
24933,11.5963,53.72875000569627,-2.935833333333904,River Douglas
24934,0.304147,53.73375000189435,-2.947083333334035,River Ribble
24935,7.17964,53.73916667223682,-0.3299999905885897,River Hull
24936,1.97615,53.742916668561634,-0.2870833333341807,River Hull
24937,0.884392,53.747916672378665,14.07333333333196,
24938,0.244061,53.7579166685627,14.032083333332023,Zarow
24939,0.456649,53.80375000189935,-9.56875000000042,
24940,1.18743,53.80708333523279,-3.0562500000006025,
24941,1.07632,53.82291666856713,9.032916666665471,Elbe
24942,2.69328,53.82458333523408,9.40041666666542,Elbe
24943,0.578513,53.829166674190446,8.89541666666554,
24944,0.215435,53.8387500019017,8.770416666665653,Elbe
24945,1.07594,53.85708333523638,13.810416666665276,
24946,0.741829,53.86208333523672,-2.976250000000676,
24947,0.290939,53.86291666857011,-2.966250000000514,
24948,1.49099,53.87541666857084,-3.0462500000007253,River Wyre
24949,0.884394,53.88208333523812,-6.3412500000004,Glyde
24950,0.118516,53.88458333523835,-3.046250000000612,
24951,0.771621,53.88875000190535,9.13541666666572,Elbe
24952,0.781228,53.90125000190631,11.452083333331984,Mühlenbach
24953,0.243543,53.91041666857342,-0.1587500000007935,Stream Dike
24954,0.180444,53.91708333524048,11.459583333332262,
24955,0.321227,53.95250000755806,-6.377916666667147,Fane
24956,7.53445,53.958750001910346,10.88458333333216,Stepenitz
24957,0.12825,53.974583335244745,14.780416666665133,
24958,0.104759,53.99708333524637,11.196249999998884,Klützer Bach
24959,1.30867,54.0095833352471,-6.367083333333767,Castletown
24960,1.91457,54.01041666858066,-2.833750000000748,River Conder
24961,0.130765,54.04791666858336,10.7504166666655,Heidebek
24962,0.22845,54.07125000191832,11.61208333333218,Hellbach
24963,1.13709,54.07875000191876,-0.1979166666674245,Gypsey Race
24964,0.401806,54.080416668585656,8.966249999998922,Miele
24965,1.07696,54.09291666858661,13.4554166666652,Ryck
24966,2.29142,54.095416668586495,12.117916666665224,Warnow
24967,0.438509,54.096250001920055,10.812916666665616,
24968,0.288599,54.10291666858728,-6.26875000000058,Rostrevor River
24969,0.947368,54.1054166685874,-3.1979166666671404,Sarah Beck
24970,0.2671,54.10625000192073,-3.2104166666672995,
24971,0.293676,54.10875000192101,-3.2045833333339715,
24972,0.130766,54.108333340934905,-3.126250000000596,Sarah Beck
24973,0.39774,54.12625000192213,12.087916666665308,
24974,0.123256,54.12791666858902,-2.7937500000006708,Lancaster Canal
24975,2.14534,54.14583333907706,-9.13916667603769,Brusna
24976,0.610705,54.14708333929963,15.28666666666544,
24977,0.309046,54.14875000192376,11.877916666665612,
24978,0.162846,54.16625000192505,8.819583333332162,
24979,0.115357,54.170416668592,12.142916666665371,Windelbrinksbach
24980,0.123257,54.177916668592616,-2.998750000000655,River Eea
24981,1.34294,54.178750001926005,-3.0620833333340443,
24982,1.56358,54.18541666859306,15.552916666665396,Kanał Drzewny
24983,0.545885,54.21958333526226,-8.51791666666719,
24984,1.71222,54.21958333526226,19.369583333331946,
24985,0.57462,54.22791666859604,-2.7887500000005048,
24986,0.659432,54.233750001929934,-3.049583333333885,River Leven
24987,0.220379,54.23458333526332,-3.05208333333394,River Leven
24988,2.10434,54.24375000193061,-2.799583333333942,River Kent
24989,0.650585,54.24875000193077,-5.827916666667079,Blackstaff River
24990,0.277246,54.251250001931226,12.45708333333215,
24991,0.318796,54.276250001932965,19.260416666665208,Szkarpawa
24992,1.54624,54.28541666860048,-8.492916666667156,Garavogue
25157,0.12351,55.66458333883577,13.062499999998636,Sege å
25158,0.805452,55.676250002037705,13.058749999998897,
25159,0.13678,55.68125000203804,-4.860416666667277,Kilbride Burn
25160,0.113898,55.68125000203804,12.597916666665526,Den Landskabelige Kanal
25161,1.98914,55.70291666870651,21.12458333333177,Danė
25162,0.143492,55.70375000203984,12.598749999998743,Gentofte Rende
25163,0.190687,55.70791667212114,9.556666666665649,
25164,0.418755,55.72208333537469,12.5829166666652,Søborghusrenden
25165,0.685699,55.72875000204192,12.99541666666522,
25243,0.256597,56.75458333701761,-2.425833333334026,River North Esk
25244,0.152553,56.83208333546338,-5.102083333333894,River Lochy
25245,0.144685,56.84208333546405,12.577916666665203,
25246,0.711908,56.89041666880149,12.49041666666551,
25247,0.17369,56.89041666880149,21.17374999999845,Saka
25248,1.4972,56.96791666880796,23.852083333331507,Lielupe
25249,0.195828,57.02625000214607,23.49708333333166,Slocene
25250,0.215286,57.03875000214703,24.06124999999838,
25251,3.84063,57.03875000214703,24.07208333333153,
25252,0.146887,57.04958333548126,9.929583333332062,
25253,0.216961,57.1304166688214,16.50374999999849,Emån
25254,0.238883,57.13208333548829,12.232916666665515,
25255,0.489393,57.14458333548902,-2.0712500000007594,
25256,0.46405,57.15708333549014,24.267916666664973,Gauja
25257,0.236229,57.17458333549183,-2.0770833333340306,
25258,1.32085,57.225416668829496,12.211249999998811,Viskan
25259,0.356303,57.26791666883287,16.47791666666518,Döderhultsbäcken
25260,0.917262,57.40375000217779,21.546249999998395,
25261,0.292795,57.45625000218223,12.07291666666532,
25262,0.734134,57.46291666884946,12.067916666665326,Hovmanneån
25263,0.276905,57.491250002185325,-4.248750000000541,River Ness
25264,1.87394,57.49291666885205,-4.236250000000609,River Ness
25265,0.125423,57.49541666885233,-4.420416666667336,River Beauly
25266,0.219129,57.56541666885818,11.923749999998677,
25267,0.26059,57.58375000219303,-4.417083333333892,River Conon
25268,0.371978,57.58708333552681,-4.417083333334006,River Conon
25269,0.141562,57.59208333552715,-3.8579166666673927,
25270,4.31489,57.6266666753487,11.91041666666547,
25271,0.114776,57.63541666886425,-3.615416666667329,Mosset Burn
25272,0.355452,57.65625000219933,11.84874999999886,River Göta
25273,0.149083,57.66541666886684,-2.515416666667249,River Deveron
25274,0.410201,57.67666667603942,-3.097500002300478,River Spey
25275,0.158496,57.67958333553486,-4.2612500000007,
25276,8.73356,57.687083335535306,11.869583333332171,
25277,0.621848,57.719583335538175,-3.277916666667352,
25278,0.133015,57.72625000100141,16.682499999998583,
25279,0.174102,57.75541666887443,24.35041666666507,Krišupe
25280,0.115603,57.87625000221834,-4.014583333333917,
25281,0.12313,57.8900000093825,-4.347500002561105,
25282,0.109745,57.91875000222228,16.592083333331914,Loftaån
25283,0.195863,58.20666667554724,-6.3904166666672495,Bayhead River
25284,0.122427,58.23208333558307,-6.345416666667177,Bayhead River
25285,1.2649,58.37958333559613,24.4787499999984,
25286,0.190552,58.43291666893441,16.668749999998454,
25287,0.216355,58.44208333560192,-3.0804166666674178,Wick River
25288,0.570065,58.599583335616046,-3.5137500000005844,River Thurso
25289,2.77998,58.617916665504026,16.25083333333197,Vilhelmsbergsbäcken
25290,0.107467,58.77375000229858,23.742083333331607,
25291,0.116188,59.40291666902402,27.754583333331595,Sõtke jõgi
25292,0.195976,59.40458332483468,24.278749999998126,Keila jõgi
25293,0.133553,59.41583334264908,27.58708333333152,Pühajõgi
25294,0.273913,59.43291666902712,24.67374999999828,Harku oja
25295,0.37773,59.43375000236029,24.35124999999823,
25296,0.160683,59.43458333569368,26.994583333331377,
25297,1.82225,59.44458333569452,24.68374999999827,
25298,0.228455,59.44541666902808,24.57124999999826,Harku oja
25299,0.96983,59.44708333090449,24.77583333333149,Hundikuristiku oja
25300,0.642401,59.469583335697166,24.827083333331583,
25301,4.58415,59.4704166690305,28.044583333331275,
25302,0.173879,59.47875000236462,25.15124999999836,Jõelähtme jõgi
25303,0.315867,59.487083330862106,24.972499999998263,Kroodi oja
25304,0.152529,59.54875000237144,26.403749999998183,
25305,0.100734,59.58708333570832,25.70541666666492,
25306,2.00554,59.65625000238174,28.2704166666648,
25307,0.271665,59.80375000239604,28.916249999997888,Систа
25308,0.130439,-54.88208333528087,-67.43624999999673,Segunda Ensenada
25309,2.33848,-54.83625000194405,-68.34958333333003,
25310,6.93742,-54.8154166686092,-68.31791666666356,
25311,3.25031,-54.79958333527475,-68.22874999999675,Río Olivia
25312,1.2311,-54.79541666860774,-68.26208333333022,
25313,0.220726,-54.116250001891615,-67.15624999999676,Río Ewan Sur
25314,0.20925,-53.93541666854537,-67.52041666666355,Río Fuego
25315,0.259072,-53.82375000187062,-67.77541666666338,Río Grande
25316,0.231472,-53.70375000186232,-67.82791666666355,
25317,1.71472,-53.66875000185979,-67.88291666666339,
25318,3.21874,-53.165000007796095,-70.90333333584857,Río de los Ciervos
25319,1.40076,-53.14958333515728,-70.88458333333006,Estero Llau Llau
25320,0.228749,-53.108750001821136,-70.87874999999661,Estero Llau Llau
25321,0.102202,-53.019583335148354,-70.82458333333011,
25322,0.967814,-52.88708333513938,-68.36124999999674,Río Cullen
25323,0.259941,-51.82541666840268,-68.81874999999684,Chorrillo de los Frailes
25324,4.72137,-51.61250000638364,-69.21666666169676,
25325,0.132541,-51.607916668388725,-69.53624999999681,
25326,7.34656,-51.60041666838816,-69.2679166666635,Gallegos River
25327,0.113129,-51.086250001689166,-69.42208333333019,Río Coyle
25328,0.342405,-49.97125000162134,-68.61624999999685,Santa Cruz River
25329,0.517043,-49.28166667291492,-67.69041666666351,
25330,0.158419,-47.79208333483081,-73.5704166666631,
25331,0.446724,-46.5200000056559,-67.45791666666344,Cordón Cañadón Seco
25332,7.47228,-45.91125000139874,-67.53374999999687,
25333,3.22179,-45.81958333472761,-67.45458333333005,Arroyo Belgrano
25334,2.02507,-45.79125000139277,-67.40458333333027,Canal evacuador
25335,7.23161,-45.40958333470695,-72.77208333332993,Río Aysén
25336,0.30408,-44.73125000134036,-72.6820833333299,Río Cisnes
25337,0.122766,-44.38375000132368,-72.6037499999967,
25338,0.474368,-43.78208333462834,-72.97208333332992,Palena River
25339,17.467,-43.3245833346071,-65.0479166666637,
25340,0.178295,-43.14291666793201,-74.32124999999661,Río de la Zorra
25341,0.442641,-43.12041666164225,-73.60666666666327,
25342,0.288741,-43.118749997828616,-73.63249999999658,
25343,0.118202,-43.09374999779794,-73.72666666666316,
25344,0.106026,-42.96625000125744,-74.20208333332982,Río Medina
25345,2.41142,-42.95541666792349,-72.75374999999644,Río Negro
25346,0.180961,-42.94125000125615,-73.61541666666318,Río Chadmo
25347,0.416725,-42.92541666792221,-72.71791666666331,
25348,0.189891,-42.87458333458648,-73.58208333332993,
25349,0.822019,-42.63541666398203,-74.11583333332987,
25350,0.301914,-42.600416667907325,-73.67958333332984,
25351,0.404319,-42.49833333822761,-73.77208333332999,Río Gamboa
25352,1.04608,-42.483750001235535,-73.77041666666321,Río Gamboa
25353,0.645313,-42.46958333456814,-73.7629166666631,Río Gamboa
25354,0.172363,-42.4691666715558,-73.48708333332985,
25355,0.324041,-42.44041666790025,-73.6037499999967,
25356,0.336003,-42.43124999714729,-73.75083333332992,Ten Ten
25357,0.18967,-42.246666670204775,-73.36499999485687,Río Colo
25358,0.21597,-42.07333333815308,-72.4587499999966,
25359,1.07969,-42.04875000121604,-74.01874999999649,Río Puntra
25360,0.189376,-41.97125000121258,-72.47708333332992,
25361,0.192462,-41.96541666787908,-72.46124999999665,
25362,0.18584,-41.88041666787535,-73.84124999999659,
25363,1.44637,-41.87375000120829,-73.82791666666321,Río La Máquina
25364,3.69146,-41.86875000120813,-73.80124999999657,Río La Máquina
25365,2.35861,-41.867083334541405,-73.83041666666321,Río La Máquina
25366,0.23115,-41.850416667874015,-73.73708333333002,
25367,0.442489,-41.79500000477145,-72.7237499999967,Río Contao
25368,0.304846,-41.75375000120306,-73.13958333332988,
25369,3.76258,-41.65000000474646,-72.31958333333,
25370,0.245591,-41.62041666786388,-73.51124999999661,
25371,0.312672,-41.61041666786355,-65.02708333333032,Arroyo Salado
25372,0.165098,-41.58208333452899,-73.49624999999668,Río Maullín
25373,0.362943,-41.57000000473272,-73.50041666666311,
25374,0.282037,-41.56541666786154,-73.67708333332996,Río Maullín
25375,0.127028,-41.56041666786126,-73.63958333332994,
25376,0.180307,-41.55333333806317,-73.51041666666333,Río Maullín
25377,0.621239,-41.50875000119237,-72.99458333332996,Estero Las Camelias
25378,10.6859,-41.50291666785881,-73.41208333332997,Río Maullín
25379,0.156194,-41.50125000119209,-73.67958333332984,Río Surgidero
25380,0.207895,-41.49875000119192,-73.70041666666327,
25381,0.292794,-41.49875000119192,-72.84041666666315,Río Chamiza
25382,0.141708,-41.49000000379528,-72.86208332785924,Río Chamiza
25383,0.549729,-41.4875893374105,-72.90130188939713,
25384,2.2955,-41.48208333006454,-72.9516666666633,Estero Pelluco
25385,2.4374,-41.47541666785765,-72.91958333333002,Estero Avellano
25386,2.93962,-41.47291666112108,-72.9370833333299,
25387,0.39746,-41.38375000118685,-72.30874999999656,
25388,1.16912,-41.284583334516014,-73.84291666666331,Río Guaguar
25389,7.45537,-40.99291666783677,-62.80374999999714,
25390,0.19652,-40.558750001151736,-73.71458333332998,Río Contaco/Trallanaquin
25391,16.6705,-40.23791666370784,-73.69833333332986,Río Bueno
25392,0.147892,-39.95208333445965,-73.57791666666321,
25393,2.4536,-39.94500000398767,-73.31250000329254,
25394,0.395183,-39.88458333445675,-73.42791666666335,Río Valdivia
25395,0.835384,-39.868750001122805,-62.1679166666637,Río Colorado Viejo
25396,35.8967,-39.86458333445592,-73.35124999999664,Río Valdivia
25397,0.451918,-39.44541666437226,-73.21916666666328,Río Lingue
25398,0.572946,-39.39125000110306,-73.21791666666326,
25399,7.03078,-39.24375000109728,-73.22041666666325,Río Toltén
25400,0.336064,-39.12291666775894,-62.30958333333035,
25401,0.259601,-39.02458333442172,-73.30458333332996,
25402,1.31795,-38.99875000108728,-61.17208333333042,Río Sauce Grande
25403,0.1309,-38.98041666775322,-60.878749999997126,
25404,0.134881,-38.96125000108577,-60.76374999999712,
25405,0.117284,-38.93625000108483,-60.5695833333304,Río Quequén Salado
25406,0.626685,-38.91875000108399,-62.063749999997015,Canal Principal
25407,2.16788,-38.91791666500205,-60.521666666663805,Río Quequén Salado
25408,1.58602,-38.89041666774955,-60.282083333330434,
25409,1.58602,-38.89041666774955,-60.2787499999971,
25410,0.704987,-38.88625000108272,-60.25458333333052,
25411,0.245961,-38.87458333441566,-60.16708333333054,
25412,4.66141,-38.86125000108183,-60.082083333330445,Arroyo Claromecó
25413,0.799975,-38.84791666774794,-59.94541666666379,
25414,0.747771,-38.84541666774777,-62.1254166666638,
25415,0.375288,-38.83625000108072,-59.8562499999972,
25416,0.54393,-38.82625000108038,-73.39624999999643,Río Imperial
25417,0.302721,-38.81708333441316,-59.7595833333304,
25418,0.212575,-38.80208333441266,-59.711249999996994,
25419,0.234548,-38.78708333441216,-59.63458333333045,Arroyo Cristiano Muerto
25420,0.320526,-38.77208333441149,-59.537083333330486,Arroyo Las Cortaderas
25421,17.8667,-38.74791666523561,-73.40999999999656,Río Imperial
25422,0.727186,-38.74791666774394,-62.40291666666383,Río Sauce Chico
25423,0.5654,-38.73958333441021,-59.3470833333306,Arroyo de Zabala
25424,55.6177,-38.73458333440999,-62.31541666666368,Arroyo Maldonado
25425,0.367746,-38.73124999859255,-73.42916666666315,Río Imperial
25426,3.45817,-38.72166667093171,-62.3729166666638,Arroyo Saladillo de García
25427,5.35655,-38.7212500010761,-62.344583333330434,Arroyo Maldonado
25428,0.697117,-38.68250000331346,-59.03666667055768,
25429,0.602842,-38.66083333758888,-58.96291666666389,
25430,0.414925,-38.62041666773882,-58.82624999999717,Canal Tupungato
25431,39.6034,-38.57791666773704,-58.70208333333056,Quequén Grande River
25432,0.173216,-38.56041666773626,-58.615416666663975,
25433,0.223616,-38.51125000106788,-58.43041666666397,Arroyo El Moro
25434,0.207434,-38.467916667732766,-58.29041666666393,Arroyo Malacara
25435,0.68918,-38.44708333439854,-58.243749999997306,Arroyo del Pescado
25436,0.223499,-38.41541666773065,-58.15124999999728,Arroyo Chocorí
25437,0.131025,-38.39291666772976,-58.09208333333049,Arroyo Chocorí
25438,0.66989,-38.37583333754424,-58.04874999999731,Arroyo Chocorí
25439,0.330578,-38.36041666772849,-58.01541666666395,Arroyo La Tigra
25440,1.85852,-38.34791666669247,-57.99124999999725,Arroyo La Tigra
25441,0.452738,-38.341250001060985,-73.49874999999668,Río Tirúa
25442,0.219249,-38.34083333753881,-57.97624999999732,Arroyo La Tigra
25443,0.410693,-38.32625000106043,-57.94458333333057,Arroyo La Tigra
25444,0.134385,-38.31458333439343,-57.912083333330656,Arroyo La Totora
25445,10.7645,-38.284583334392096,-57.835416666664,Arroyo El Durazno
25446,6.29374,-38.26458333439126,-57.81791666666385,Arroyo El Durazno
25447,0.181642,-38.24750000419101,-73.48874999999668,Río Quidico
25448,3.07652,-38.2445833343906,-57.77624999999722,Arroyo Las Brusquitas
25449,0.881021,-38.23125000105665,-57.74124999999725,Arroyo Chapadmalal
25450,6.42665,-38.21041666772254,-57.69791666666396,Arroyo Chapadmalal
25451,3.9982,-38.20666667085129,-57.69124999999735,Arroyo Chapadmalal
25452,0.551844,-38.18375000105488,-57.654583333330606,Arroyo Seco
25453,1.25429,-38.167083334387485,-57.63374999999729,Arroyo Seco
25454,0.445331,-38.12458333438582,-73.44458333332989,Río Lleulleu
25455,12.6644,-38.09916667083456,-57.552083333330415,Arroyo Corrientes
25456,11.5585,-38.05708333438321,-57.53624999999727,Arroyo Corrientes
25457,0.11634,-38.03208333438221,-73.46208333332993,Río Lleulleu
25458,217.509,-37.97750000268559,-57.5425000046256,Arroyo La Tapera
25459,23.5842,-37.96124999983488,-57.539166666663846,Arroyo de La Tapera
25460,3.12886,-37.96041666771271,-73.49374999999668,Río Paicaví
25461,19.3938,-37.9491666693267,-57.53416667132183,Arroyo de La Tapera
25462,4.37509,-37.93625000104515,-57.5312499999971,Arroyo de La Tapera
25463,0.484127,-37.88208333437632,-57.51708333333068,Arroyo Santa Elena
25464,0.522696,-37.870416667709264,-73.53958333333003,Estero Pangue
25465,0.610621,-37.86958333437593,-57.51374999999723,Arroyo Santa Elena
25466,2.32486,-37.8554166677086,-57.50791666666396,
25467,0.160425,-37.82500000412574,-73.5687499999965,Estero Pangue
25468,1.97617,-37.81458333437365,-57.48041666666387,Arroyo Los Cueros
25469,0.405261,-37.80041666770654,-57.46874999999716,Arroyo Los Cueros
25470,7.04526,-37.74041666691005,-57.42083333333056,Arroyo Vivoratá
25471,3.728,-37.59875000103199,-73.65708333332981,Río Lebu
25472,0.218853,-37.44125000102588,-73.59374999999653,
25473,0.281108,-37.2383333373698,-73.43541666666329,Río Tubul
25474,1.24105,-37.23291666768449,-73.29791666666324,
25475,1.50527,-37.23291666768449,-73.2954166666633,Río Carampangue
25476,0.22855,-37.208750001017,-73.51958333332988,Río Tubul
25477,0.753079,-37.168750001015326,-73.19124999999667,Río Laraquete
25478,0.314938,-37.14291666768122,-73.17124999999669,Río Laraquete
25479,1.04003,-37.110416667679885,-73.1512499999966,Estero Chivilingo
25480,0.766875,-37.09708333434611,-73.1604166666632,Estero Chivilingo
25481,0.20518,-37.06958333434511,-73.1462499999966,Estero Manco
25482,1.31655,-37.03791666767711,-73.14541666666332,Estero Manco
25483,3.49816,-36.99541666767556,-73.18708333332995,Estero Maule
25484,1.27464,-36.98375000100839,-73.18041666666323,Estero Lagunillas
25485,0.227525,-36.94041666843327,-73.16083333332989,Estero Lagunillas
25486,0.238523,-36.864583334337226,-73.1504166666632,Estero Batros
25487,39.7112,-36.80958333433523,-73.15291666666337,Río Lenga
25488,7.02994,-36.73875000099912,-73.01458333333,Río Andalién
25489,0.680157,-36.73625000099901,-72.99458333332996,Río Andalién
25490,7.64001,-36.72958333433206,-73.08624999999665,Canal Denavi Sur
25491,0.624397,-36.7095833343314,-72.97708333332992,Río Andalién
25492,0.608847,-36.63333333517875,-72.95666667210503,Estero Collen
25493,1.52271,-36.61916667061047,-72.96041666666338,Estero Collen
25494,0.258944,-36.54541666765857,-72.93291666666335,Estero Dichato
25495,0.751776,-36.522916667657626,-72.93291666666335,Estero Dichato
25496,2.89989,-36.48458333432285,-56.69208333333063,
25497,13.4019,-36.38291666765235,-72.84708333333003,
25498,0.711357,-36.3312500009838,-56.73208333333071,Ría de Ajó
25499,0.678387,-36.31791666764991,-57.02791666666394,Cañada Fernández del Rincón de Ajó
25500,2.33408,-36.30291666764941,-57.06208333333058,Cañada Fernández del Rincón de Ajó
25501,0.100274,-36.16541666764425,-72.80791666666323,Río Cobquecura
25502,0.155582,-36.13541666764314,-72.80458333333002,Río Cobquecura
25608,0.216947,-33.51791667122035,-53.07249999999749,
25732,6.20368,-27.70791666736011,-48.499583333330975,Rio Tavares
25733,0.324969,-27.702916667359943,-48.64041666666429,Rio Grande
25734,1.2563,-27.694583334026333,-48.5554166666642,Córrego do Sertão da Fazenda
25735,80.8684,-27.67875000069239,-48.63958333333085,Rio Grande
25736,2.23103,-27.663750000692005,-48.474583333331054,Rio Tavares
25737,0.881171,-27.65708333402517,-48.55874999999765,Rio Tavares
25738,39.1436,-27.64625000069157,-48.659583333330886,Rio Maruim
25739,3.9076,-27.64541666735812,-48.53958333333105,Rio Tavares
25740,112.085,-27.63958333402468,-48.65124999999762,Rio Maruim
25741,1.51971,-27.63625000069124,-48.64374999999774,Rio Maruim
25742,80.8064,-27.60208333402346,-48.60208333333094,Rio Büchler
25743,105.072,-27.573750000689245,-48.51874999999774,Rio do Meio
25744,5.33314,-27.552916667355305,-48.51041666666441,Rio do Meio
25745,68.878,-27.55208333402197,-48.617916666664144,Rio Büchler
25746,3.15115,-27.530416667354643,-48.42124999999771,Ribeirão João Gualberto
25747,11.5386,-27.52875000068792,-48.630416666664246,Rio Três Henriques
25748,118.192,-27.50625000068726,-48.63708333333085,
25749,0.647171,-27.42916666938703,-48.6212499999977,Rio da Cachoeira
25750,3.91641,-27.42666666938664,-48.39874999999768,Rio do Braz
25751,13.4498,-27.42375000068472,-48.44041666666442,Rio do Braz
25752,0.487579,-27.42291666735128,-48.60624999999766,Rio da Cachoeira
25753,0.408026,-27.33208333401518,-48.534583333330886,
25754,1.35233,-27.32208333401496,-70.93291666666335,Río Copiapó
25755,0.221426,-27.320416667348297,-48.58874999999762,Rio Inferninho
25756,1.68866,-27.316250000681407,-48.59958333333083,Rio Inferninho
25757,78.7994,-27.2562500006797,-48.616249999997535,Rio Oliveira
25758,3.9355,-27.22291666734526,-48.608749999997656,Rio Santa Luzia
25759,0.685829,-27.217916667345094,-48.60458333333099,Rio da Vovó
25760,0.816076,-27.15500000268736,-48.56291666666437,Rio da Vovó
25761,2.25453,-27.147500002686456,-48.57958333333107,Rio da Vovó
25762,20.5088,-27.144583334009496,-48.5854166666644,Rio da Vovó
25763,3.96889,-27.144166669352785,-48.50208333333092,Rio da Barra
25764,13.953,-27.095416667341453,-48.61208333333093,
25765,0.867392,-27.061250000673738,-48.5937499999975,
25766,4.68077,-27.00500000266948,-48.60291666666439,Rio Peroba
25767,137.202,-27.00375000067192,-48.616249999997535,Rio Peroba
25768,11.2902,-26.97458333400448,-48.63458333333102,
25769,9.2126,-26.95458333400381,-48.62958333333097,Rio Itajaí-Açu
25770,0.357412,-26.91750000265904,-48.64791666666429,
25771,641.768,-26.907083334002493,-48.65041666666434,Rio Itajaí-Mirim
25772,5.62699,-26.89125000066855,-48.642083333331016,Rio Itajaí-Mirim
25773,13.8827,-26.833750000666896,-48.62791666666425,Ribeirão Guaporuma
25774,19.4592,-26.77208333399836,-48.65291666666434,Rio Lagoa do Furado
25775,16.3837,-26.7695833339983,-48.6662499999976,
25776,6.18164,-26.69125000066253,-48.68458333333081,Rio da Barrinha
25777,3.76479,-26.68625000066254,-48.68708333333092,Rio da Barrinha
25778,17.9806,-26.637916667327715,-48.68208333333081,
25779,4.6172,-26.625416667327272,-48.6804166666642,
25780,211.252,-26.57791666732595,-48.6662499999976,Rio Itapocu
25781,0.238026,-26.478750000656305,-48.61541666666437,Rio Perequê
25782,5.76301,-26.46625000065586,-48.60708333333093,Rio Perequê
25783,1.21411,-26.359583333985995,-48.66374999999749,Rio das Areias
25784,0.334784,-26.357083333986,-48.70041666666435,Rio das Areias
25785,19.2398,-26.35375000065256,-48.71124999999768,Rio das Areias
25786,2.78216,-26.34791666731905,-48.72124999999767,Rio Riacho
25787,0.579534,-26.34625000065222,-70.62958333333006,Río Salado
25788,4.43041,-26.304583333984453,-48.79041666666421,Rio Comprido
25789,472.103,-26.29374999758994,-48.79749999999768,Rio Comprido
25790,0.188953,-26.29416666925181,-48.691249999997694,Ribeirão Jacutinga
25791,62.6741,-26.288749997586365,-48.79333333333096,Rio Comprido
25792,4.18004,-26.28666666925085,-48.78708333333094,Rio Comprido
25793,1.3917,-26.26874999757223,-48.65499999999764,Rio da Pedreira
25794,15.1063,-26.24958333089222,-48.7716666666642,
25795,7.66459,-26.239583333982463,-48.63541666666413,
25796,5.39742,-26.22458333398208,-48.51291666666424,Rio Acaraí
25797,2.81733,-26.213333335908946,-48.58124999999768,Rio do Sumidouro
25798,3.20534,-26.2062500006482,-48.52708333333101,Rio do Sumidouro
25799,38.986,-26.20458333398141,-48.76874999999751,Rio Iririú-Guaçu
25800,0.230826,-26.198750000647976,-48.55624999999748,
25801,0.108074,-26.18375000064748,-48.628749999997694,Rio Monte de Trigo
25802,0.717644,-26.15208333397993,-48.79374999999766,Rio Cascalho
25803,0.215501,-26.12291666731238,-48.78708333333094,
25804,17.0968,-26.115416667312047,-48.789583333330825,Rio Cascalho
25805,0.699732,-26.095416667311383,-48.60291666666427,Rio Saí-Mirim
25806,5.10128,-26.078750000644447,-48.60374999999772,Rio Saí-Mirim
25807,3.26114,-26.06041666731056,-48.61124999999765,Rio Saí-Mirim
25808,2.31379,-26.03958333397657,-48.60958333333093,
25809,1.12805,-26.034583333976457,-48.60874999999771,Rio Saí-Mirim
25810,0.710459,-26.013333334318872,-48.60500000337783,Rio Saí-Mirim
25811,5.32653,-25.9670833339743,-48.59458333333095,Rio Saí-Guaçu
25812,1.71056,-25.932083333973424,-48.5829166666644,Rio Boguaçu
25813,2.71665,-25.91708333397293,-48.57541666666435,Rio Mirim
25814,0.147468,-25.87625000063832,-48.70541666666424,Rio Cubatão
25815,0.123134,-25.87458333397172,-48.62458333333103,
25816,3.72343,-25.87458333397172,-48.59208333333095,Rio Fundo
25817,5.25924,-25.86791666398142,-48.71999999999758,Rio Cubatão
25818,4.44071,-25.84375000063733,-48.53791666666427,Rio Fundo
25819,11.8309,-25.82125000063684,-48.53124999999756,
25820,16.8979,-25.805416667303007,-48.529583333330834,Rio Indaial ou Sertão Grande
25821,3.58208,-25.76541666730185,-48.50874999999769,Rio Guaraguaçu
25822,2.6248,-25.737916667301025,-48.49374999999753,Rio Pery
25823,4.15229,-25.706250000633304,-48.47458333333094,Rio Pery
25824,1.41784,-25.650416667298373,-48.43791666666425,Rio Guaraguaçu
25825,2.59087,-25.6345833339646,-48.42708333333087,Barrancos
25826,3.50781,-25.63124999718497,-48.42416666666429,Barrancos
25827,0.733042,-25.60291666729705,-48.39374999999768,Rio Pereque
25828,1.15674,-25.596250000630164,-48.38208333333108,Rio Pereque
25829,1.18218,-25.55208333396223,-48.466249999997615,Rio Guaraguaçu
25830,0.234474,-25.532500000956706,-48.48000000330654,Rio Guaraguaçu
25831,2.05507,-25.526250000628124,-48.48708333333104,Rio Guaraguaçu
25832,0.70095,-25.5245833339614,-48.61124999999765,Rio Furado
25833,0.770867,-25.516666669160827,-48.55374999999748,Rio Embucuí
25834,39.0131,-25.51458333396107,-48.55124999999771,Rio Embucuí
25835,63.0436,-25.51458333396107,-48.49458333333098,Rio Guaraguaçu
25836,1.26854,-25.503750000627463,-48.691249999997694,Rio Nhundiaquara
25837,0.285926,-25.502916667294016,-48.69791666666436,Rio Nhundiaquara
25838,23.1186,-25.48708333396036,-48.71541666666428,Rio Nhundiaquara
25839,0.125689,-25.432083333958587,-48.66208333333088,Rio Seco
25840,0.169122,-25.40333333581429,-70.48374999999669,Quebrada El Hueso
25841,0.519488,-25.38666666914565,-48.73041666666427,Rio Cachoeira
25842,0.148056,-25.376250000623656,-48.450416666664296,Rio do Retiro
25843,0.133413,-25.33708333395589,-48.487916666664205,Rio Itaqui
25844,3.00339,-25.30125000062145,-48.32541666666441,Rio Cerquinho
25845,0.124283,-25.29541666728801,-48.1762499999976,Rio Sebuí
25846,1.29561,-25.259583333953685,-48.42874999999759,Rio Tagaçaba
25847,0.802451,-25.252916667286684,-48.424583333330816,Rio Tagaçaba
25848,1.06105,-25.2437500006198,-48.3354166666644,Rio Guaraqueçaba
25849,0.341122,-25.061250000614564,-47.96041666666429,Rio Perequê
25850,0.356068,-25.05708333394773,-48.05208333333104,Rio do Valo
25851,0.195434,-25.01708333394652,-48.02874999999767,Canal de Batuva
25852,0.67689,-24.99958333394602,-47.99708333333092,Mar do Cubatão
25853,0.336572,-24.912083333943546,-47.86791666666443,Mar de Fora
25854,0.520146,-24.688750000603704,-47.45624999999768,Rio Ribeira de Iguape
25855,0.17485,-24.649583333935823,-47.37958333333091,Rio Ribeira de Iguape
25856,0.143421,-24.64791666726927,-47.37708333333103,Rio Ribeira de Iguape
25857,89.5237,-24.6383333357262,-47.38958333333108,Rio Ribeira de Iguape
25858,0.11434,-24.61125000060156,-47.31291666666437,Rio Una do Prelado ou Comprido
25859,49.0704,-24.331250000593343,-47.00124999999775,Rio Preto
25860,7.17529,-24.30375000059269,-46.97291666666428,Rio Preto
25861,26.9386,-24.287916667258912,-46.95374999999757,Rio Preto
25862,2.56893,-24.24291666725759,-46.886249999997744,Rio Preto
25863,16.4243,-24.219583333923595,-46.849583333331,Rio do Poço
25864,37.0326,-24.201250000589653,-46.81791666666447,Rio Itanhaém
25865,8.59132,-24.188750000589323,-46.79041666666444,Rio Itanhaém
25866,11.8857,-24.152916667255,-46.72874999999766,
25867,2.19887,-24.14875000058817,-46.72124999999778,Rio Aguapeú
25868,22.2706,-24.13458333392112,-46.6954166666643,Rio Aguapeú
25869,16.0937,-24.098750000586847,-46.62708333333092,Rio Mongaguá
25870,9.02824,-24.06291666725241,-46.5520833333311,Rio Preto
25871,206.127,-23.98875000058365,-46.29291666666444,
25872,39.615,-23.98458333391688,-46.22041666666445,
25873,481.356,-23.9745833339166,-46.38791666666441,Largo da Pompeba
25874,4.91849,-23.96791666724971,-46.37541666666431,Largo da Pompeba
25875,210.566,-23.96791666724971,-46.34624999999767,Canal 1
25876,40.555,-23.936250000581992,-46.18041666666443,
25877,0.162357,-23.92041666724833,-45.34374999999778,
25878,0.157592,-23.912500002310253,-45.325416666664296,Riozinho
25879,2.22769,-23.86875000058012,-46.15708333333112,Rio Itapanhaú
25880,0.38715,-23.863750000579955,-45.43124999999776,Rio Guaéca
25881,0.530465,-23.8537500005798,-45.28791666666439,Riozinho
25882,4.36276,-23.852916667246348,-46.153749999997785,Rio Itapanhaú
25883,0.243192,-23.851250000579626,-45.28791666666439,Riozinho
25884,0.13059,-23.84666666896948,-45.28041666666451,
25885,8.08039,-23.83458333391269,-46.11958333333104,Rio Itapanhaú
25886,1.67238,-23.820416667245468,-45.4579166666644,
25887,26.0848,-23.81750000120172,-45.371666669316255,
25888,10.6839,-23.81375000057864,-46.072083333331136,
25889,0.129039,-23.801250000578307,-45.5520833333311,
25890,2.85127,-23.80041666724497,-46.0162499999978,Rio Itapanhaú
25891,17.7602,-23.80041666724497,-45.3979166666644,
25892,0.482113,-23.799583333911585,-45.363749999997765,
25893,0.160399,-23.795416667244865,-45.23541666666449,Ribeirão do Poço
25894,19.7973,-23.79374999669068,-45.55499999999779,
25895,8.96778,-23.784583333911087,-45.62708333333103,Rio Grande
25896,0.194898,-23.77958333391109,-45.96458333333112,Rio Itaguaré
25897,10.268,-23.77625000057759,-45.64874999999779,Rio Grande
25898,1.63505,-23.774583333910925,-45.69458333333103,Rio Barra do Sahy
25899,2.02659,-23.77375000057748,-45.67208333333099,Rio Barra do Sahy
25900,5.84215,-23.76916666896068,-45.722916666664446,
25901,0.741077,-23.763750000577147,-45.78624999999784,Ribeirão  Vermelho
25902,0.133282,-23.76208333391054,-45.89624999999785,Rio Guaratuba
25903,4.73966,-23.76208333391054,-45.7637499999978,Rio Cubatão
25904,0.18068,-23.75916666895972,-45.25874999999781,
25905,8.8242,-23.757083333910373,-45.862083333330986,
25906,11.7577,-23.756250000577097,-45.85458333333111,
25907,2.46979,-23.75458333391026,-45.8179166666643,Ribeirão  Vermelho
25908,36.8783,-23.69625000057528,-45.42874999999776,
25909,0.165926,-23.695416667242,-70.42208333333008,Quebrada La Negra
25910,8.0435,-23.680416667241506,-45.43124999999776,Rio Camburu
25911,49.4703,-23.660416667240952,-45.42958333333121,Rio Camburu
25912,3.76146,-23.62375000057329,-45.37708333333114,Rio Santo Antônio
25913,11.0786,-23.62250000227749,-45.4004166666644,
25914,1.15455,-23.617500008456943,-70.39208333332999,Quebrada Caracoles
25915,9.8637,-23.61624999668692,-45.35416666666447,Rio Guaxinduba
25916,12.5984,-23.58208333390536,-45.32458333333119,Rio Mocooca
25917,6.57452,-23.57125000057175,-45.28208333333112,Rio Mocooca
25918,3.80195,-23.570833334610825,-45.29666666917626,Rio Mocooca
25919,8.86836,-23.54208333390432,-45.22958333333122,Rio Maranduba
25920,4.94308,-23.53875000057087,-45.22874999999772,
25921,1.87277,-23.51958333390365,-45.192916666664416,Rio Maranduba
25922,2.12888,-23.49125000056955,-45.1654166666645,Rio Lagoinha
25923,1.39894,-23.49125000056955,-45.10458333333111,Rio Acaraú
25924,44.0155,-23.447083333901503,-45.0670833333312,Rio Barra da Lagoa
25925,82.2782,-23.432500002256177,-45.068749999997806,
25926,7.43422,-23.41708333390068,-45.05708333333121,
25927,0.142879,-23.40291666723374,-45.00458333333097,Rio Itamambuca
25928,0.154494,-23.38041666723308,-44.960416666664514,Rio Prumirim
25929,0.112431,-23.36875000056608,-44.837083333331066,Rio Picinguaba
25930,0.131279,-23.35958333389914,-44.8504166666645,Rio Picinguaba
25931,0.382247,-23.35625000056558,-44.93958333333103,Rio Prumirim
25932,0.41054,-23.33791666723181,-44.887083333331134,Rio Puruba
25933,0.126488,-23.33708333389848,-44.6745833333311,
25934,1.46086,-23.25125000056272,-44.68374999999765,Rio Matheus Nunes
25935,5.98417,-23.237916667229115,-44.637083333331134,
25936,59.8881,-23.22208333389517,-44.71208333333118,
25937,0.355198,-23.20125000056123,-44.72041666666445,Rio Matheus Nunes
25938,0.692075,-23.132916667226084,-44.69791666666441,Rio Barra Grande
25939,0.229431,-23.13125000055936,-44.17041666666432,Corrego da Enseada das Estrelas
25940,1.43022,-23.11291666722559,-44.697083333331136,
25941,2.30978,-23.07541666722443,-44.68624999999781,Rio Barra Grande
25942,0.266852,-23.0629166672241,-44.67708333333121,
25943,0.501966,-23.05791666722388,-44.67291666666449,
25944,0.16078,-23.04333333554604,-44.61708333333115,
25945,50.0977,-23.03458333388994,-43.49124999999793,Canal de Sernambetiba
25946,2.44884,-23.03291666722322,-44.16958333333105,
25947,3.87398,-23.03208333388983,-44.1629166666645,
25948,33.302,-23.02625000055633,-44.52708333333112,Mambucaba River
25949,3.29653,-23.02541666722305,-43.59791666666439,Rio Piracão
25950,524.343,-23.01458333388928,-43.29791666666449,Rio da Cachoeira
25951,2.43521,-23.01291666722273,-44.221249999997895,Rio Camorim
25952,375.609,-23.00791666722256,-43.62291666666454,
25953,10.7597,-23.00625000055584,-44.23708333333104,Rio Camorim
25954,0.211915,-23.00458333388912,-44.47791666666456,Rio do Frade
25955,1.8934,-23.0029166672224,-44.26458333333119,
25956,85.304,-22.98708333388862,-43.21458333333112,Rio Cabeça
25957,9.74192,-22.984583333888622,-43.66958333333122,
25958,14.0176,-22.984583333888622,-43.666249999997945,
25959,4.13096,-22.973749996731044,-44.43499999999773,Rio do Frade
25960,73.8816,-22.97375000055501,-44.31124999999781,
25961,9.27472,-22.969583333888124,-42.898749999997904,
25962,14.931,-22.9679166672214,-42.99458333333121,
25963,14.7289,-22.967083333888127,-43.71791666666456,Rio Cação Vermelho
25964,18.152,-22.967083333888127,-43.04624999999783,
25965,24.4002,-22.961250000554628,-44.30708333333109,Rio Caputera
25966,16.1315,-22.960416667221185,-42.80624999999782,Canal de Bambuí
25967,0.918399,-22.956250000554466,-44.42624999999771,Rio do Frade
25968,0.99117,-22.95541666722108,-42.70874999999796,
25969,2.79548,-22.952916667220904,-44.07708333333119,Rio da Lapa
25970,0.58643,-22.952916667220904,-43.0937499999979,Rio Icaraí
25971,6.36381,-22.95124999673413,-44.39166666666449,Rio Grataú
25972,0.278714,-22.95166666886917,-44.38624999999769,Rio Grataú
25973,0.583504,-22.948750000554185,-44.41958333333116,Rio do Frade
25974,1.47403,-22.946250000554187,-44.33124999999791,Rio Caputera
25975,73.4559,-22.94541666722085,-42.15458333333129,
25976,8.90427,-22.942083333887297,-44.04541666666432,Rio Saí
25977,0.28754,-22.940833334845703,-44.000833335440745,Rio Saí
25978,0.117186,-22.93750000151385,-42.6466666687719,
25979,1.64989,-22.9337500005538,-42.42124999999783,
25980,15.3958,-22.93125000055369,-42.57541666666464,Rio Tinguí
25981,27.383,-22.930416667220413,-43.172083333331216,Rio Carioca
25982,4.62953,-22.92875000055369,-43.94124999999775,Rio Muriqui
25983,5.35109,-22.928333335533186,-44.33041666666446,
25984,1152.65,-22.92791666722036,-43.78208333333123,
25985,4.87997,-22.92708333388697,-43.94791666666447,Rio Saí
25986,3.49773,-22.91541666722003,-43.795416666664494,Canal do Trapiche
25987,20.8106,-22.906250000553143,-43.11291666666449,
25988,0.971079,-22.902083333886253,-43.8412499999979,Rio Cação
25989,358.535,-22.89791666340864,-43.21083333333121,Canal de Manguinhos
25990,752.386,-22.86708333388526,-43.21208333333124,
25991,56.4119,-22.86375000055193,-43.11291666666449,Rio Bomba
25992,23.8015,-22.86208333008085,-43.1074999999978,
25993,88.8529,-22.839583333884605,-43.24374999999782,Rio Irajá
25994,21.3188,-22.83875000055116,-43.09624999999795,Rio Bomba
25995,2.45261,-22.837916667217826,-41.981249999998,
25996,302.578,-22.821249996754148,-43.26749999999788,Rio Irajá
25997,116.245,-22.80375000055011,-43.06541666666448,
25998,666.377,-22.80125000055,-43.06624999999792,
25999,7.07969,-22.79375000054995,-41.926249999997765,
26000,2553.18,-22.7879166672164,-43.275416666664455,
26001,2068.53,-22.76041666721551,-43.26041666666458,Rio Sarapuí
26002,352.884,-22.726250000547964,-43.21208333333112,Rio Estrela
26003,13.3046,-22.712083333881026,-41.98791666666443,
26004,1.81079,-22.698750000547307,-43.11708333333127,Suruí River
26005,319.358,-22.69291666721369,-43.03374999999784,Rio Roncador
26006,33.0497,-22.69208333388042,-43.03874999999772,Rio Roncador
26007,22.8076,-22.68541666721353,-43.10291666666439,Suruí River
26008,1.47418,-22.67833333550544,-43.08291666666463,Rio Roncador
26009,6.39323,-22.662083333879536,-41.998749999997926,Canal das Pedras
26010,1.79378,-22.612916667211493,-41.998749999997926,Canal Medeiros
26011,60.9675,-22.59458333387772,-41.99374999999776,Canal Medeiros
26012,49.8129,-22.53125000054257,-41.9370833333312,Rio Jundiá
26013,14.9005,-22.50375000054163,-41.90708333333134,Rio Jundiá
26014,1.44182,-22.416250000539264,-41.81791666666447,Rio Imboassica
26015,94.3197,-22.36375000053789,-41.77374999999796,Macaé River
26016,0.792669,-22.298750000536074,-41.68874999999787,Canal Campos-Macaé
26017,17.5702,-22.255416667201644,-41.59624999999801,
26018,0.736729,-22.23333333514836,-41.54166666828377,
26019,13.9579,-22.08750000186933,-41.12583333485952,Rio Pitangueiras
26020,0.159467,-22.075416667196578,-70.19541666666345,Quebrada Barriles
26021,0.404822,-22.059583333862804,-41.081249999997965,
26022,1.11801,-21.966250000526827,-40.97458333333128,
26023,0.163395,-21.9254166671924,-40.97791666666467,Rio Açú
26024,10.9675,-21.68916666866676,-41.02416666796603,
26025,280.488,-21.62041666718403,-41.04124999999806,
26026,1.50218,-21.572916667182653,-41.059583333331375,Riacho dos Macacos
26027,12.4838,-21.48250000204075,-41.06041666666465,Rio Guaxindiba
26028,0.29997,-21.42541666717875,-70.06124999999668,Río Loa
26029,1.11791,-21.411250000511583,-41.00458333333131,Córrego Tatagiba
26030,0.960553,-21.39291666717781,-40.9904166666646,Córrego Tatagiba
26031,0.428274,-21.3725000020861,-40.96916666780726,Córrego Tatagiba
26032,69.4368,-21.27625000050801,-40.96208333333135,Córrego Morobá
26033,1.75625,-21.19041666717225,-40.9279166666646,Córrego Campo Novo
26034,0.353219,-21.14250000200377,-40.88208333333114,Córrego do Siri
26035,1.37118,-21.10875000050333,-40.85208333333139,
26036,236.163,-21.005416667167253,-40.80541666666471,Muqui do Norte River
26037,15.9168,-20.85375000049646,-40.7495833333312,Iconha River
26038,3.1664,-20.83375000049591,-40.6995833333313,Córrego Iriri
26039,17.1049,-20.807916667161862,-40.64291666666463,
26040,0.10011,-20.76458333382737,-40.57041666666464,
26041,1.90646,-20.73791666716,-40.53708333333117,Rio Meaípe
26042,2.70093,-20.6920833338254,-40.51124999999797,
26043,11.1178,-20.62624999755633,-40.46499999999793,Rio Perocão
26044,9.70518,-20.58125000048909,-40.40208333333129,Rio Una
26045,3.00213,-20.54208333382121,-40.38208333333142,Rio Una
26046,1.56467,-20.4812500004864,-40.34874999999806,
26047,2.04547,-20.46291666715257,-40.34041666666474,Córrego do Congo
26048,112.826,-20.41750000192565,-40.32208333333142,Canal Guaranhuns
26049,95.7094,-20.321250000482,-40.32374999999786,Canal Santa Rita
26050,30.8107,-20.29125000048134,-40.28958333333128,Canal da Costa
26051,19.1712,-20.2729166671474,-40.28041666666468,
26052,4.3839,-20.266250000480625,-40.23041666666472,Córrego Pelado
26053,2.71864,-20.2520833311022,-40.22249999999798,Córrego Pelado
26054,1.87473,-20.207916664461777,-40.19833333333128,Córrego Manguinhos
26055,1.63544,-20.18958333381181,-40.1904166666647,Lagoa Jacuném
26056,79.4219,-20.13541666714372,-40.18124999999793,Lagoa Jacuném
26057,60.3492,-20.125416667143384,-40.17874999999799,Lagoa Jacuném
26058,0.728324,-20.07625000047545,-40.173749999997824,Reis Magos River
26059,1.74081,-20.0554166645548,-40.19166666666473,
26060,23.455,-20.04208333380791,-40.1862499999981,
26061,0.101014,-20.012083333807084,-40.15541666666462,
26062,25.1046,-19.95166666896006,-40.154166666020274,Córrego Destacamento
26063,0.865993,-19.92541666713811,-40.11208333333116,Córrego Destacamento
26064,0.894404,-19.885416667137008,-40.08708333333141,Córrego Destacamento
26065,1.37445,-19.873750000470068,-40.081249999997965,Córrego Barra do Sahi
26066,15.5478,-19.81958333380197,-40.056249999998045,
26067,0.378386,-19.76208333380049,-40.00958333333142,
26068,148.461,-19.63958333379713,-39.81041666666454,Rio Doce
26069,2.53581,-19.21375000045248,-39.70291666666452,Rio Ipiranga
26070,15.2628,-19.136250000450445,-39.71458333333141,Rio Barra Nova
26071,0.241546,-19.080416667115458,-39.7220833333314,Rio Barra Nova
26072,2.04224,-18.924583333778173,-39.743749999997874,
26073,84.5718,-18.597083333769547,-39.75458333333131,
26074,1.71876,-18.59208333376938,-39.74458333333144,
26075,4.36952,-18.57375000043561,-39.73041666666472,
26076,4.76417,-18.470833335572536,-70.3166666662234,Río San José
26077,46.2839,-18.417083333764825,-39.69958333333136,
26078,0.166723,-18.327083332461257,-39.66083333333137,
26079,1.94397,-18.30458333376185,-70.43708333333007,
26080,0.129029,-18.22125000042638,-39.62958333333143,Rio do Sul
26081,16.1242,-18.098750000423195,-39.55458333333121,Rio Mucuri
26082,0.211721,-17.91125000041825,-70.97874999999658,
26083,2.81085,-17.877083332831603,-39.37333333333135,
26084,8.21757,-17.73958333374702,-39.28541666666467,Rio Peruípe
26085,0.201518,-17.72541666708014,-39.26708333333147,
26086,0.437884,-17.71875000041325,-39.29208333333133,
26087,2.16938,-17.622083333744,-71.34291666666343,
26088,13.2841,-17.55291666707558,-39.188749999998095,Rio Alcobaça
26089,24.5343,-17.387083333737962,-39.2079166666648,Rio Jucuruçu
26090,17.6683,-17.33208333373642,-39.21791666666468,Rio Jucuruçu
26091,0.409891,-17.168750000398916,-71.84541666666325,Río Tambo
26092,0.551015,-17.16791666706547,-39.21291666666457,
26093,0.106569,-17.052916667062448,-39.17458333333138,
26094,1.63912,-17.00708333372819,-39.17124999999794,Rio Cahy
26095,1.12515,-16.932916667059544,-39.147083333331466,Rio Corumbaú
26096,6.74201,-16.843750000390628,-39.14458333333141,Rio Caraíva
26097,0.71673,-16.812916667056413,-39.14541666666457,Rio Caraíva
26098,0.543691,-16.752083333721544,-39.13958333333147,
26099,0.707791,-16.72791666705433,-39.125416666664535,Rio dos Frades
26100,12.1472,-16.722083333720775,-72.42541666666341,Río Quilca
26101,9.46065,-16.662916667052684,-39.10291666666467,Rio dos Frades
26102,1.28256,-16.62375000059683,-72.77583333332996,Río Camaná
26103,1.50972,-16.584583333717205,-39.08874999999796,
26104,0.733741,-16.560416667049992,-39.08624999999796,
26105,0.126514,-16.537916667049444,-39.08374999999808,Rio da Barra
26106,3.52371,-16.455416667047302,-39.06708333333131,Rio Buranhém
26107,0.660921,-16.452916667047248,-73.10874999999669,Ocoña River
26108,0.507108,-16.40708333371265,-73.24208333333002,
26109,8.437,-16.387083333712155,-39.0345833333314,
26110,0.576859,-16.381250000378714,-39.02791666666474,Rio dos Mangues
26111,4.14817,-16.374583333711826,-39.01208333333136,Rio dos Mangues
26112,0.35306,-16.31875000084989,-39.02249999999799,João de Tiba River
26113,1.35528,-16.29625000037663,-39.02374999999813,João de Tiba River
26114,6.71074,-16.264583333709083,-39.02124999999813,
26115,2.05529,-16.191250000373827,-38.96874999999801,Rio Santo Antônio
26116,0.132698,-15.919583333700302,-74.12124999999645,Río Chaparra
26117,12.1434,-15.848750000365214,-38.86541666666472,
26118,0.231954,-15.69791666702804,-74.54041666666325,Río Yauca
26119,24.3098,-15.687916667027707,-38.93708333333143,Rio do Cipó
26120,0.352663,-15.657083333693606,-74.6504166666632,
26121,0.37766,-15.473750000355608,-38.96374999999807,Rio Raposa
26122,0.401359,-15.309583333684827,-38.989583333331325,
26123,32.1604,-15.238750000349684,-38.998749999997926,Una River
26124,1.03033,-15.222916667015909,-39.00041666666482,Una River
26125,0.521176,-15.092916667012672,-38.9962499999981,Rio Acuípe
26126,1.98262,-14.996250000343592,-75.45541666666327,
26127,1.16727,-14.884583333674072,-75.54791666666324,Río Ica
26128,0.614248,-14.880416667007296,-39.02291666666457,Rio Cururupe
26129,305.146,-14.80291666700532,-39.03958333333128,Rio Fundão
26130,0.787812,-14.744583333670503,-39.0620833333312,
26131,47.3372,-14.723750000336564,-39.06458333333149,
26132,0.214248,-14.621250000334044,-39.06208333333132,Almada River
26133,0.342655,-14.545416666998904,-39.04041666666456,Rio Pipite
26134,0.307751,-14.417916666995666,-39.01958333333124,
26135,0.327276,-14.39208333366173,-39.01291666666469,Rio Tijuípe
26136,146.519,-14.273333334382189,-38.99083333231846,Rio de Contas
26137,0.203796,-14.252083333658163,-38.993749999998045,Rio de Contas
26138,3.22703,-14.054583333653284,-38.97958333333122,
26139,0.14447,-13.996666667930356,-39.07708333333136,Rio Orojó
26140,0.25076,-13.98375000031814,-39.08541666666463,Rio Acaraí
26141,0.570136,-13.956666667587228,-39.0374999989009,Rio Acaraí
26142,15.0206,-13.928750000316825,-39.07541666666475,Igrapiúna
26143,2.29849,-13.898750000316111,-39.076249999998026,Igrapiúna
26144,7.59971,-13.891250000315893,-39.05124999999799,Igrapiúna
26145,0.593395,-13.891250000315893,-38.95291666666458,Rio Acaraí
26146,0.234424,-13.752916666979104,-39.06458333333149,
26147,0.243823,-13.73708333364533,-38.99541666666465,
26148,13.29,-13.729583333645166,-39.13541666666475,
26149,0.304378,-13.716250002440972,-39.125833333331286,Rio dos Cágados
26150,1.44604,-13.680416666977294,-76.22124999999653,Río Pisco
26151,0.221469,-13.65291666697658,-38.97291666666479,Rio Laranjeira
26152,0.1055,-13.64041666697625,-38.97124999999801,Rio Catu
26153,1.24296,-13.63625000030953,-38.8954166666648,Rio Catu
26154,0.428156,-13.596666667890702,-38.90791666666468,Rio do Inferno
26155,63.3952,-13.557916666974222,-39.08708333333124,Rio das Almas
26156,0.179423,-13.54625000030734,-76.18624999999645,
26157,0.196643,-13.524583333640066,-76.18624999999645,
26158,0.150451,-13.50458333363946,-38.92041666666466,Rio Verde
26159,4.59878,-13.499583333639464,-39.08124999999808,Rio Camurigi
26160,5.0867,-13.485416666972355,-39.07291666666475,Rio Camurigi
26161,1.11712,-13.462916666971864,-76.18791666666323,
26162,1.11848,-13.425416669231195,-76.1916666666632,Río San Juan
26163,50.3463,-13.378750000303114,-39.04541666666461,Rio dos Reis
26164,0.228289,-13.324166667863608,-76.24541666666312,Quebrada Topara
26165,5.10011,-13.29125000030092,-38.96458333333146,Rio Jequiricá
26166,43.0021,-13.212916666965782,-38.921249999998,Rio Jequiricá
26167,1.47438,-13.126666667287225,-76.40333333205007,Río Cañete
26168,8.18173,-13.116250002685716,-38.86499999999808,Rio Aratuipe
26169,54.8536,-13.110416666963204,-38.86374999999805,Rio Aratuipe
26170,0.354678,-13.093750000296154,-76.43041666666312,Río Cañete
26171,0.122759,-13.064583333628605,-38.82374999999814,
26172,2.90218,-13.056250000295163,-38.8295833333313,
26173,0.260802,-13.055416669374893,-76.46749999999645,
26174,0.32859,-13.052083333628277,-76.47124999999642,
26175,2.97508,-13.047083333628107,-38.68541666666477,
26176,0.183415,-13.018750000294176,-38.732083333331445,
26177,143.912,-13.011250000294012,-38.49291666666477,Rio Camurujipe
26178,827.524,-12.999583333627127,-38.447916666664696,Rio Camurujipe
26179,1.03781,-12.984583333626745,-38.61791666666471,
26180,13.6218,-12.976250000293136,-38.42124999999794,Passa-Vaca
26181,1.3035,-12.970416666959522,-38.41124999999806,Passa-Vaca
26182,143.714,-12.95458333362592,-38.38624999999803,Passa-Vaca
26183,31.5714,-12.90125000029127,-38.47791666666478,Rio Paraguari
26184,536.355,-12.87625000029078,-38.276249999998186,
26185,0.489262,-12.85833333386796,-38.837499998670864,Rio Paraguaçu
26186,0.172646,-12.844583333623234,-38.921249999998,
26187,3.49933,-12.8437500002899,-38.92708333333144,
26188,0.607315,-12.803333333851016,-76.56416666532692,
26189,1.7368,-12.789583333621865,-38.485416666664605,
26190,16.7709,-12.755416666954432,-38.16291666666473,
26191,15.9685,-12.752083333621044,-38.75041666666471,
26192,0.126751,-12.74958333362099,-38.15874999999812,Rio Capivara
26193,49.4824,-12.734583333620492,-38.91541666666456,Rio Paraguaçu
26194,3.40209,-12.722916666953608,-38.54208333333139,
26195,65.3041,-12.708750000286557,-38.1279166666647,
26196,0.451795,-12.688750000286175,-38.639583333331416,
26197,2.4517,-12.677083333619125,-38.09208333333146,
26198,1.63674,-12.674583333619012,-76.66208333332986,Río Mala
26199,5.41985,-12.658750000285352,-38.72791666666467,Rio Subaé
26200,90.5903,-12.6112500002842,-38.7154166666648,
26201,98.9198,-12.595416666950427,-38.03124999999807,Pojuca River
26202,2.53902,-12.547916669549636,-37.98499999999802,
26203,0.413621,-12.528750002889067,-76.76499999999646,Río Chilca
26204,0.603001,-12.47208333361408,-37.942916666664814,Rio Imbassaí
26205,9.5443,-12.395416666945492,-37.88374999999803,Rio Sauípe
26479,0.428814,-2.702916666714657,-44.051249999997935,
26480,0.394964,-2.7020833333813243,-44.175416666664375,Itapecuru River
26481,1.77008,-2.677916666714111,-44.36374999999765,
26482,0.628831,-2.677916666714111,-44.21708333333101,
26483,3.26781,-2.676250000047389,-44.21624999999773,
26484,3.34844,-2.675416666714113,-44.35791666666444,
26485,0.191358,-2.6720833333806127,-80.36458333332973,Estero Data de Pasorja
26486,0.145236,-2.637916666713238,-44.35124999999789,
26487,15.8568,-2.6304166667130744,-42.69958333333108,Rio Preguiças
26488,2.11384,-2.627916666712906,-43.95041666666458,
26489,0.194931,-2.6254166667129084,-43.971249999997895,
26490,0.145197,-2.62291666671274,-42.6987499999978,Rio Preguiças
26491,0.505367,-2.6112500000459704,-80.2812499999963,
26492,1.14651,-2.5991666659571706,-44.121666665574764,
26493,15.2508,-2.5970833333789187,-79.71624999999636,Estero de Churute
26494,17.0708,-2.5949999992902804,-44.62250000108708,
26495,2.32219,-2.5891666668383664,-43.89541666666452,
26496,0.110963,-2.5837500000453133,-42.728749999997945,Rio Preguiças
26497,7.33057,-2.555000000168434,-43.449583333331134,Rio do Alegre
26498,0.100443,-2.549583333377768,-42.82041666666464,
26499,82.6613,-2.5454166667110485,-44.30374999999782,Rio das Bicas
26500,0.226607,-2.5445833333776022,-43.78958333333122,Rio Marapucaia
26501,0.781537,-2.532083333377443,-43.84458333333112,
26502,6.65789,-2.530416666710664,-43.61708333333127,Rio Mapari
26503,2.34753,-2.525416666710555,-80.18458333332961,
26504,293.891,-2.521250000043836,-44.29208333333111,Rio das Bicas
26505,0.102667,-2.5079166667100594,-43.74791666666448,Rio Marapucaia
26506,4.80621,-2.506250000043451,-80.0962499999963,Estero El Salado
26507,24.9846,-2.50375000004334,-44.05874999999787,Rio Santo Antônio
26508,18.5108,-2.4704166667093546,-79.74791666666295,Estero de Churute
26509,0.464924,-2.462916666709191,-44.09874999999784,
26510,87.9521,-2.4620833333757446,-44.095416666664505,
26511,0.814837,-2.4600000001596527,-43.00791666666453,
26512,10.3168,-2.4554166667089703,-44.0979166666645,Rio Santo Antônio
26513,0.685979,-2.4066666659455223,-44.42416666559024,Igarapé do Puca
26514,1.74035,-2.401250000040932,-80.68541666666306,Río Zapotal
26515,0.173877,-2.39958333337421,-44.542916666664496,
26516,353.735,-2.3979166667076584,-79.83958333332964,
26517,5.50841,-2.3770833333737187,-44.7012499999978,
26518,3.51629,-2.3579166667066715,-43.243749999997874,
26519,0.236356,-2.3562500000399496,-43.36374999999788,
26520,1.59248,-2.349583333373176,-44.657916666664505,
26521,0.215062,-2.2995833333718565,-44.699583333331134,Rio Pericumã
26522,0.125042,-2.2937500000385285,-44.63208333333114,
26523,34.4309,-2.290833332605075,-44.779166667729385,
26524,70.8326,-2.281666666809599,-79.9670833333297,Estero El Salado
26525,0.169667,-2.2770833333713654,-80.91874999999624,Río Salado
26526,199.086,-2.2737500000379214,-79.91374999999636,Estero Cobina
26527,0.237294,-2.269583333371316,-44.62291666666442,
26528,0.172693,-2.247083333370768,-44.69791666666441,Rio Pericumã
26529,0.124556,-2.2333333334717054,-44.5287499999979,
26530,0.481079,-2.2295833333703285,-44.40874999999773,
26531,59.1929,-2.1920833333693395,-49.40124999999756,
26532,19.3628,-2.1920833333693395,-49.39791666666429,Tocantins River
26533,1.54927,-2.184583333369289,-49.42041666666432,
26534,47.0038,-2.1737500000356818,-49.43041666666432,
26535,0.374776,-2.159583333368744,-49.43708333333092,
26536,0.154372,-2.159583336845344,-44.52749999999787,
26537,0.360818,-2.158333333464782,-49.36958333333081,Tocantins River
26538,1.64469,-2.1570833333686323,-49.34958333333088,Tocantins River
26539,0.194483,-2.15125000003502,-44.59208333333112,
26540,0.852852,-2.1495833333684686,-49.3295833333309,Tocantins River
26541,0.108779,-2.1437500035115704,-49.35749999999763,Tocantins River
26556,0.244358,-1.95708333336404,-50.36624999999765,
26557,3.20835,-1.9445833333637097,-50.43208333333075,Rio Jacundá
26558,25.6699,-1.9341666667771733,-49.84958333333094,
26559,0.436074,-1.9325000001102808,-49.20958333333096,Tocantins River
26560,1.41088,-1.9279166666966605,-80.72541666666291,Río Valdivia
26561,0.403224,-1.9279166666966605,-49.37291666666425,Porto Hidroviario
26562,0.642939,-1.927083333363214,-49.204583333331016,Tocantins River
26563,0.774178,-1.924619475000896,-49.87010551236352,Araticu River
26564,0.221774,-1.9087500000295563,-49.70958333333084,
26565,0.251391,-1.90791666669611,-49.737916666664205,
26566,0.953223,-1.907500000107916,-50.25958333333091,
26567,0.106441,-1.9020833333626683,-49.37708333333092,Porto Hidroviario
26568,11.1882,-1.8970833333625023,-49.37791666666425,Porto Hidroviario
26569,1.72641,-1.8954166666957803,-50.17291666666426,
26570,3.27993,-1.890416666695785,-49.16291666666439,Tocantins River
26571,0.62986,-1.890416666695785,-44.55041666666449,
26572,22.9886,-1.8833333325794683,-50.42166666769742,Pará River
26573,0.747616,-1.8829166666956207,-49.89874999999768,Araticu River
26574,0.192313,-1.8762500000287328,-49.35458333333088,Porto Hidroviario
26575,0.819413,-1.8729166666952888,-80.73708333332968,
26576,4.62889,-1.8720833333620133,-49.65541666666434,Rio Cupijó
26577,2.1334,-1.8687500000285693,-49.15458333333089,Tocantins River
26578,3.01093,-1.8545833333616315,-50.11124999999743,Pará River
26579,0.54166,-1.850833333435844,-49.32541666666418,
26580,0.589823,-1.8462500000280784,-80.74624999999628,Río Atravesado
26581,0.35688,-1.843750000028024,-50.41624999999749,
26582,1.47744,-1.8429166666946344,-44.55874999999776,
26583,0.401416,-1.84041666669458,-49.94124999999747,
26584,0.159006,-1.8387500000278576,-49.31291666666425,
26585,0.112804,-1.837083333361136,-50.0437499999976,Pará River
26586,0.603931,-1.827083333360804,-49.625416666664194,
26587,0.118385,-1.8237500000275304,-49.982916666664096,Pará River
26588,0.222559,-1.822916666694255,-49.1354166666643,
26589,10.3996,-1.8220833333608084,-44.62458333333103,
26590,5.65255,-1.8145833333606447,-49.80208333333098,Pará River
26591,1.85058,-1.814166666765913,-49.54374999999766,
26592,0.348155,-1.8129166666940364,-44.602083333331,
26593,0.128725,-1.803750000027037,-49.84874999999761,Pará River
26594,1.34343,-1.8020833333604287,-50.362916666664205,
26595,1.65721,-1.8004166666937067,-49.11708333333104,
26596,0.148547,-1.7954166666935976,-49.61958333333098,
26597,8.82033,-1.7920833333600967,-44.79041666666456,
26598,1.42329,-1.7925000000972773,-44.71541666666445,
26599,0.20587,-1.791250000026821,-49.58208333333096,Pará River
26600,0.24575,-1.7887500000267096,-80.76041666666299,Río Olón
26601,0.460101,-1.7891666659067482,-44.72333333435717,
26602,84.431,-1.787916666693377,-50.321249999997576,
26603,0.568188,-1.7870833333599307,-49.27791666666423,
26604,0.132152,-1.7837500000265436,-50.17208333333099,
26605,0.882865,-1.7820833333599353,-49.512916666664296,Pará River
26606,0.198991,-1.781250000026489,-44.66624999999766,
26607,0.179169,-1.779583333359824,-50.289583333331,
26608,0.168914,-1.7787500000263776,-48.94208333333091,Rio Maratauira
26609,3.72227,-1.7770833333598262,-50.279583333330834,
26610,61.2868,-1.7770833333598262,-48.9454166666643,
26611,0.26802,-1.77625000002638,-49.49208333333081,
26612,0.436262,-1.771250000026214,-49.28041666666422,
26613,0.527918,-1.7645833333594396,-50.19791666666413,
26614,31.4294,-1.764999999238455,-45.2558333343552,
26615,0.22789,-1.758750000025998,-49.45624999999751,Pará River
26616,3.48439,-1.758750000025998,-49.388749999997685,
26617,0.262928,-1.7562500000260002,-49.27291666666423,
26618,0.236499,-1.7545833333592782,-49.37958333333097,Pará River
26619,0.160986,-1.753750000025832,-49.95041666666418,Pará River
26620,1.37135,-1.7529166666925562,-48.93708333333086,
26621,0.301785,-1.7487500000258365,-49.9637499999975,Pará River
26622,1.44557,-1.7479166666923902,-45.33458333333107,
26623,1.84323,-1.7429166666922242,-49.07458333333091,
26624,10.2662,-1.7404166666923402,-48.9029166666644,
26625,0.246872,-1.7387500000256182,-49.49708333333098,Pará River
26626,0.116598,-1.735416666692231,-49.72124999999761,Rio Pagão
26627,2.15978,-1.7345833333587848,-49.62708333333103,Pará River
26628,9.16624,-1.7329166666920628,-49.72874999999743,
26629,0.602122,-1.7312500000254545,-50.076249999997685,
26630,142.789,-1.7312500000254545,-48.89374999999768,Rio Abaeté
26631,0.710044,-1.728750000025343,-49.3537499999976,Pará River
26632,1.25247,-1.723750000025177,-50.11458333333076,Mutuacá River
26633,0.158963,-1.723750000025177,-49.3462499999975,
26634,0.812156,-1.723750000025177,-49.30458333333087,Pará River
26635,0.572306,-1.7229166666917308,-49.04041666666433,
26636,2.52518,-1.722083333358455,-49.532083333331,Pará River
26637,0.202814,-1.7212500000251794,-49.59041666666428,Pará River
26638,0.163492,-1.717083333358289,-44.78624999999784,
26639,0.369494,-1.7162500000250134,-45.36541666666449,
26640,2.15564,-1.7137500000250157,-49.532916666664335,Pará River
26641,0.138691,-1.711250000024961,-49.04124999999772,
26642,25.1635,-1.7104166666915717,-48.88208333333097,Rio Abaeté
26643,1.08916,-1.7008333334220538,-49.00708333333085,
26644,3.74603,-1.69625000002452,-48.94124999999758,Rio Maratauira
26645,0.268109,-1.6945833333579117,-49.53374999999744,
26646,0.303503,-1.6929166666911897,-50.05208333333081,
26647,0.119204,-1.691250000024354,-48.87874999999752,Rio Maratauira
26648,0.238396,-1.6895833333577457,-49.54374999999766,
26649,0.589678,-1.6895833333577457,-49.53874999999749,
26650,0.217597,-1.6895833333577457,-49.46958333333095,
26651,3.56205,-1.6887500000242994,-50.05541666666426,
26652,0.538926,-1.6887500000242994,-50.05208333333093,
26682,0.101236,-1.5812500000217824,-45.24874999999781,
26683,0.340363,-1.5804166666885069,-48.7779166666644,
26684,0.167899,-1.577916666688509,-49.37791666666425,
26685,16.861,-1.5654166666881792,-49.187083333330975,
26686,2.72895,-1.562916666688125,-48.75874999999763,
26687,0.333872,-1.5612500000214595,-49.104583333330936,Atuá River
26688,9.02408,-1.540833333407079,-48.74458333333087,Rio Murucupi
26689,0.18874,-1.5395833333541873,-45.3737499999977,
26690,1.05442,-1.5345833333540213,-80.81041666666295,Río Salango
26691,0.509628,-1.5312500000207478,-45.46124999999779,
26692,0.320374,-1.5312500000207478,-45.182916666664426,
26693,2.6458,-1.5304166666873016,-48.51874999999768,Igarapé Arapari
26694,103.012,-1.5304166666873016,-48.50208333333092,Igarapé Genipauba
26695,8.1586,-1.523750000020584,-49.08791666666423,Atuá River
26696,0.10172,-1.522500000072057,-48.49791666666425,
26697,3.27066,-1.519583333353694,-48.724583333331,Rio Murucupi
26698,7.1939,-1.5129166666869764,-48.72541666666416,Rio Murucupi
26699,2.06523,-1.5112500000202544,-45.52291666666434,
26700,0.125319,-1.5116666667376537,-45.12708333333114,
26701,0.756043,-1.505416670160571,-48.49249999999762,Igarapé Combu
26702,0.220527,-1.4966666667363595,-48.529583333330834,Rio Guamá
26703,823.63,-1.486250000019595,-48.49374999999753,Tucunduba River
26704,0.223509,-1.4845833333529868,-45.53291666666445,
26705,59.3594,-1.470416666685935,-48.6762499999976,Rio Murucupi
26706,9.58009,-1.4612500034926938,-48.60583333333096,Rio Carnapijó
26707,1.18115,-1.4595833333523274,-48.58458333333096,Rio Carnapijó
26708,1.73748,-1.446560705225295,-48.58371450493257,Rio Carnapijó
26709,0.968326,-1.4404166666852802,-45.31541666666442,
26710,0.470146,-1.4379166666852825,-48.68874999999764,
26711,1317.81,-1.4187500000180648,-48.49291666666437,Canal do Providência
26712,10.8223,-1.4120833333512903,-48.8587499999976,
26713,0.228095,-1.4087500000178466,-48.62791666666431,Rio Carnapijó
26714,0.119389,-1.4054166666844026,-48.5937499999975,Rio Carnapijó
26715,0.630977,-1.3912500000173509,-45.566249999997694,
26716,0.884939,-1.3837500000171872,-48.81374999999758,
26717,20.283,-1.3812500000171894,-45.707083333331184,Rio Maracaçumé
26718,0.287398,-1.3754166666837475,-48.80958333333081,
26719,0.243138,-1.3620833333500857,-45.712916666664455,Rio Maracaçumé
26720,31.453,-1.355416666683368,-48.480416666664325,Igarapé Val-de-Cães
26721,0.65716,-1.3537500034899494,-48.55499999999762,
26722,0.274875,-1.3529166701566735,-48.80333333333096,
26766,1.74212,-1.085416666676963,-48.41124999999767,
26767,4.20044,-1.080416666676797,-46.31374999999764,
26768,0.504796,-1.067916666676581,-48.36791666666437,
26769,0.630018,-1.0620833333430255,-46.47124999999767,
26770,3.05752,-1.055416670149384,-46.42166666666435,
26771,0.921068,-1.0545833333428618,-46.403749999997785,
26772,0.163581,-1.053750000009586,-46.37708333333114,
26773,8.74856,-1.0454166666760898,-46.48874999999771,
26774,0.10999,-1.0387500000092018,-48.61958333333087,
26775,1.12536,-1.036250000009204,-48.30624999999765,
26776,0.290993,-1.034583336815615,-46.44666666666439,
26777,0.355415,-1.0337500000090358,-46.374583333330975,
26778,10.1741,-1.017916666675433,-48.28124999999761,
26779,0.99827,-1.015416666675378,-48.28208333333095,
26780,10.4093,-1.00875000348168,-46.59999999999775,Igarapé Grande
26781,9.32759,-1.0079166666752144,-46.59624999999778,
26782,0.125805,-1.0012500000083833,-48.63624999999769,
26783,2.89021,-1.00041667014807,-48.65916666666436,
26784,2.0493,-0.9862500000080558,-46.58208333333101,Igarapé Grande
26785,0.473881,-0.977916666674446,-48.3112499999977,
26786,0.59555,-0.974583333341002,-46.58958333333101,Igarapé Grande
26787,3.22523,-0.967083333340952,-46.67624999999771,Igarapé do Pau
26788,159.963,-0.9595833333406176,-46.7012499999978,
26789,0.620959,-0.9554166666740684,-46.67291666666426,Igarapé do Pau
26790,5.20336,-0.9529166666739002,-48.62708333333103,
26791,0.124386,-0.9512500000071782,-48.30374999999765,
26792,12.724,-0.94958333334057,-80.71791666666297,Río Manta
26793,4.47637,-0.9470833333404584,-80.69041666666305,Río Manta
26794,0.292377,-0.9370833333401264,-48.56874999999775,
26795,0.268684,-0.9354166666735182,-46.73874999999782,Igarapé do Pau
26796,3.44049,-0.9312500000066848,-48.29041666666433,
26797,0.763936,-0.9154166701461576,-46.73833333333107,Furo do Pará
26798,0.384754,-0.9012500000059732,-46.814583333331086,
26799,2.90148,-0.8812500000056502,-48.25208333333103,
26800,0.128895,-0.8687500000052637,-46.79041666666444,
26801,0.227136,-0.8679166666718743,-46.94874999999769,Rio Quatipuru
26802,46.6162,-0.8620833333384326,-46.95874999999768,Rio Quatipuru
26803,9.08382,-0.8612500034782329,-47.07583333333105,
26804,31.1059,-0.8479166666714946,-48.14791666666429,
26805,0.663397,-0.8470833333380483,-46.84541666666428,
26806,8.19112,-0.8454166666714968,-48.14458333333084,
26807,6.85026,-0.8437500000046612,-48.142916666664405,
26808,0.275618,-0.834583336811022,-46.60083333333103,Furo Grande
26809,1.08808,-0.8287500000042769,-48.14708333333101,
26810,0.386942,-0.8287500000042769,-47.091249999997785,
26811,0.170173,-0.8262500000041655,-48.17791666666432,
26812,0.541764,-0.8262500000041655,-48.14874999999756,
26813,1.18761,-0.8158333333394694,-47.03624999999755,
26814,0.119115,-0.8154166666706715,-46.9579166666644,
26815,1.48125,-0.8112500000039518,-47.02124999999768,
26816,1.55234,-0.808750000003954,-47.15374999999767,
26817,70.6468,-0.7970833333370138,-80.51958333332954,Río Portoviejo
26818,0.106507,-0.7950000000042223,-47.07541666666441,
26819,0.197249,-0.7912500000034584,-48.521249999997735,
26820,0.607264,-0.7779166666698529,-48.51958333333096,Igarapé Limão
26821,10.7834,-0.7762500034763775,-47.497499999997615,
26822,1.77507,-0.7691666666685251,-47.167916666664325,
26823,0.461312,-0.7679166666696347,-47.49874999999764,
26824,0.181829,-0.7662500000029127,-47.19458333333103,
26825,0.810055,-0.7645833333361907,-80.51291666666305,Río Portoviejo
26826,8.35356,-0.7637500000028012,-47.46374999999773,Rio Maracanã
26827,84.6259,-0.7604166666694709,-47.42624999999771,Rio Maracanã
26828,1.11085,-0.7587500034758818,-47.19833333333105,
26829,3.29087,-0.757083333336027,-48.12791666666442,
26830,22.0443,-0.752083333335861,-48.017916666664405,
26831,0.679776,-0.7516666666668925,-48.02041666666423,
26832,8.80921,-0.7362500034753907,-48.52416666666426,
26833,15.1786,-0.7312500000020918,-47.9595833333309,
26834,0.300884,-0.7245833333353175,-47.65624999999756,
26835,0.747286,-0.7237500000019281,-80.49791666666306,
26836,0.85369,-0.7220833333352061,-48.00958333333108,
26837,0.604451,-0.7208333333306314,-47.66624999999772,
26838,3.67027,-0.7170833333351538,-48.4904166666642,
26839,0.162487,-0.7170833333351538,-47.49958333333109,
26840,91.0857,-0.7162500000015939,-47.67124999999771,
26841,3.44376,-0.7095833333349901,-47.58874999999773,
26842,2.31574,-0.7062500000015461,-47.95708333333101,
26843,1.78753,-0.704583333334881,-47.58458333333101,
26844,0.240547,-0.699583333334715,-47.44874999999769,
26845,0.131419,-0.6987500000013824,-47.50791666666436,
26846,0.90874,-0.685416666667777,-47.21124999999779,
26847,12.4913,-0.6812500000008868,-47.83708333333095,Rio Grande
26848,0.827027,-0.6762500000007208,-47.82374999999769,
26849,0.531299,-0.6754166701407485,-47.639999999997656,
26850,9.79424,-0.672083333334001,-47.862083333330986,Rio Grande
26851,3.23042,-0.672083333334001,-47.37874999999758,
26852,216.922,-0.6670833333338351,-51.08041666666418,
26853,0.2535,-0.6658333333254518,-47.52874999999767,
26854,0.96315,-0.6604166666671176,-80.35291666666296,Q. San Pablo
26855,1.04782,-0.6587500000003956,-80.31374999999639,Río Chone
26856,0.234151,-0.657916666667063,-47.257916666664414,
26857,1.076,-0.6545833333335054,-47.6454166666644,
26858,60.9412,-0.6520833333335077,-80.3029166666629,Río Chone
26859,0.491807,-0.6520833333335077,-47.4270833333311,
26860,0.200118,-0.6504166666668993,-51.010416666664185,
26861,0.228342,-0.6504166666668993,-47.42958333333098,
26862,0.155455,-0.649583336806927,-51.07833333333088,
26863,5.50531,-0.6491666658282043,-47.71583333238704,
26864,0.372926,-0.6470833333335122,-51.07791666666412,
26865,1.18018,-0.6429166666667356,-47.72041666666422,
26866,0.943045,-0.6412499999999,-47.2937499999976,Rio Sampaio
26867,1.28952,-0.6395833333332916,-47.7604166666643,
26868,0.211235,-0.6387499999999022,-47.57624999999763,Furo do Tanque
26869,12.2466,-0.6379166666666265,-50.78874999999755,
26870,0.398416,-0.6370833333332939,-47.35874999999771,
26871,0.637509,-0.6362499999999045,-47.296249999997656,Rio Sampaio
26912,0.117407,-0.372916666660501,-50.69958333333091,
26913,0.229672,-0.3599999999637475,-51.2279166666641,
26914,1.79485,-0.3570833333267273,-50.804583333330925,
26915,0.555729,-0.3287499999927377,-51.079583333330845,
26916,0.760487,-0.3087499999923579,-51.296249999997485,
26917,0.293235,-0.2762500034662594,-51.01583333333088,
26918,0.120811,-0.2612499999910938,-51.15124999999756,
26919,4.23499,-0.2587499999910392,-51.34541666666428,Rio Preto
26920,0.163363,-0.2587499999910392,-51.28208333333089,
26921,0.304798,-0.2587499999910392,-50.64041666666424,
26922,0.562948,-0.2537499999908732,-51.15208333333095,
26923,0.301629,-0.2504166666574292,-48.73958333333098,
26924,5.77131,-0.244583333324158,-49.61291666666432,
26925,0.12333,-0.2420833333241034,-51.00041666666414,
26926,0.184913,-0.239583333323992,-50.78791666666427,
26927,0.133835,-0.2354166666572155,-50.76458333333085,
26928,0.189095,-0.235833333285484,-49.68208333333092,
26929,0.476319,-0.2333333332852589,-49.40458333333095,
26930,0.309017,-0.2279166666569381,-50.78791666666416,
26931,0.573426,-0.223749999990332,-49.46874999999761,
26932,0.362966,-0.202083333323003,-50.537916666664216,
26933,1.28691,-0.1924999999479837,-49.867083333330925,
26934,0.484334,-0.1845833333225073,-50.99958333333086,
26935,10.9135,-0.1645833333222981,-80.26291666666287,Estero Don Juan
26936,10.3391,-0.1554166701305916,-49.16833333333096,
26937,0.114247,-0.1529166666552441,-51.1179166666642,
26938,0.286114,-0.1462500034638196,-50.444166666664216,
26939,0.362919,-0.1454166666550804,-51.17791666666426,
26940,0.842245,-0.1412499999883039,-80.23541666666296,Estero Don Juan
26941,0.665822,-0.1270833333214227,-51.25624999999758,Vila Nova River
26942,0.163744,-0.1270833333214227,-50.24124999999765,
26943,0.629288,-0.127083333321309,-50.226249999997606,
26944,19.4375,-0.1249999999417355,-50.383749999997576,
26945,0.553756,-0.120416666654421,-49.76541666666424,
26946,0.129871,-0.1120833333209248,-50.43041666666432,
26947,0.13743,-0.1104166666543733,-50.2912499999976,
26948,3.27532,-0.0854166666536571,-51.25458333333086,Vila Nova River
26949,0.105721,-0.060416666653225,-50.64541666666406,
26950,28.0224,-0.0520833333196151,-51.14041666666424,Igarapé da Fortaleza
26951,5.48327,-0.0487499999862848,-51.20291666666418,Vila Nova River
26952,3.06515,-0.0454166666528408,-50.867916666664144,
26953,1.51134,-0.0270833367948739,-51.0749999999976,Igarapé da Fortaleza
26954,0.144393,-0.0166666665981551,-50.491249999997535,
26955,0.155634,-0.0154166666517312,-49.759583333330966,
26956,117.646,-0.0037500034602544,-51.06249999999756,Canal das Pedrinhas
26957,0.115373,-0.0012499999851343,-50.91208333333088,
26958,4.78861,-0.0004166666373066,-80.07291666666299,Río Cuaque
26959,0.149154,0.0095833333484733,-50.03624999999767,
26960,0.311484,0.0204166666823084,-50.05124999999748,
26961,0.146413,0.0362500000156273,-50.82458333333079,
26962,32.196,0.0770833333500036,-51.02791666666417,Canal do Jandiá
26963,8.43489,0.1137500000177169,-51.00124999999764,Rio Curiaú
26964,0.10105,0.1254166666845435,-50.98791666666415,Rio Curiaú
27204,3.88356,6.851250000175298,-58.24041666666386,
27205,1.53183,6.855416666842075,-58.247916666663855,
27206,0.121748,6.857083333508797,-58.49708333333041,Essequibo River
27207,3.20843,6.857083329948637,-58.42916666666389,Essequibo River
27208,2.43899,6.865416666842407,-58.41291666666382,Essequibo River
27209,1.55866,6.866250000175796,-58.26624999999723,
27210,6.37535,6.870416666842573,-58.27541666666394,Side Line Dam
27211,0.472414,6.872916666842684,-58.37874999999718,Essequibo River
27212,33.61,6.873750000175846,-58.36708333333047,Essequibo River
27213,5.58755,6.874583333509179,-58.29208333333054,Side Line Dam
27214,13.2713,6.882083333509456,-58.32124999999729,Side Line Dam
27215,24.141,6.882916666842789,-58.337916666664,Essequibo River
27216,0.559078,6.899583333509668,-58.43708333333046,Essequibo River
27217,0.290551,6.90125000017656,-58.435416666663855,Essequibo River
27218,0.19297,6.906250000176556,-58.42458333333053,Essequibo River
27219,0.596545,6.908750000176838,-58.417916666663984,Essequibo River
27220,1.1258,6.91791666684361,-58.39458333333056,Essequibo River
27221,0.230063,6.919583333510332,-58.49624999999708,
27222,0.105427,6.948750000177597,-77.67041666666319,Río Coredó
27223,0.384513,6.950416666844319,-58.44208333333057,
27224,0.124227,6.9637500001779244,-58.39291666666395,
27225,0.423709,6.972916666844924,-58.42541666666386,
27226,4.50739,6.991250000178525,-58.4954166666638,Supenaam River
27227,0.189828,7.017083333512687,-58.4862499999972,
27228,0.167177,7.029583333512733,-77.67874999999651,Río Putumia
27229,4.2936,7.052916666846841,-58.48041666666393,Manakur Canal
27230,1.27609,7.088750000180824,-58.477916666663816,Manakur Canal
27231,1.76393,7.098750000181155,-58.47708333333048,Manakur Canal
27232,0.213558,7.110416663292881,-77.76833333332979,Río Partadó
27233,0.897372,7.138750000182142,-58.47374999999704,Manakur Canal
27234,0.677748,7.163750000182802,-58.48041666666393,Manakur Canal
27235,0.360282,7.181250000183184,-58.48708333333053,Manakur Canal
27236,4.67228,7.1904166668500125,-58.48791666666398,Manakur Canal
27237,3.61503,7.228750000184277,-58.48458333333065,Manakur Canal
27238,9.15617,7.273750000185373,-58.47624999999709,
27239,0.122896,7.287083333518979,-77.96958333332975,
27240,3.20258,7.3187500001863555,-58.47874999999709,
27559,0.477533,10.45958333359482,-63.74624999999708,
27560,22.3329,10.462916666928436,-61.47958333333048,Couva River
27561,26.7513,10.462916666928436,-61.040416666663646,Nariva River
27562,0.45855,10.467083333595042,-63.70708333333039,
27563,36.4236,10.472083333595208,-66.09124999999693,Caño Leal
27564,60.2547,10.477083333595203,-68.02958333333015,Río Goaigoaza
27565,3.16529,10.478749996991157,-67.96666666666346,
27566,59.8146,10.479583333595484,-61.47374999999704,
27567,15.6729,10.48291666692893,-68.11041666666353,Río Aguas Calientes
27568,90.1203,10.48291666692893,-68.03791666666359,Río Goaigoaza
27569,42.6128,10.483750000262262,-63.6587499999971,Río Carinicuao
27570,20.879,10.488333335036032,-75.48999999977906,Arroyo Guayepito
27571,15.4416,10.488750000262256,-67.77374999999677,
27572,2.70391,10.491250000262369,-67.99458333333024,Río San Esteban
27573,1.03355,10.493333334393526,-67.74124999999685,
27574,52.7013,10.493750000262423,-61.47041666666371,Caparo River
27575,1.29197,10.496250002211696,-68.0754166666635,Río Aguas Calientes
27576,0.422714,10.49958333359598,-71.47041666666331,
27577,17.8606,10.505416666929476,-62.927083333330415,Río Bohordal
27578,75.4213,10.505833334394822,-68.17041666666347,Río Morón
27579,0.139597,10.510416666929473,-67.60541666666353,
27580,33.3057,10.512916666929584,-71.63208333333,
27581,22.7834,10.512916666929584,-61.47291666666376,Caparo River
27582,2.91143,10.51541666692964,-61.03708333333054,
27583,4.28366,10.520416666929805,-66.11541666666352,Caño Leal
27584,0.480999,10.53375000026324,-67.39874999999682,Puerto Maya
27585,4.77018,10.536250000263522,-62.44374999999701,
27586,0.315593,10.539583333596738,-75.49124999999646,Arroyo Guayepito
27587,5.94136,10.539583333596738,-68.2045833333301,Río Morón
27588,0.428784,10.540000001701912,-67.34166666687247,
27589,37.3736,10.54125000026346,-62.816249999997126,Río Yaguaraparo
27590,0.17453,10.54208333359702,-61.01624999999717,
27591,1.68759,10.549583333597296,-62.405416666663655,
27592,0.800268,10.550833334398988,-67.24041666666358,
27593,2.54829,10.554583333597236,-62.55041666666375,
27594,0.497313,10.555416666930457,-62.31124999999713,
27595,147.181,10.5550000017019,-61.465833333123896,Caparo River
27596,0.185822,10.555833334399496,-67.18458333333024,
27597,9.88508,10.56625000026412,-62.585416666663775,
27598,5.50078,10.567916666930842,-62.59791666666376,
27599,104.657,10.569166668368323,-62.29333333312616,
27600,80.0315,10.584583333597893,-68.24041666666358,Río Yaracuy
27601,18.8072,10.593333334403042,-67.05458333333013,Quebrada Tacagua
27602,0.107974,10.597916666931496,-75.45541666666327,
27603,0.369884,10.597500001070216,-62.27958333333032,
27604,30.8214,10.601249997015088,-66.95416666666347,Río Curucutí
27605,2.24921,10.604583333598384,-66.90374999999693,Río Macuto
27606,222.176,10.604583333598384,-61.02541666666377,Oropouche River
27607,0.395365,10.607916666932,-68.25708333333023,Río Yaracuy
27608,124.402,10.60958333359855,-67.03208333333015,Quebrada Tacagua
27609,0.747869,10.60958333359855,-66.17124999999675,Río Aricagua
27610,0.200237,10.613750000265384,-66.82708333333028,Río Cerro Grande
27611,12.0681,10.614583333598546,-66.86041666666358,Río Cerro Grande
27612,0.315344,10.615833334405409,-66.37541666666357,Río Aguas Calientas
27613,0.375001,10.61791666693216,-66.31458333333023,Río Aguas Calientas
27614,17.165,10.621250000265434,-66.74624999999685,Río Naiguatá
27615,1236.87,10.622083333598994,-61.49458333333047,Caroni River
27616,0.69199,10.623333334406198,-66.71041666666349,Río Naiguatá
27617,0.127266,10.623333335034149,-66.19749999980161,Río Aricagua
27618,2.66336,10.623750000265716,-61.02958333333049,Oropouche River
27619,5.93077,10.630416666932376,-71.51958333332993,
27620,0.336975,10.631250000265766,-66.51624999999694,Río Osma
27621,0.125575,10.631250000265766,-62.2545833333304,
27622,168.792,10.634583330355213,-71.61583333332999,Cañada Lara
27623,6.60481,10.65041666693287,-63.483749999996974,
27624,2.63623,10.657916666932977,-61.03624999999721,Oropouche River
27625,84.3808,10.658333334409464,-61.52958333333049,Maraval River
27626,0.361457,10.66083333503343,-61.94083333351938,Río Macuro
27627,0.365348,10.66125000026642,-61.93791666666368,Río Macuro
27628,0.704658,10.66458333036121,-63.82333333333031,
27629,22.9677,10.664583333599865,-63.2837499999971,Río Quebrada de Piedra
27630,0.353881,10.665000001700037,-75.39583333351811,Arroyo Grande
27631,204.522,10.667916666933309,-61.53708333333043,Maraval River
27632,4.89827,10.66875000026664,-63.33708333333044,Quebrada Llanada de Güiria
27633,205.008,10.671666667744148,-63.25874999999701,Río Quebrada de Piedra
27634,57.8355,10.672083333600083,-63.247083333330295,Río Quebrada de Piedra
27635,24.5486,10.675416666933527,-63.23208333333031,Río El Chuare
27636,308.762,10.675416666933527,-61.56124999999713,Maraval River
27637,36.1173,10.686249997032292,-68.29749999999683,Caño Ramadita
27638,3.27688,10.691250000267246,-61.60374999999709,Dock Yard - Crews Inn
27639,76.1394,10.70125000026735,-63.114583333330415,
27640,0.844015,10.70500000108052,-61.02208333333039,El Corral
27641,1.27828,10.708750000267798,-63.17124999999709,
27642,0.197569,10.720416666934511,-60.99208333333041,El Corral
27643,0.14967,10.747916666935224,-60.96874999999716,Tompire River
27644,28.3529,10.747312420539744,-71.641315125284,
27645,1.14972,10.749583333601947,-75.26791666666327,
27646,4.11492,10.749583333601947,-68.32041666666345,
27647,0.526542,10.759583333602109,-61.43874999999713,
27648,0.139775,10.780416666935936,-61.39874999999705,
27649,1.5566,10.782083333602657,-60.94541666666379,Tompire River
27650,15.5773,10.784583333602768,-68.32291666666356,
27651,0.168537,10.79375000026971,-61.25124999999696,Paria River
27652,1.31203,10.79333333442247,-60.941249999997126,Tompire River
27653,0.569302,10.79656170581262,-61.301286451787576,Marianne River
27654,0.430559,10.806250000270154,-61.34624999999716,
27655,0.147029,10.815416666936926,-61.15124999999699,Matelot River
27656,0.787877,10.82125000027048,-61.12958333333052,Matelot River
27657,1.18421,10.82958333360392,-61.04958333333042,Shark River
27658,0.354722,10.834583333603916,-60.952083333330506,
27659,0.650863,10.83708333360414,-60.99541666666374,San Souci River
27660,0.595217,10.847083333604305,-68.3187499999969,
27661,0.756346,10.85375000027102,-75.13708333332983,Arroyo Piojó
27662,1.17205,10.8862500002719,-75.06791666666328,Arroyo Juan De Acosta
27663,18.7331,10.898750000272171,-63.9479166666635,
27664,0.169836,10.899583333605506,-75.04374999999652,Arroyo Juan De Acosta
27665,0.267912,10.920416666939389,-68.36374999999691,
27666,0.237157,10.928750000272998,-68.3637499999968,
27667,1.65203,10.963750000273762,-71.37624999999673,
27668,6.08409,10.969583333607318,-71.73708333333002,Río El Limón
27669,0.137375,10.984583333607643,-64.04541666666375,
27670,14.0572,10.9900000016911,-74.29000000012718,Quebrada de Aguja
27671,1.01304,10.99416666777546,-74.95458333332982,Arroyo Ostion
27672,56.1746,11.007083333608191,-71.78708333333009,Río El Limón
27673,0.288436,11.009583333608076,-71.18208333333007,Río Matícora
27674,3.80278,11.017916666941687,-71.15958333333003,Río Matícora
27675,6.67956,11.048750000275902,-74.87541666666317,Río Magdalena
27676,2.69355,11.056250000276124,-71.09124999999665,
27677,31.2039,11.066250000276284,-74.84124999999653,Río Magdalena
27678,38.4602,11.073750000276393,-68.3445833333302,Río Tocuyo
27679,0.542073,11.09041666694361,-71.02624999999654,
27680,0.158619,11.119583330461182,-70.97416666666334,Quebrada Arroyo Hondo
27681,0.836026,11.137916666944648,-68.3829166666635,
27682,0.149495,11.14124999713306,-74.22583333332994,Río Gaira
27683,22.5374,11.17291666694564,-60.749583333330406,
27684,18.2621,11.176249997141326,-60.71166666666375,
27685,1.13311,11.192916666946076,-60.69291666666391,
27686,1.3493,11.193750000279463,-74.23041666666319,Manzanares River
27687,1.66152,11.193750000279463,-60.68791666666374,
27688,3.31812,11.195416666946189,-70.83958333332998,
27689,14.2629,11.197083333612738,-68.47124999999676,
27690,0.121797,11.203750000279626,-70.78041666666343,Quebrada Antúnez
27691,1.21879,11.20708333361324,-60.62874999999724,Double River
27692,24.4718,11.216250000280011,-60.77624999999711,
27693,0.19747,11.217916666946564,-68.4937499999968,
27694,5.15804,11.221250000280008,-60.6087499999972,Double River
27695,3.09068,11.23125000028034,-70.57708333332988,Río Capatárida
27696,19.3724,11.232916666947062,-74.22208333332992,Manzanares River
27697,33.0977,11.235416666947003,-74.21874999999659,Manzanares River
27698,2.50336,11.240833335014145,-60.59000000007956,
27699,8.51943,11.246250000280668,-60.5629166666638,King's Bay River
27700,5.02593,11.248333335014024,-60.58083333341142,King's Bay River
27701,0.130932,11.257083333614162,-73.56041666666323,Río Palomino
27702,0.17332,11.262083333614328,-73.4729166666632,Río Ancho
27703,0.176522,11.262083333614328,-73.40374999999653,Río Cañas
27704,0.123049,11.262083333614328,-73.37458333332995,Río Cañas
27705,0.252539,11.26750000113526,-60.54708333333053,King's Bay River
27706,0.727498,11.268438200775051,-74.19204679395375,Manzanares River
27707,0.623858,11.27208333361466,-73.31874999999661,Río Jeréz
27708,0.221775,11.273750000281382,-68.55708333333018,Río Estero
27709,0.268493,11.284583333614933,-68.60541666666342,Río Estero
27710,1.97821,11.286250000281656,-70.46541666666326,Río Zazárida
27711,0.224207,11.300416663838403,-60.65166666666386,Parletuvier River
27712,0.158473,11.304583333615426,-60.62958333333052,Parletuvier River
27713,0.172029,11.32458333361609,-70.32708333333005,Río Cauca
27714,1.83532,11.341250000282912,-68.69791666666356,
27715,4.92626,11.34666666780953,-68.72124999999687,
27716,3.20357,11.3479166669498,-70.26791666666338,Río Urumaco
27717,1.76086,11.352083333616632,-73.19124999999667,Río Tapias
27718,0.175045,11.385416666950732,-73.15874999999664,
27719,0.193428,11.387500001146918,-73.08624999999665,
27720,0.284945,11.40041666695106,-70.16208333333014,
27721,0.805463,11.413750000284836,-73.08541666666338,
27722,9.51019,11.439166667818654,-68.9762499999967,Río Hueque
27723,0.276958,11.44291666387454,-71.9633333333299,Río Carraipia
27724,0.38494,11.443750000285434,-68.88458333332994,
28150,21.625,11.345416666949916,-85.97125000000239,Brito River
28151,0.180738,11.352916666949795,-83.87375000000259,Caño Rosa
28152,0.112349,11.367916666950292,-86.00791666666896,Brito River
28153,0.431172,11.390416666950898,-86.03208333333572,Río Murciélago
28154,1.45493,11.411250000284724,-86.05625000000248,Río Murciélago
28155,3.89644,11.445416666952156,-86.08791666666912,Río de Nagualapa
28156,9.78681,11.469583333619482,-86.12125000000242,Río de Nagualapa
28157,0.20852,11.474583333619478,-86.13041666666913,Río de Nagualapa
28158,15.1307,11.512083333620694,-83.78541666666916,Caño Monte o Caño Monte Cristo
28159,3.74682,11.51916666833256,-86.17166666664411,Río Escalante
28160,2.57331,11.55958333362156,-86.22208333333583,Río Acayo
28161,0.469827,11.590000001166745,-86.26541666666907,Quebrada Matapalos
28162,0.473992,11.595416666955884,-86.27708333333578,Quebrada Tupilapa
28163,5.49666,11.598750000289158,-86.28458333333583,Quebrada Tupilapa
28164,0.130453,11.598750000289158,-83.68791666666914,Caño El Pato
28165,0.143766,11.601666667834536,-83.68458333333575,Caño El Pato
28166,0.17559,11.60875000028949,-86.30791666666914,Río Grande
28167,0.10957,11.632916666956817,-83.65625000000256,Caño Devil
28168,29.1812,11.647083333623756,-86.35958333333576,Río Grande
28169,7.4394,11.6800000016554,-86.38416666667933,Río Grande
28170,0.759296,11.70125000029168,-83.66791666666927,Caño Santa María
28171,5.81096,11.705000001177837,-86.41458333333583,Río El Tular
28172,0.112891,11.716250000292176,-86.43291666666914,Rio La Junta
28173,13.4129,11.721250000292171,-86.4404166666692,Rio La Junta
28174,0.32411,11.756250000293164,-83.67708333333599,Caño Willing Cay
28175,5.31433,11.775416666960268,-86.5112500000024,Río Masachapa
28176,1.2511,11.78791666696054,-86.5162500000024,Río Masachapa
28177,0.239846,11.80208333362765,-83.7520833333358,Caño Yolina o Tura Creek
28178,0.821934,11.806285106765984,-83.78760581793705,Caño Yolina o Tura Creek
28179,27.7642,11.822083333627972,-86.5312500000025,Río Masachapa
28180,0.60518,11.842916666961967,-86.54625000000232,Quebrada Las Tablas
28181,0.414907,11.84541666696191,-83.81875000000264,Río Tuswani o Río Trusani
28182,0.228507,11.857916666962296,-86.56125000000247,Rio Citalapa
28183,1.6427,11.879583333629512,-86.5837500000024,Río San Diego
28184,5.58522,11.893750000296508,-83.82541666666918,Kukra River
28185,22.7539,11.903750000296611,-86.61208333333559,Río San Diego
28186,0.741275,11.947083333631042,-86.62625000000241,Río San Diego
28187,0.228107,11.957916666964763,-83.7720833333359,Caño El Marañón o Dead Man's Creek
28188,0.766917,11.97875000029859,-83.7720833333359,Caño El Marañón o Dead Man's Creek
28189,26.9578,11.984583330693852,-86.6583333333358,Río Soledad
28190,15.9566,11.998750000299085,-86.67375000000237,
28191,29.0727,12.003750000299078,-83.7629166666693,Caño El Marañón o Dead Man's Creek
28192,0.555497,12.010416666965966,-61.70958333333687,
28193,2.09125,12.019583333632738,-61.68291666667022,
28451,0.594542,14.596250000363456,-61.01708333333693,La Lézarde
28452,1.81338,14.597916667030177,-61.05125000000356,
28453,3.14524,14.600416667030288,-61.0712500000036,Rivière Monsieur
28454,1.42842,14.602083333696784,-61.02125000000353,La Lézarde
28455,0.129115,14.606666668131254,-61.03291666667013,La Lézarde
28456,0.151971,14.612083333696944,-61.09791666667019,Rivière de Fond Bourlet
28457,0.215269,14.612083333696944,-61.02375000000342,La Lézarde
28458,0.185171,14.61791666703067,-61.10291666667024,Rivière de Case-Pilote
28459,68.1993,14.621250000364114,-92.31791666666874,Río Cahoacán
28460,0.367042,14.621250000364114,-60.897916666670255,Rivière du Simon
28461,0.360597,14.643750000364491,-92.34291666666876,Río Cahoacán
28462,2.23821,14.657083333698267,-92.3579166666688,
28463,1.99469,14.702916667032582,-92.4095833333356,
28464,0.104841,14.711250000366364,-61.1837500000035,Rivière Saint-James
28465,0.361547,14.720416667033192,-60.93958333333683,Rivière du Galion
28466,0.405181,14.736250000366852,-92.43291666666892,
28467,8.15417,14.743750000367127,-92.44125000000224,
28468,15.5582,14.78375000036806,-83.31625000000247,
28469,0.855418,14.78625000036834,-60.99625000000333,Rivière du Galion
28470,51.5841,14.793333334474084,-92.50000000103296,Río Coatan
28471,0.15398,14.852916667036538,-61.08291666667003,Rivière de Basse-Pointe
28472,11.3089,14.923750000371683,-92.6262500000022,Río Cuilco
28473,10.8454,14.997916665407786,-83.14083333333593,Coco River
28474,0.163917,15.042916667041425,-83.24958333333598,
28475,0.923771,15.07208333370869,-83.28875000000255,Crique Raya
28476,0.624941,15.081250000375633,-83.29791666666915,Crique Raya
28477,4.52694,15.125416667043226,-83.32708333333596,Crique Raya
28478,18.4348,15.152083333710609,-92.8420833333355,
28479,15.4506,15.16458333371105,-92.8512500000021,
28480,0.392442,15.1737499988555,-83.34583333333592,
28481,2.22477,15.196250000378598,-83.35125000000266,
28482,5.70659,15.19791666704532,-83.7570833333358,Río Nakunta
28483,2.95355,15.243333334861916,-61.31041666667022,
28484,3.8172,15.24625000037986,-83.67791666666926,
28485,4.32235,15.249583333713131,-83.38625000000246,Cruta River
28486,0.573938,15.250416667046691,-83.7679166666693,Río Nakunta
28487,8.52907,15.257500001530104,-92.95458333333556,
28488,1.50899,15.274583333713792,-61.25625000000343,Geneva River
28489,0.732762,15.29041666704751,-83.54875000000266,
28490,25.6932,15.301250000381174,-61.38958333333676,River Canari
28491,1.76994,15.332083333715332,-84.0770833333359,Crique Huamuc
28492,1.8997,15.334583333715273,-61.3929166666702,Belfast River
28493,0.223869,15.33875000038205,-61.24625000000356,River Sarisari
28494,0.963833,15.342916667049051,-61.392083333336814,Belfast River
28495,0.395561,15.343750000382045,-61.24708333333683,River Sarisari
28496,0.256337,15.351250000382493,-84.11041666666921,
28497,1.07819,15.36625000038282,-61.40208333333692,Belfast River
28498,5.33716,15.369583333716092,-84.04125000000238,Crique Huamuc
28499,0.534664,15.373749998991286,-84.12666666666911,Río Warunta
28500,2.07989,15.37375000038304,-61.25125000000344,River Bois Marigot
28501,1.12309,15.376250000383152,-93.086250000002,
28502,0.444103,15.403750000383695,-61.25375000000344,River Bois Marigot
28503,0.158041,15.427083333717803,-61.43375000000344,Layou River
28504,1.10099,15.432916667051131,-61.25625000000343,River Bois Marigot
28505,0.583953,15.452916665713133,-61.445833333336736,Colihaut River
28506,0.332078,15.456249999048737,-93.17500000000211,
28507,0.267351,15.460416667051902,-61.45125000000348,Colihaut River
28508,2.43542,15.46374999905413,-84.11750000000251,
28509,1.11074,15.476250000385733,-84.11875000000248,
28510,0.473305,15.48583333433936,-61.46333333462138,Bioche River
28511,5.31987,15.502916667053114,-93.22791666666876,
28512,0.202725,15.514583333719996,-61.46875000000336,Bioche River
28513,0.916172,15.519583333720163,-61.273750000003474,Melville Hall River
28514,0.676529,15.548750000387429,-61.29375000000334,Melville Hall River
28515,5.01064,15.557083333720868,-93.28875000000215,Río Pijijiapan
28516,1.84091,15.558333334326676,-61.45999999869383,Dublanc River
28517,1.14898,15.55875000038759,-61.29708333333679,Melville Hall River
28518,5.49869,15.57541666705481,-61.45625000000348,North River
28519,0.539627,15.586250000388304,-93.31875000000208,Río Pijijiapan
28520,0.229372,15.586250000388304,-61.31875000000338,
28521,0.649675,15.590416667055138,-61.33375000000342,Hampstead River
28522,1.25995,15.595416667055304,-61.38875000000348,Aouya River
28523,0.630697,15.59666666823074,-61.3595833333369,
28524,0.75037,15.60291666582043,-93.3466666666688,
28525,1.20408,15.664583333723556,-93.42291666666875,
28526,4.574,15.682083333724108,-88.13875000000235,Río Masca
28527,0.414611,15.682916667057498,-88.15875000000244,Río Masca
28528,4.60879,15.68458333372422,-96.61791666666876,
28529,0.595888,15.685416667057382,-96.25375000000196,
28530,0.160501,15.685416667057382,-88.12541666666891,Río Chachaguala
28531,2.26706,15.688750000390996,-96.32541666666872,
28532,0.532758,15.69333333490738,-96.40208333333544,
28533,1.30509,15.694583333724552,-88.62375000000225,Río Agua Caliente
28534,2.26829,15.694583333724552,-88.18125000000231,Río Masca
28535,19.1154,15.695416667057884,-88.61958333333564,Río Agua Caliente
28536,0.183772,15.697083333724436,-84.15708333333589,
28537,29.5194,15.70041666705788,-88.6079166666691,Río Agua Caliente
28538,0.175083,15.70041666705788,-88.1087500000022,Río Chachaguala
28539,12.7818,15.704583333724711,-88.19541666666902,Motagua River
28540,36.7719,15.708333334908788,-88.59458333333578,Río Agua Caliente
28541,0.512729,15.7112500003916,-96.68041666666858,
28542,0.970165,15.71958333372504,-88.64041666666884,Río San Carlos
28543,80.1127,15.71958333372504,-88.60125000000221,
28544,0.160545,15.724583333725208,-96.73125000000208,
28545,232.126,15.72541666705854,-88.23041666666904,Motagua River
28546,0.43471,15.726250000391929,-96.16125000000204,Río Cacaluta
28547,1.26854,15.726250000391929,-88.10125000000244,Río Chachaguala
28548,5.07757,15.728750000391983,-96.76125000000206,
28549,1.8064,15.728333334910872,-93.50375000000209,
28550,0.178797,15.734166667630802,-96.8025000013713,
28551,0.85115,15.738333334911886,-96.8512500000021,
28552,0.172207,15.739583333725534,-88.2712500000024,
28553,39.007,15.742916667059148,-88.59541666666905,Río Agua Caliente
28554,10.6495,15.7504166670592,-88.57875000000217,RÍo Pichilingo
28555,0.185037,15.754583333725805,-88.06375000000241,Río Omoa
28556,3.66999,15.756250000392528,-86.91708333333577,Río Coloradito
28557,0.994724,15.756250000392528,-86.90625000000244,Río Coloradito
28558,1.78207,15.757916667059476,-88.64208333333568,Río San Carlos
28559,7.83411,15.757916667059476,-86.8937500000024,Río Coloradito
28560,2.04969,15.759583333726198,-86.94875000000235,Río Coloradito
28561,0.410648,15.760833334914082,-96.12125000000184,Río Cacaluta
28562,4.73658,15.761666668247583,-86.88708333333568,Río Coloradito
28563,0.106451,15.763750000392974,-86.97625000000227,Rio Perla
28564,13.9376,15.764583333726364,-86.86041666666904,Río Bonito
28565,2.17284,15.766250000393086,-86.83208333333573,Río Bonito
28566,0.401388,15.770416667059692,-96.09875000000198,
28567,8.96869,15.770416667059692,-86.9987500000023,Rio Perla
28568,6.61005,15.772083333726414,-88.0454166666691,Río Omoa
28569,0.675739,15.774583333726468,-84.6370833333358,Río Sicre / Sikri
28570,5.9883,15.775416667059858,-86.81708333333575,Río Cangrejal
28571,0.251828,15.779583333726634,-84.5462500000026,Río Sicre / Sikri
28572,0.44888,15.780416667060024,-96.92291666666858,
28573,61.159,15.782083333726746,-87.45541666666907,Río La Esperanza
28574,5.62384,15.782916667059908,-86.38291666666908,
28575,0.109822,15.783333334916392,-88.68291666666903,Río San Carlos
28576,33.9987,15.783750000393468,-86.80041666666915,Río Cangrejal
28577,0.912696,15.78541666706019,-88.02875000000233,Quebrada de Chivana
28578,11.5714,15.786250000393522,-87.09125000000245,Río Cuero
28579,0.108958,15.787083333726912,-86.7087500000024,Quebrada Juana
28580,0.182273,15.787083333726912,-86.69625000000241,Río Piedras
28581,0.235963,15.787916667060074,-87.99375000000231,Río El Indio
28582,1.31833,15.787916667060074,-86.44125000000236,
28583,25.3607,15.788750000393463,-87.13791666666907,Río Cuero
28584,2.56862,15.790000001583849,-96.04791666666864,Río Copalito
28585,0.452202,15.790416667060356,-86.73208333333577,Río Cangrejal
28586,2.49962,15.79291666596123,-87.16583333333568,
28587,18.8569,15.793333334288093,-86.74916666805797,Río Cangrejal
28588,1.87074,15.797916667060235,-86.59625000000244,Río Cuyamel
28589,2.18909,15.798750000393795,-87.19875000000246,
28590,154.805,15.798750000393795,-86.77541666666912,Río Cangrejal
28591,2.44282,15.800416667060516,-87.43458333333575,Río Lancetilla
28592,1.10967,15.800000001584865,-86.57791666666913,
28593,0.517984,15.80208333372724,-86.56291666666891,
28594,0.445025,15.80208333372724,-86.33041666666918,
28595,1.61826,15.802916667060572,-87.97291666666911,Río Cienaguita
28596,2.08185,15.802916667060572,-84.59958333333577,Río Sicre / Sikri
28597,8.69774,15.80291666878901,-84.2904166695447,Crique Yaunkra
28598,0.162966,15.805416667060683,-96.01041666666868,Río Copalito
28599,0.528536,15.807083333727403,-87.23375000000249,
28600,0.755201,15.807083333727403,-86.52375000000245,Río Papaloteca
28601,3.65035,15.807916667060738,-87.9487500000024,Río Cienaguita
28602,1.37702,15.807916667060738,-86.29875000000254,
28603,398.963,15.81041666706068,-88.75791666666896,Río Dulce
28604,0.426291,15.810833334919266,-88.74625000000242,Río Dulce
28605,4.08548,15.813333334284836,-97.02666666806414,Colotepec
28606,0.895652,15.815833334284548,-95.98166666527236,Rio Zimatan
28607,27.568,15.816250000394176,-86.49875000000242,Río Papaloteca
28608,0.103461,15.818750000394118,-87.27291666666895,Rio Lean
28609,2.06105,15.81958333372762,-84.5029166666692,Crique Sup o Twiku
28610,13.9342,15.822083333727733,-88.38208333333557,Río Piteros
28611,0.377204,15.827916667061231,-95.96458333333533,Rio Zimatan
28612,32.5285,15.827916667061231,-87.30541666666898,Rio Lean
28613,46.9102,15.82875000039462,-87.93208333333575,Río Cienaguita
28614,0.538616,15.839583333728283,-88.41708333333565,Río Piteros
28615,0.181613,15.843750000394948,-88.770416666669,Río Dulce
28616,25.5727,15.84458333372828,-87.58958333333555,
28617,0.220937,15.84500000158937,-86.2479166666692,Río Bambú
28618,3.28614,15.849583333728448,-93.66875000000203,
28619,0.592005,15.859166668257387,-97.0620833333354,Colotepec
28620,1.32419,15.86041666706194,-85.4804166666691,Río Limón
28621,0.195572,15.86041666706194,-85.44541666666919,
28622,0.175228,15.8612500003955,-95.84375000000205,
28623,1.84624,15.862083333728664,-88.8812500000023,Río Dulce Creek
28624,0.119557,15.862083333728664,-88.85958333333559,
28625,0.109363,15.865416667062108,-88.83625000000228,
28626,0.574961,15.866666668258349,-95.82208333333529,
28627,4.6334,15.867916667062218,-85.50875000000241,Río Limón
28628,0.120743,15.876250000395828,-85.53541666666911,Río Limón
28629,1.19439,15.87708333372916,-85.3679166666692,
28630,0.651289,15.87708333372916,-85.31791666666925,Río Miel
28631,0.226869,15.8795833337291,-85.28041666666923,Quebrada del Urraco
28632,1.62349,15.880000001592862,-84.71708333333584,Plátano River
28633,0.479814,15.88750000159382,-85.23541666666915,Río Sico / Tinto / Negro
28634,4.88157,15.889166668260373,-85.22875000000244,Río Sico / Tinto / Negro
28635,4.82991,15.890833334927436,-97.12791666666864,
28636,1.24678,15.89124999936979,-87.66250000000241,Canal Martinez
28637,0.1761,15.892500000939547,-88.91583333191437,Río Dulce Creek
28638,531.513,15.89541666706276,-87.79125000000232,Canal del Cruce
28639,50.1206,15.89625000039632,-88.9204166666691,Río Dulce Creek
28640,0.279864,15.897083333729654,-95.76958333333532,
28641,2.75139,15.897916667063043,-86.0695833333358,Río Mármol
28642,0.509934,15.897916667063043,-86.05708333333575,Río Mármol
28643,0.58596,15.899583333729764,-86.12625000000241,Quebrada El Gringo
28644,0.170609,15.899583333729764,-86.10541666666916,
28645,1.20925,15.900833334271567,-84.78833333475984,
28646,0.716703,15.90291666706304,-86.0020833333358,Río Mojaguay
28647,0.631604,15.90291666706321,-85.99958333333586,Río Mojaguay
28648,0.480317,15.91041666706326,-95.70791666666868,
28649,0.754122,15.914583333730093,-85.16541666666922,Río Sangrelaya
28650,4.25722,15.917916667063537,-85.9637500000025,Río Negro
28651,190.788,15.91875000039687,-87.71791666666905,Río Ulúa
28652,4.3623,15.924583333730425,-85.94541666666902,Río Negro
28653,0.58339,15.927916667063698,-95.6337500000019,
28654,5.25357,15.932916667063864,-97.25041666666868,Río Manialtepec
28655,8.81499,15.93708333373064,-93.81541666666868,
28656,0.428382,15.944583333730918,-97.40708333333532,
28657,14.0882,15.945000000931714,-84.90000000144067,Río Palacios
28658,0.227605,15.947083333730802,-97.34708333333526,
28659,102.204,15.948750000397524,-85.68625000000247,Río El Lirio
28660,5.26138,15.95208333373114,-97.466250000002,Río Grande
28661,0.225582,15.95750000160075,-97.48708333333524,Río Grande
28662,0.356314,15.962916667064462,-95.53291666666873,
28663,1.02478,15.964166668268206,-84.94875000000246,Río Palacios
28664,8.49412,15.966250000397906,-85.72958333333588,Río El Lirio
28665,1.068,15.967083333731466,-97.67541666666858,
28666,2.9322,15.978333334260128,-88.93416666522012,Temash River
28667,0.48732,15.978333334260128,-84.99083333478467,Río Claura
28668,14.7762,15.985416667065069,-97.78875000000198,Río Verde
28669,0.967581,15.985416667065069,-85.02208333333579,Río Claura
28670,0.372218,15.986666668270344,-61.722083333336855,Rivière aux Herbes
28671,0.271752,15.995937053346836,-61.73121236115827,Rivière aux Herbes
28672,6.4913,16.001250000398898,-85.837916666669,
28673,1.07329,16.002083333732287,-88.91625000000238,Temash River
28674,2.13327,16.00291666706562,-85.84375000000233,
28675,0.429137,16.00500000160571,-95.41875000000198,
28676,0.363499,16.01291666706595,-61.74625000000333,Grande Rivière des Vieux Habitants
28677,0.177812,16.05375000040027,-61.55625000000333,Ravine Dumanoir
28678,0.232499,16.059583333733826,-95.37041666666876,
28679,21.279,16.059583333733826,-88.85291666666899,Moho River
28680,2.52546,16.06958333373416,-93.8854166666688,
28681,0.537697,16.077083333734038,-95.35791666666864,
28682,0.149641,16.07875000040093,-86.97708333333583,Aliah Channel
28683,0.264422,16.08541666706782,-93.90625000000205,
28684,0.155253,16.08708333285722,-97.940000000002,
28685,7.77775,16.092916667067925,-93.95541666666884,
28686,24.4446,16.092916666195208,-88.80750000000239,Joe Taylor Creek
28687,1.26206,16.099583333734813,-93.99375000000208,Río Lagartero
28688,0.415036,16.109583333734975,-94.00791666666868,Río Lagartero
28689,0.300968,16.115416667068473,-97.9870833333352,
28690,5.94739,16.11916666828381,-97.99375000000202,
28691,0.202437,16.119583333735306,-86.92541666666904,
28692,0.693758,16.12041666706864,-88.7945833333356,Río Grande
28693,0.230544,16.123750000402083,-94.07958333333544,
28694,0.102795,16.127500001618102,-61.56375000000344,La Petite Rivière à Goyave
28695,0.350661,16.13875000040258,-94.09375000000205,
28696,8.96729,16.149583333736075,-88.7537500000023,Río Grande
28697,1.80059,16.183750000403563,-95.15708333333532,Río Tehuantepec
28698,10.8735,16.189583333737062,-95.12791666666874,
28699,0.516018,16.194583333737228,-94.1154166666687,
28700,7.67163,16.197916667070672,-94.1829166666688,Rio Novillero
28701,0.287942,16.2070833337375,-61.50375000000349,Ravine du Chemin Pavé
28702,2.67673,16.208750000404393,-94.65958333333548,
28703,0.103565,16.216250000404443,-94.14791666666883,
28704,0.122786,16.218749999630916,-61.58833333333678,Ravine Négresse
28705,0.644595,16.22333333496124,-98.1937500000019,
28706,0.183602,16.23125000040494,-88.72958333333565,Middle River
28707,0.123851,16.234583333738215,-61.36458333333678,Rivière de l'Anse à la Barque
28708,1.47085,16.2370833337381,-88.72875000000238,
28709,0.298946,16.244583333738547,-98.25541666666868,
28710,0.112293,16.24625000040527,-98.263750000002,
28711,0.11464,16.252083333738767,-61.55291666667,
28712,0.250198,16.254583333738708,-98.30541666666863,
28713,1.59088,16.261250000405596,-88.58458333333562,Payne's Creek
28714,0.121368,16.266666667554205,-61.5949999984656,Ravine Négresse
28715,0.230553,16.283750000406144,-98.461250000002,
28716,4.1788,16.284583333739533,-88.65125000000239,
28717,1.07746,16.29374999969309,-61.54416666667015,
28718,0.120332,16.295416667073198,-94.383750000002,
28719,0.17197,16.302916667073305,-61.61458333333667,Grande Rivière à Goyaves
28720,0.159161,16.31291666707341,-61.53458333333674,Canal Perrin
28721,0.141599,16.31375000040697,-88.52541666666895,
28722,12.0626,16.315833334970705,-86.53958333333571,
28723,1.05415,16.32375000040713,-95.03625000000216,Río Viejo
28724,0.459103,16.331666668305445,-61.34125000000358,Ravine Corneille
28725,10.8426,16.334583333740795,-94.97291666666864,Rio los Perros
28726,0.930628,16.342916667074235,-94.59875000000204,
28727,0.143831,16.35458333374129,-61.498750000003554,Ravine Gaschet
28728,0.115232,16.359166667542866,-94.68749999843686,
28729,8.15625,16.36541666707484,-88.48375000000226,Monkey River
28730,0.19833,16.395416667075835,-94.94458333333546,
28731,1.19667,16.401250000409334,-88.47375000000227,Sennis River
28732,0.383088,16.40708333374249,-94.8220833333354,
28733,0.282286,16.420416667076267,-98.64791666666844,
28734,4.13491,16.427083333743155,-94.83958333333544,
28735,2.00915,16.43041666707643,-94.87458333333537,
28736,1.04977,16.43904722070448,-88.44570985208111,
28737,0.138885,16.461250000410644,-85.91375000000244,The Canal
28738,0.454504,16.464583333744258,-88.42125000000232,Sennis River
28739,0.67227,16.485416667078084,-85.84958333333589,
28740,17.942,16.510416667078573,-98.72041666666854,
28741,3.42058,16.510416667078573,-88.39708333333579,Flour Camp Creek
28742,1.18437,16.53958333374601,-98.7587500000019,
28743,5.16858,16.542916667079453,-88.39041666666901,Flour Camp Creek
28744,0.606972,16.548750000412838,-98.84375000000188,
28745,17.1016,16.555416667079726,-98.81958333333525,
28746,0.348806,16.55625000041323,-98.7845833333352,
28747,0.458151,16.55875000041317,-98.96958333333532,
28748,4.59746,16.565416667080058,-88.37041666666903,
28749,2.12252,16.573750000413497,-99.01208333333524,
28750,2.23069,16.603750000414493,-99.12208333333524,
28751,14.8287,16.629583333748485,-99.211250000002,
28752,1.65002,16.641666668337223,-99.26208333333516,
28753,3.99981,16.687083333749854,-99.49041666666848,
28754,2.3287,16.687916667083243,-99.50208333333524,
28755,41.9319,16.688750000416576,-99.62291666666852,
28800,1.35504,17.663750000441837,-101.61041666666848,
28801,2.57949,17.701250000442712,-101.64625000000176,
28802,0.469933,17.725416667655907,-101.66083333333512,
28803,1.55004,17.75125000044403,-101.68125000000168,
28804,0.513309,17.76791666711108,-77.2612500000028,Rio Minho
28805,2.57644,17.768750000444413,-71.34458333333646,
28806,1.52301,17.772083333777857,-77.15625000000279,
28807,48.4304,17.77541666711113,-77.27291666666952,Rio Minho
28808,0.12158,17.787916667111574,-77.29125000000283,
28809,1.25468,17.81958333377912,-77.32291666666958,Rio Minho
28810,0.315455,17.822916667112565,-101.75875000000178,
28811,0.41121,17.82625000044601,-77.16041666666939,Salt River
28812,0.256426,17.841250000446337,-101.76875000000184,
28813,284.149,17.841250000446337,-77.36291666666955,Milk River
28814,0.711022,17.844583333779553,-77.50791666666942,
28815,0.887877,17.845416667113113,-88.21208333333561,
28816,0.719526,17.851666667451013,-76.52499999809004,
28817,1.66171,17.853750000446723,-71.28625000000312,Canal Nizaito
28818,0.73293,17.855416667113275,-71.28375000000295,Canal Nizaito
28819,0.477673,17.86041666711344,-77.1537500000029,
28820,0.12062,17.861250000447,-77.66625000000283,
28821,5.70187,17.864583333780217,-77.40708333333612,Milk River
28822,0.662176,17.866250000447167,-77.69125000000281,Browns Gully
28823,1.97885,17.866250001113997,-77.62500000000279,
28824,0.358052,17.86875000044705,-76.47708333333611,
28825,12.7457,17.869583333780383,-77.57458333333614,Alligator Hole River
28826,11.4988,17.869583333780383,-76.59458333333623,Yallahs River
28827,1.66641,17.870416667113773,-77.7495833333362,
28828,10.4466,17.873333335130553,-76.57041666666953,Yallahs River
28829,0.813643,17.87458333378055,-76.44958333333614,Morant River
28830,1.50465,17.874166668464113,-76.43041666666954,
28831,27.9039,17.87625000044727,-76.41791666666961,Morant River
28832,2.52185,17.876250001122685,-76.3791666666695,Morant River
28833,0.466633,17.878750000447212,-76.29125000000295,
28834,5.73662,17.880416667114105,-76.39458333333613,Morant River
28835,15.7234,17.882083333780827,-77.14125000000274,
28836,0.665785,17.882083333780827,-76.33541666666957,Connor River
29111,4.67934,18.41458333379478,-68.95375000000314,Río Dulce
29112,0.121377,18.416250000461503,-77.12791666666948,Dunns River
29113,21.2107,18.416250000461503,-77.0720833333362,White River
29114,1.71044,18.41791666712805,-78.25208333333597,
29115,510.824,18.417500001854023,-70.01791666666963,Río Haina
29116,0.212494,18.419583333794776,-70.60041666666967,
29117,1.97128,18.42125000046149,-68.44625000000326,
29118,3.24726,18.42208333379466,-70.62458333333643,
29119,11.7041,18.425416667128275,-93.43375000000208,
29120,19.6891,18.426250000461664,-72.7404166666696,Rivière Lavange
29121,64.4006,18.427916667128382,-72.72375000000306,Rivière Lavange
29122,4.89397,18.427916667128382,-69.39541666666992,
29123,0.477004,18.42875000046172,-94.75208333333528,Río Piedra Labrada
29124,0.707193,18.42875000046172,-70.68958333333637,Río Vía
29125,0.714564,18.42875000046172,-70.64458333333641,
29126,0.554141,18.429583333795108,-70.65708333333646,
29127,6.46013,18.4325000018556,-77.16625000000283,Dunns River
29128,0.287156,18.43291666712838,-72.78041666666968,Rivière de Grand Goâve
29129,15.2464,18.43291666712838,-72.77458333333641,Rivière Lavange
29130,4.56315,18.43291666712838,-66.0979166666699,Río Piedras
29131,0.53944,18.43375000046172,-69.19208333333643,Río Soco
29132,0.198594,18.434583333795103,-94.758750000002,
29133,0.199767,18.435000001855823,-65.85875000000328,Caño Gallardo
29134,47.7406,18.43708333493612,-93.14833333333542,Río Seco
29135,48.2357,18.43708333379533,-69.63291666666964,
29136,27.6609,18.437916667128547,-93.086250000002,Río Seco
29137,9.58595,18.437916667128547,-65.87875000000332,Caño Gallardo
29138,3.91946,18.43875000046188,-78.16708333333611,Lucea East River
29139,12.2469,18.43875000046188,-72.90125000000285,Riviere des Vignes
29140,3.54054,18.4404166671286,-78.15458333333606,Lucea East River
29141,0.3478,18.44125000046199,-77.20541666666941,Negro River
29142,1.89005,18.442083334940207,-77.18833333333612,Little River
29163,54.7239,18.452083333795656,-69.2037500000032,Río Soco
29164,9.8823,18.45375000046237,-66.15375000000319,Río Bayamón
29165,17.3379,18.45458333379554,-77.93208333333621,
29166,2.1637,18.45458333379554,-74.46458333333612,Rivière Mandou
29167,26.9274,18.45375000206696,-69.32041667055393,Río Higuamo
29168,0.414207,18.4554166671291,-103.55875000000174,
29169,1.51981,18.45875000030054,-77.24375000000276,
29170,1.69783,18.461250000462428,-77.40958333333617,Rio Bueno
29171,0.140539,18.461250000462428,-77.36041666666955,Pear Tree Bottom River
29172,0.923455,18.461250000462428,-68.40458333333657,
29173,60.0932,18.46291666829092,-69.31916666666979,Río Higuamo
29174,4.0437,18.46375000046271,-77.33791666666946,Pear Tree Bottom River
29175,0.637954,18.46375000046271,-73.12375000000304,Ravine Bon Dos
29176,5.6572,18.46375000046271,-69.32458333333648,
29177,5.3318,18.4645833337961,-77.32625000000291,Pear Tree Bottom River
29178,1.55522,18.46541666712926,-94.77625000000204,
29179,1.99058,18.46541666712926,-77.39875000000274,Rio Bueno
29180,139.198,18.467083333795983,-69.32541666666975,Río Higuamo
29181,0.330885,18.467083333795983,-66.22958333333668,Río de la Plata
29182,2180.02,18.46791666712932,-69.88125000000315,
29183,0.509494,18.467916668295004,-69.87666666666985,
29184,74.6646,18.469583333796265,-77.92375000000288,South Gully
29185,25.017,18.46916666852616,-77.45375000000274,Rio Bueno
29186,0.51017,18.469583333796265,-66.45041666666987,
29187,0.240323,18.47291666712948,-94.77875000000192,
29188,3.44273,18.47291666712948,-66.71041666666997,Río Grande de Arecibo
29189,5.37303,18.47250000185977,-66.25375000000332,
29190,13.3528,18.47375000046287,-72.6679166666695,Rivière Rouyonne
29191,64.0939,18.47666666852689,-77.9262500000026,South Gully
29192,4.58181,18.477083333796315,-73.24125000000294,Riviere Pass Hermance
29193,11.973,18.477083333796315,-73.23875000000305,Riviere Pass Hermance
29194,0.244332,18.47958333379637,-77.49041666666943,
29195,2.98331,18.480833335194063,-66.53291666666985,
29196,2.26097,18.48208333379631,-73.15708333333635,Ravine Bon Dos
29197,0.194817,18.482916667129643,-92.7987500000022,
29198,10.6123,18.482916667129643,-72.6645833333364,Rivière Rouyonne
29199,0.356912,18.483750000463203,-66.90125000000313,
29200,3.33719,18.483750000463203,-66.37875000000338,Río Cibuco
29201,135.62,18.484583334975355,-73.2966666666697,Grande Rivière de Nippes
29202,7.67348,18.48416666852768,-73.29125000000289,Grande Rivière de Nippes
29203,1.5696,18.48500000186124,-77.60958333333605,Martha Brae River
29204,0.777243,18.48708333379648,-66.83541666666986,Río Camuy
29205,0.217098,18.48708333379648,-66.56208333333666,Río Grande de Manatí
29206,48.5373,18.48791666712981,-77.6487500000029,Martha Brae River
29207,0.829435,18.48791666712981,-73.30291666666972,
29208,12.3455,18.48875000046337,-88.3179166666689,
29209,3.07293,18.48875000046337,-73.19041666666959,
29210,0.619188,18.48875000046337,-66.95708333333664,Río Guajataca
29211,0.467415,18.491250000463253,-77.55041666666955,
29212,0.111171,18.491250000463253,-66.61791666667,
29213,5.95215,18.492083333796643,-77.69625000000275,
29214,1.10422,18.493750000463365,-91.79541666666888,
29215,28.7784,18.493750000463365,-88.29625000000232,Hondo River
29216,2.51639,18.49791666713014,-68.38958333333653,
29217,0.133981,18.50250000080649,-94.78666666866808,
29218,0.270207,18.502916667130137,-73.59541666666973,Rivières des Baradères
29219,17.2185,18.502916667130137,-72.6570833333364,
29220,49.4858,18.50541666713042,-73.63625000000292,
29221,30.1977,18.50625000046375,-73.66625000000295,Rivières des Baradères
29222,11.8585,18.50625000046375,-73.3470833333364,Grande Rivière de Nippes
29223,0.755707,18.50875000046369,-73.57041666666959,
29224,0.578164,18.509583333797025,-67.01541666666998,
29225,0.270489,18.512083333797136,-67.10708333333639,
29226,0.351009,18.51541666713058,-67.09875000000329,
29227,50.0215,18.517916667130805,-72.65208333333635,Rivière Rouyonne
29228,1.94327,18.51958333379736,-73.41541666666961,
29229,7.60984,18.520416667130743,-73.54625000000294,
29230,7.59418,18.52416666853168,-73.4670833333364,
29231,0.150532,18.52708333379764,-91.4145833333356,
29232,2.5551,18.52708333379764,-73.52208333333635,
29233,9.94525,18.527916667130967,-73.51375000000303,
29234,0.689532,18.52958333379752,-103.60541666666848,
29235,26.7516,18.53166666747535,-73.9166666646675,Rivière Lacombe
29236,275.34,18.53708333501885,-72.35750000000291,Ravine Bréa
29237,1.46947,18.53958333379802,-74.43375000000299,Rivière de Dame Marie
29238,0.280964,18.53958333379802,-73.77791666666957,
29239,0.401887,18.54291666713129,-73.76208333333625,
29240,1.18237,18.543436259995303,-73.79121159675327,
29241,0.288579,18.54375000046485,-73.70958333333635,
29242,0.142503,18.544583333798187,-94.86125000000192,
29243,18.7871,18.544583333798187,-72.54208333333634,Momance River
29244,14.8887,18.54625000046473,-72.52208333333618,Momance River
29245,246.806,18.54791666713146,-72.34875000000306,
29246,0.224904,18.549166668534497,-94.93875000000202,
29247,265.691,18.553750000465016,-72.413750000003,
29248,1.89213,18.55541666713151,-94.98875000000191,
29249,1.53271,18.55750000186879,-73.8129166666696,
29250,1.11819,18.557916667131792,-72.60791666666961,Momance River
29251,49.5878,18.55958333379852,-72.59875000000295,Momance River
29252,113.584,18.56458333379868,-92.67375000000207,Río Grijalva
29253,21.8449,18.56458333379868,-74.42125000000294,Rivière de Dame Marie
29254,0.172943,18.56541666713207,-73.83291666666969,
29255,5.74091,18.57375000046545,-73.9104166666695,Rivière Lacombe
29256,210.047,18.5762500004654,-72.33875000000307,Rivière Grise
29257,46.0755,18.584583333799173,-72.00625000000298,
29357,0.381221,19.055416667144925,-69.36708333333644,Rio Yabon
29358,3.10772,19.062083333811813,-104.30291666666837,El Zacate
29359,1.37062,19.07125000047864,-69.44958333333642,Rio Caño Hondo
29360,10.8928,19.072916667145364,-69.38541666666976,Rio Yabon
29428,0.274009,19.4887500004898,-72.79208333333628,
29429,1.65784,19.502083333823578,-96.33208333333532,Río Agua Fría
29430,48.2908,19.5029166671568,-69.87208333333632,Río Boba
29431,3.74095,19.5162500004904,-72.82875000000308,Rivière Bouvard
29432,0.172381,19.532083333824232,-105.08125000000166,Arroyo Chamela
29433,3.39303,19.54458333382445,-72.8870833333363,Rivière Froide
29434,5.04736,19.54958333382461,-69.90458333333652,
29435,3.14591,19.55541666715817,-72.90291666666974,Rivière Froide
29436,1.07735,19.559583333824776,-69.89791666666974,
29437,0.91542,19.56291666715839,-72.92125000000306,Rivière Colombier
29438,0.772893,19.566250000491834,-72.92791666666949,Rivière Colombier
29439,37.3399,19.57375000049194,-72.95041666666964,Rivière Colombier
29440,0.189995,19.585416667158995,-69.89375000000308,
29441,0.209928,19.58666666864389,-105.11541666666824,
29442,1.02863,19.58916666761104,-96.3791666646332,
29443,5.83147,19.59041666715916,-72.97875000000295,Rivière Colombier
29444,0.117088,19.607500000948,-90.68833333130068,
29445,1.12639,19.607916667159543,-87.74541666666897,
29446,21.7518,19.61428491941183,-72.99320896718939,Ravine Maholière
29447,1.36829,19.62208333382653,-70.16458333333628,Río Magante
29448,6.75272,19.626250000493314,-70.1145833333365,Río San Juan
29449,4.10358,19.627916667160207,-70.1879166666696,Río Magante
29450,2.61275,19.6329166671602,-70.20791666666963,Río Magante
29451,25.7327,19.63375000252801,-73.06166666666951,Rivière Anse Coudre
29452,0.78068,19.63750000198263,-73.11708333333615,Ti Rivière
29453,12.4016,19.63791666716037,-70.08375000000302,Río San Juan
29454,0.880315,19.63875000049376,-105.21208333333487,
29455,8.75134,19.64208333382697,-70.08125000000302,Río San Juan
29456,11.4185,19.64541666716065,-70.27958333333635,Río Joba
29457,0.908096,19.64875000049409,-71.81875000000298,Rivière Marion
29458,1.00273,19.649583333827422,-70.29458333333633,Río Joba
29459,0.338663,19.64916666762258,-69.91333333536949,
29460,4.19781,19.658750000494194,-73.21791666666962,Rivière De Henne
29461,0.235996,19.658750000494194,-70.07041666666976,Río San Juan
29462,1.00943,19.66375000049436,-69.93625000000299,
29463,3.61158,19.66541666716108,-70.3204166666697,Río Yásica
29464,0.440729,19.666250000494472,-96.39875000000212,
29465,39.8516,19.66958333382792,-71.8387500000029,Rivière Marion
29466,110.098,19.68125000049497,-70.33875000000296,Río Yásica
29467,1.58747,19.68125000049497,-69.97458333333645,
29468,0.798749,19.68125000049497,-69.96541666666985,
29469,3.7364,19.68375000049485,-71.88708333333636,Ahd's River
29470,58.7171,19.69875000049518,-72.0120833333363,Rivière Trou-du-Nord
29471,0.835303,19.7020833338288,-96.4079166666686,
29472,12.577,19.702083335909435,-72.03833333333631,Rivière Trou-du-Nord
29473,142.72,19.702500001989392,-71.75875000000303,Río Dajabón
29474,4.52588,19.70708333382879,-71.731250000003,Río Dajabón
29475,11.4251,19.70958333382908,-72.31125000000299,Rivière Salée
29476,1.68313,19.711250000495625,-70.37125000000304,Río Yásica
29477,0.16634,19.72291666716268,-71.72541666666973,Río Dajabón
29478,0.244891,19.727083333829285,-72.09458333333629,Grande-Rivière-du-Nord
29479,1.63092,19.728750000496177,-105.2937500000017,
29480,0.203017,19.728750000496177,-71.93458333333632,Ahd's River
29481,5.76494,19.730833335325823,-72.1154166666696,Grande-Rivière-du-Nord
29482,43.5035,19.742083333829783,-72.17708333333621,Rivière du Haut-du-Cap
29483,182.633,19.74291666716317,-72.19541666666953,Rivière du Haut-du-Cap
29484,163.446,19.74458333382989,-72.12708333333632,Rivière Commerce
29485,2.18056,19.74458333382989,-70.39291666666975,Río Yásica
29486,1.50753,19.754583333830222,-70.58708333333652,Río Camú
29487,3.26868,19.75541666716356,-70.52625000000307,Río Sosúa
29488,2.84623,19.756250000496948,-70.41541666666978,
29489,19.6358,19.761250000496887,-70.60625000000312,Río Camú
29490,0.214862,19.76291666716361,-71.74208333333632,
29491,2.68071,19.76375000049717,-70.42208333333639,
29492,0.57824,19.76958333595644,-96.42083333333534,
29493,1.15832,19.775000000981777,-96.4233333353618,
29494,4.26653,19.784583333830994,-70.47958333333645,
29495,0.580188,19.801250000498044,-96.43625000000202,
29496,35.9055,19.80208333383144,-70.70541666666969,Río San Marcos
29497,19.5704,19.80208333383144,-70.69875000000309,Río San Marcos
29498,116.971,19.804583333831488,-72.39125000000286,Riviere du Limbé
29499,9.7848,19.80875000049832,-73.37625000000298,Rivière du Môle-Saint-Nicolas du la Gorge
29500,102.627,19.817916667165093,-72.43541666666977,Riviere du Limbé
29501,0.226215,19.82041666716537,-72.48958333333638,Rivière Petit Bourg
29502,2.32686,19.82875000049881,-70.78125000000318,Río Maimón
29503,319.49,19.8412500004992,-71.68041666666977,Río Yaque del Norte
29504,1.73848,19.84208333383259,-105.37708333333478,Tomatlán
29505,88.2822,19.84708333600986,-72.5291666666696,Rivière Petit Bourg
29506,24.8817,19.852083333832752,-90.532916666669,Ría
29507,4.83702,19.85375000268118,-71.66250000000309,Río Yaque del Norte
29508,5.63433,19.854583333832807,-71.17625000000294,
29509,21.8958,19.85708333383292,-90.52291666666883,Ría
29510,0.140148,19.85708333383292,-70.79625000000306,Río Maimón
29511,1.58087,19.8654166671663,-71.10958333333639,
29512,0.764574,19.86875000049997,-71.09875000000312,Río Bajabonico
29631,0.838744,22.378333335612297,-105.64125000000148,
29632,0.461768,22.48291666723793,-97.88708333333534,
29633,0.799789,22.58291666724073,-97.85875000000186,Río Barberena
29634,0.710024,22.620416667241614,-105.68458333333496,
29635,1.25614,22.741250000578248,-97.81125000000202,
29636,0.191111,22.84375000058128,-106.02708333333489,
29637,6.32895,22.84375000406333,-106.0166666666682,Rio Baluarte
29638,1.45494,23.05375000058723,-109.68041666666808,River San José
29639,0.698763,23.05541666725395,-97.76208333333528,Río Carrizales
29640,5.66491,23.09625000410813,-106.29333333333489,
29641,29.6321,23.179583337453263,-106.41833333333489,
29642,5.24764,23.272916667260063,-106.46625000000164,Estero el Sábalo
29643,0.13677,23.412916667264028,-106.54708333333495,Río Quelite
29644,0.545882,23.42625000059764,-106.55958333333484,
29645,0.332498,23.617916667269583,-109.6062500000014,
29646,1.36364,23.7037500006054,-106.80791666666818,Río Piaxtla
29647,2.37331,23.778750000607545,-97.77958333333532,Río Soto La Marina
29648,1.6169,23.880416667277245,-106.93125000000153,Río Elota
29649,1.97886,23.972083333946387,-107.03375000000165,
29650,0.144183,23.979583333946664,-97.773750000002,
29651,0.278568,24.090416667283137,-107.11541666666808,
29652,0.640933,24.15291666728501,-107.1654166666683,
29653,0.149559,24.1595833339519,-107.1820833333349,
29654,0.228917,24.18125000414375,-97.76666666666858,
29655,0.125164,24.222083333953435,-107.33708333333492,
29656,1.74079,24.246250000621103,-107.41375000000164,Río San Lorenzo
29657,0.647708,24.414583333959115,-107.48375000000158,
29658,22.9334,24.49458333396143,-107.7320833333348,Río Culiacán
29659,1.82112,24.51291666729537,-107.5412500000014,
29660,0.485623,24.52125000062881,-107.59208333333493,
29661,0.694772,24.726250000634707,-77.78375000000273,
29662,1.88602,24.862083337357603,-108.00083333333475,Estero el Corcho
29663,1.19651,24.92791666730721,-97.66958333333524,
29664,0.460932,24.97458333397526,-107.99791666666816,Granja Camaronera
29665,0.105427,24.985416667308925,-77.43625000000276,
29666,0.288483,25.06791666731129,-77.45291666666947,
29667,18.9099,25.07416666924973,-77.30958333333615,Prince George Wharf Cruise Ship Terminal
29668,0.148607,25.082916667311626,-108.06541666666828,Reforma
29669,0.129826,25.15583333592582,-78.08458333333613,
29670,5.15523,25.16791666731428,-108.22541666666824,El Gato
29671,0.499888,25.25958333398364,-97.77458333333531,
29672,1.0131,25.26625000065053,-108.3604166666682,Nacozari
29673,5.16037,25.28208333398419,-108.4945833333349,Río Sinaloa
29674,3.98102,25.347083333986177,-80.33208333333596,L-31E
29675,0.914209,25.37791666732039,-97.691250000002,
29676,0.622175,25.43458333398854,-97.46708333333538,
29677,0.209203,25.456666670098173,-108.75833333308287,Estero la Cuchara
29678,0.313869,25.47625000065659,-97.29208333333531,
29679,1.08846,25.518750003794366,-80.33250000000271,Black Creek Canal
29680,0.247516,25.547083333991964,-108.77958333333464,Dren Colector Navobampo
29681,2.28331,25.598750000659948,-80.30791666666937,Belle Aire Canal
29682,1.92088,25.633750003742023,-80.28583333333592,Snapper Creek Canal
29683,0.136313,25.66875000066227,-109.20458333333464,
29684,0.102398,25.670416667329,-80.2629166666693,Snapper Creek Canal
29685,0.631614,25.67125000066221,-108.93791666666812,Arroyo Batequis
29686,57.8023,25.7704166673318,-80.18458333333604,South Fork Miami River
29687,2.00808,25.82791666733368,-109.41875000000152,Rio Fuerte
29688,10.9002,25.84208333400068,-80.17458333333605,Biscayne Canal
29689,0.110547,25.85125000066762,-81.39125000000269,Barron River
29690,0.39211,25.87041666733478,-80.167083333336,Arch Creek
29691,18.1889,25.918750000669547,-80.12708333333609,Arch Creek
29692,21.764,25.95375000067048,-97.1479166666685,Río Bravo / Rio Grande
29693,0.182948,25.97875000067131,-81.7387500000026,Gulf Intracoastal Waterway
29694,0.178388,26.014583334005863,-80.11541666666938,
29695,0.225641,26.017083334005747,-81.76458333333596,Henderson Creek
29696,2.59861,26.09375000067479,-81.80041666666915,Haldeman Creek
29697,34.0663,26.09375000067479,-80.10791666666921,Middle River
29698,2.0882,26.15458333401,-80.10041666666939,Middle River
29699,0.461233,26.20875000067809,-109.10291666666797,
29700,2.5075,26.252500003535545,-80.08416666638163,
29701,0.40271,26.26791666734653,-80.07958333333602,Hillsboro River
29702,0.144967,26.27500000272312,-109.08875000000148,
29703,2.65791,26.289583334013912,-81.8304166666693,Cocohatchee River
29704,0.35793,26.30541666734763,-109.1212500000014,
29705,11.5477,26.3262500006818,-80.07375000000275,Hillsboro River
29706,2.31164,26.33625000068196,-80.07125000000264,Hillsboro River
29707,0.215982,26.35958333401589,-109.15125000000144,
29708,0.78567,26.35958333401589,-97.3370833333354,
29709,0.99247,26.369583334016227,-81.83791666666929,
29710,0.320114,26.3887500006835,-81.84208333333589,Estero River
29711,0.167581,26.40458333401739,-97.36208333333514,Arroyo Colorado
29712,0.199101,26.423750000684493,-81.84875000000261,Estero River
29713,1.95945,26.424583336609373,-80.06250000000273,El Rio Canal
29714,1.17999,26.4620833340191,-81.87041666666937,
29715,0.822715,26.46250000274512,-81.86625000000265,Estero River
29716,0.156417,26.46541666991334,-97.41916666666862,
29717,0.558681,26.469583334019376,-80.0562500000027,El Rio Canal
29718,6.20365,26.48625000068625,-80.05375000000276,E - 4 Canal
29719,0.115696,26.51541666735403,-109.27291666666804,Arroyo Bacamocha
29720,0.10407,26.542083334021413,-81.97541666666939,Caloosahatchee River
29721,0.283556,26.54583333687509,-78.56249999966178,
29722,0.401654,26.56541666735552,-81.91375000000255,
29723,0.64015,26.577916667355737,-81.93041666666932,Caloosahatchee River
29724,0.138605,26.57958333402246,-81.89958333333595,Caloosahatchee River
29725,0.335695,26.587916667356296,-109.33791666666804,Arroyo Masiaca
29726,0.553154,26.64041666735767,-82.06541666666925,
29727,0.103328,26.653333336101127,-81.85625000000266,Caloosahatchee River
29728,0.792825,26.65708333402506,-81.89208333333602,
29729,2.17795,26.6979166697372,-81.79916666666924,
29730,0.147502,26.71041666736,-82.08208333333596,Big Dead Creek
29731,4.03797,26.737916667360537,-109.80375000000151,Río Mayo
29732,18.8015,26.772916669676647,-80.0350000000027,
29733,0.36897,26.90041666736556,-111.95375000000138,
29734,5.07451,26.94458333403356,-80.07208333333591,Loxahatchee River
29735,0.167478,26.952083334033773,-82.01458333333602,North Fork Alligator Creek
29736,1.08011,26.959166669470733,-82.08791666666923,
29737,1.19955,26.96125000070077,-81.9987500000027,North Fork Alligator Creek
29738,0.134218,26.962916669514925,-82.05666666666923,Tarpon Inlet
29739,1.30251,26.96625000070094,-82.11791666666932,
29740,0.485471,26.97916666947316,-82.18708333333598,Myakka River
29741,0.566236,26.988750000701657,-109.8979166666681,Dren Mayas
29742,1.57554,27.005416667368703,-82.25791666666925,Myakka River
29743,0.115912,27.09875000272541,-110.04583333333476,
29744,0.368617,27.09958333403813,-109.96375000000148,Cocoraque
29745,0.749775,27.110416669381262,-82.46416666666926,Venice Inlet
29746,1.83657,27.114583334038628,-110.12875000000145,
29747,0.170719,27.163750000706784,-80.19125000000264,Saint Lucie Inlet
29754,0.15959,27.37958333404657,-80.29375000000277,North Fork Saint Lucie River
29755,0.445785,27.416250000714285,-82.58291666666923,Bowlees Creek
29756,0.176013,27.4254166673814,-97.73791666666864,
29757,0.226466,27.44375000071517,-97.53791666666854,Petronila Creek
29758,1.85072,27.49791666738344,-82.52291666666929,
29759,0.775148,27.50041666738372,-82.56458333333592,Manatee River
29760,0.344467,27.522083334051104,-82.47708333333594,Manatee River
29761,0.165161,27.52708333405127,-82.479583333336,Manatee River
29762,0.266992,27.60208333405359,-82.55375000000265,
29763,0.427975,27.639583334054635,-97.34291666666854,
29764,0.313577,27.654583334055133,-110.59125000000142,
29765,0.58738,27.711250002093266,-82.4791666666693,
29766,0.143311,27.725416667390505,-80.40875000000278,John's Island Creek
29767,0.239132,27.74125000072433,-82.62708333333592,Booker Creek
29768,4.09854,27.747083334057663,-82.74458333333581,
29769,0.749128,27.75958333405828,-82.63125000000247,Booker Creek
29770,0.356739,27.77041666739177,-82.43125000000259,Hillsborough Bay Channel
29771,0.131873,27.807916667393044,-82.41041666666933,Alafia River
29772,0.655502,27.82083333668362,-82.38999999914927,Alafia River
29773,0.432504,27.826250000726983,-82.59791666666933,45th Avenue Northeast Canal
29774,0.137519,27.83375000072704,-80.50125000000264,North Prong Saint Sebastian River
29775,5.26505,27.85375000072787,-82.39791666666929,Alafia River
29776,0.118259,27.87875000244896,-110.56958333333478,
29777,1.11051,27.892083334062303,-82.63791666666918,
29778,2.34288,27.90458333406258,-82.43375000000265,Palm River
29779,0.120249,27.9079166673962,-80.51375000000269,Sottile Canal
29780,0.258892,27.9083333362517,-82.83375000000262,McKay Creek
29781,0.573641,27.910416667396248,-82.65958333333595,Cross Bayou Canal
29782,0.363883,27.927083334063468,-110.81125000000128,
29783,0.245005,27.936250000730297,-82.72791666666933,
29784,15.7856,27.93791666739702,-82.46125000000268,
29785,0.255688,27.95458333406424,-110.8312500000012,
29786,0.916574,27.957916667397683,-82.71541666666928,Allen Creek
29787,3.13562,27.959583335132663,-82.54583333333596,Woods Creek
29788,1.89117,27.976250000731625,-82.57458333333585,Rocky Creek
29789,2.33732,28.00333333626321,-82.62875000000258,
29790,0.443325,28.017916667399504,-82.64125000000251,Bishop Creek
29791,1.49827,28.03708333406678,-82.6954166666693,Curlew Creek
29792,0.611801,28.037500002934,-80.5795833333359,Crane Creek
29793,0.350664,28.053333336269304,-82.782083333336,Curlew Creek
29794,0.286151,28.06166666993846,-97.2324999989964,Chiltipin Creek
29795,0.632241,28.091250000735045,-80.60875000000271,Elbow Creek
29796,0.608748,28.126250000736206,-80.62375000000253,Eau Gallie River
29797,2.77634,28.16791666740409,-82.78375000000256,Anclote River
29798,0.156261,28.2570833340734,-114.0670833333346,
29799,2.15307,28.277083334074064,-82.73875000000248,Pithlachascotee River
29800,0.947321,28.286250000741177,-82.73125000000266,Pithlachascotee River
29801,0.402052,28.366250000743666,-80.68375000000276,Banana River
29802,0.101544,28.36666666964089,-111.4620833333347,
29803,0.151513,28.41333333631337,-80.7487500000027,
29804,2.9702,28.427916667412205,-82.67875000000242,Baffin Waterway System Control Stucture
29805,1.08964,28.44958333407942,-96.78708333333545,Schwings Bayou
29806,0.172303,28.5745833340834,-80.79791666666938,Addison Creek
29807,0.227522,28.59875000075067,-95.97791666666863,
29808,0.323652,28.69625000075393,-82.63291666666919,Chassahowitzka River
29809,0.109769,28.70208333408744,-96.57458333333528,Lavaca River
29810,0.140523,28.703750000754155,-114.28125000000124,
29811,0.133472,28.761250000755865,-95.6545833333352,
29812,4.25442,28.796250000756856,-111.85541666666796,
29813,0.105168,28.85041666742535,-111.98625000000128,Boat Storage
29814,0.222226,28.85500000303432,-95.44041666666864,San Bernard River
29815,0.188236,28.872916667426068,-82.65291666666923,
29816,2.66431,28.878750000759624,-95.3795833333354,Brazos River
29817,0.55294,28.88458333409312,-80.84375000000261,Indian River North
29818,1.12605,28.924583333775104,-82.68166666666923,Crystal River
29819,3.27005,28.935416667428,-89.40875000000221,Southwest Pass
29820,0.661524,28.95958333409544,-95.27541666666878,
29821,2.53914,29.0087500007636,-82.75625000000264,Withlacoochee River
29822,5.45028,29.079583334099084,-80.9337500000027,Indian River
29823,5.55839,29.081250000765976,-90.22625000000215,Bayou Lafourche
29824,0.174249,29.09041666743275,-95.20041666666869,
29825,1.12309,29.20125000076962,-95.15041666666878,New Bayou
29826,0.241935,29.207083333354205,-95.19250000000191,New Bayou
29827,0.579508,29.23458333410406,-90.67041666666876,
29828,0.557918,29.2587500007715,-90.64708333333544,Bayou Terrebonne
29829,0.116672,29.270416667438383,-90.39708333333569,
29830,0.394401,29.278750000772163,-90.61625000000232,Bayou Terrebonne
29831,0.215436,29.28416666975432,-94.99708333333535,
29832,0.978558,29.288750000772325,-83.16458333333594,McGriff Pass
29833,1.18347,29.467083334111408,-94.95458333333544,Factory Bayou
29834,0.132036,29.496250000778844,-90.01875000000223,
29835,7.03945,29.55374999953375,-95.02000000000196,Taylor Bayou
29836,1.00611,29.575416667448167,-90.15791666666875,
29837,5.24949,29.657916667450703,-91.24125000000232,Bayou Boeuf
29838,4.64456,29.693750000785258,-93.838750000002,Sabine River
29839,0.666261,29.69541666745198,-94.91958333333535,
29840,1.02142,29.700416667452146,-81.23208333333605,Matanzas Inlet
29841,0.92664,29.716250000785976,-94.98958333333525,
29842,0.906479,29.72458333998708,-93.0104166666689,
29843,1.08385,29.725416667452805,-84.97541666666916,
29844,0.275517,29.74708333412019,-95.03041666666854,
29845,0.357043,29.74791666745369,-94.69458333333534,Trinity River
30096,1.20693,37.83291666773772,-122.2962500000009,
30097,0.12267,37.88375000155008,-122.52083333333428,
30098,0.808136,37.88875000107328,-122.52041666666764,Redwood Creek
30099,1.10127,37.90916667094501,-122.33291666666764,Havey Creek
30100,0.179968,37.920416667741165,-76.85208333333617,Mount Landing Creek
30101,3.37486,37.94291666774194,-122.50458333333432,Corte Madera Creek
30102,0.489637,37.96625000107622,-122.4929166666676,
30103,0.464637,37.97791666774327,-75.6395833333363,
30104,2.04898,37.98125000107672,-122.36458333333428,
30105,0.706508,38.01500000429462,-122.2937500000009,Rodeo Creek
30106,0.769135,38.02708333441194,-122.13708333333426,Alhambra Creek
30107,0.992774,38.03291666774544,-122.4979166666676,Armory Creek
30108,0.402479,38.0395833344125,-122.26958333333414,Rodeo Creek
30109,9.35954,38.04458333441266,-122.09125000000093,
30110,13.6849,38.054583334413,-121.946250000001,
30111,0.16229,38.05583333763445,-122.03708333333424,Walnut Creek
30112,0.235761,38.06208333521352,-122.11833333333423,Sulfer Springs Creek
30113,4.12633,38.07875000108066,-122.2470833333341,Napa River
30114,0.235268,38.08958333441433,-122.82708333333426,Lagunitas Creek
30115,1.69484,38.09541666774789,-122.48458333333416,
30116,1.51132,38.10625000108172,-76.99041666666955,Smoots Mill Run
30117,1.7417,38.11041666774855,-122.49125000000096,Novato Creek
30118,1.99904,38.12125000108222,-122.06458333333433,Suisun Cutoff
30119,0.861272,38.138333337647,-122.40125000000091,Tolay Creek
30120,0.484953,38.15625000108378,-75.75625000000292,Manokin River
30121,0.124937,38.21958333441955,-76.47791666666939,Western Branch
30122,3.39995,38.25625000108761,-75.80208333333621,Wicomico River
30123,0.117787,38.28375000108872,-76.64041666666958,
30124,0.14745,38.32208333442367,-77.05875000000282,
30125,0.22702,38.35875000109172,-75.13708333333625,Miller Creek
30126,0.132804,38.362083334425165,-77.3020833333361,
30127,0.187615,38.385416669106974,-76.92250000000286,
30128,0.12498,38.39291666775972,-76.49625000000282,
30129,0.342216,38.40791666776039,-75.1829166666696,
30130,2.09289,38.42291666776089,-75.84291666666957,
30131,0.640346,38.437083334428,-77.37208333333609,Aquia Creek
30132,6.35815,38.44875000109522,-123.12791666666745,Russian River
30133,0.180937,38.45208333442889,-75.07041666666964,Miller Creek
30134,0.167547,38.49916667106777,-77.02499999780838,
30135,0.107695,38.557083336050766,-76.65333333333615,
30136,0.316818,38.56041666776633,-77.30958333333615,Quantico Creek
30137,0.147732,38.56958333443328,-75.19541666666964,Indian River
30138,0.231078,38.57458333443367,-75.09708333333617,Bethany Beach Canal
30139,0.80516,38.587916667767445,-77.15541666666945,Potomac River
30140,1.08498,38.58958333443417,-77.2779166666694,Quantico Creek
30141,0.948715,38.58958333443417,-75.21708333333612,Indian River
30142,2.12708,38.60083333768063,-77.25666666898559,Potomac River
30143,7.37461,38.61625000110189,-76.67208333333622,Patuxent River
30144,0.125516,38.64208333443622,-75.13291666666959,Rehoboth Bay
30145,0.156427,38.66125000110373,-77.22375000000272,Occoquan River
30146,4.7887,38.66625000110372,-77.23958333333621,Pohick Creek
30147,2.56313,38.68375000110467,-77.18708333333609,Pohick Creek
30148,0.299323,38.69125000110489,-76.53208333333617,
30149,3.7596,38.69208333443805,-77.1587500000029,Pohick Creek
30150,0.238216,38.694583334438335,-75.1495833333363,
30151,1.17229,38.697083334438446,-77.00125000000287,
30152,0.651095,38.705416667772056,-77.12875000000292,Dogue Creek
30153,0.391282,38.71291666777245,-77.07375000000269,
30154,0.747956,38.72458333443967,-76.01208333333625,Choptank River
30155,2.11138,38.7495833344405,-77.00625000000286,Cameron Run
30156,0.466817,38.76208333444095,-76.11541666666943,
30157,0.10001,38.77208333444162,-76.5620833333362,
30158,8.90879,38.78791666777551,-77.05291666666949,Oxon Run
30159,0.321181,38.78791666777551,-75.15458333333629,Broadkill River
30160,0.425749,38.80708333444295,-75.19041666666965,
30161,4.95259,38.80875000110967,-77.01458333333619,Oxon Run
30162,5.74519,38.84041666777756,-77.04375000000289,
30163,33.4841,38.85708333444495,-77.0287500000029,
30164,22.966,38.86041666777823,-77.01625000000286,
30165,6.89166,38.861250001111785,-77.02041666666958,Oxon Run
30166,0.476883,38.94291666778168,-74.8704166666696,
30167,0.197203,38.94541666995656,-75.31500000000284,
30168,0.124315,38.95041666778195,-76.5720833333362,Bacon Ridge Branch
30169,1.07009,38.95041666778195,-75.31458333333626,Ceder Creek
30170,0.186482,38.96041666997712,-76.58166666666955,
30171,0.109718,38.96291666778251,-76.57541666666953,Bacon Ridge Branch
30172,0.108036,39.04125000111884,-74.8029166666696,Little Scotch Bonnet
30173,0.323907,39.05125000111917,-74.77291666666957,Little Scotch Bonnet
30174,0.476967,39.0537500011194,-75.39291666666963,St. Jones River
30175,1.11127,39.06958333679023,-76.5758333333361,Severn River
30176,3.33283,39.07208333445334,-75.40291666666963,St. Jones River
30177,0.316155,39.08041666778712,-76.10791666666955,Chester River
30178,0.521064,39.085416667787285,-76.52208333333613,Cattail Creek
30179,0.574297,39.12208333445557,-76.1004166666695,Chester River
30180,0.625267,39.1629166677904,-76.52458333333618,Patapsco River
30181,0.104304,39.19416667114626,-74.976250000003,West Creek
30182,2.73859,39.20791666779229,-76.5787500000028,Patapsco River
30183,0.532472,39.21541666779268,-76.57958333333625,Patapsco River
30184,2.39562,39.236250001126905,-75.01125000000297,Maurice River
30185,0.198342,39.24625000112724,-75.40791666666951,Leipsic River
30186,5.82983,39.24708333446057,-76.61125000000288,Patapsco River
30187,0.405008,39.252916667794295,-76.47958333333622,Deep Creek
30188,0.569609,39.25375000112763,-76.537083333336,Patapsco River
30189,14.7455,39.269166670757954,-76.62666666370427,Patapsco River
30190,16.9261,39.278750001128685,-76.60125000000284,Patapsco River
30191,0.101472,39.29875000112935,-75.25125000000298,Cedar Creek
30192,7.86627,39.30458333446302,-76.49958333333615,Northeast Creek
30193,1.36967,39.30708333446313,-76.48958333333621,Northeast Creek
30194,1.41559,39.31458333446335,-74.62625000000298,Great Egg Harbor River
30195,1.25485,39.32208333710543,-74.66666666666958,Great Egg Harbor River
30196,0.925825,39.32375000113035,-74.52458333333624,Isaacs Creek
30197,1.94164,39.34875000113152,-75.36208333333627,Cohansey River
30198,0.551667,39.3662500011323,-75.5137500000028,Sawmill Branch
30199,1.2461,39.3812500011328,-76.39708333333624,Gunpowder Falls
30200,2.74426,39.3900000045108,-76.36375000000294,Gunpowder Falls
30201,0.112723,39.39541666780008,-76.35708333333622,Gunpowder Falls
30202,0.403774,39.41458333446741,-76.23458333333616,Winters Run
30203,0.666123,39.42041666780091,-74.48208333333628,Absecon Creek
30204,0.135107,39.428750003895175,-123.8091666666674,
30205,1.45408,39.44375000391199,-76.26750000000288,
30206,0.596342,39.45291666780236,-75.58291666666963,Drawyer Creek
30207,1.56787,39.46291666780269,-76.24375000000276,Winters Run
30208,0.125714,39.49791666780419,-75.52541666666957,Alloway Creek
30209,0.222238,39.505000004529165,-76.13125000000286,
30210,0.28267,39.5254166678053,-75.87125000000293,
30211,1.168,39.54791666780602,-74.44458333333637,Wigwam Creek
30212,0.105326,39.55041667069463,-76.07083333333617,Susquehanna River
30213,0.18703,39.55708333447336,-76.09458333333623,Susquehanna River
30214,0.391453,39.56041666780664,-75.56541666666965,Delaware River
30215,20.5172,39.56791666780708,-76.09625000000278,Susquehanna River
30216,0.712583,39.57083333736682,-75.49833333016767,Delaware River
30217,0.306395,39.57958333739214,-74.33666666666966,Giffords Mill Branch
30218,1.25551,39.58041666780747,-75.8462500000029,Little Elk Creek
30219,0.368932,39.59291666780808,-75.94791666666958,North East Creek
30220,0.153368,39.593750001141416,-75.95125000000291,North East Creek
30221,0.110944,39.60625000114186,-75.61375000000294,
30222,1.19592,39.64791666781042,-74.2162500000029,Westecunk Creek
30223,0.296626,39.65291666781059,-75.5862500000029,
30224,0.33618,39.66458333447781,-75.5579166666696,Gambles Gut
30225,0.233665,39.70041666781253,-75.50541666666948,
30226,128.564,39.701250001145866,-75.51041666666953,Old Shellpot Creek
30227,0.294696,39.761250001148426,-74.19208333333631,Intracoastal Waterway
30228,0.998397,39.826250001150925,-74.163750000003,
30229,0.443823,39.86708333448615,-74.14291666666952,Forked River
30230,0.324075,39.935416667822096,-74.15208333333624,Long Swamp Creek
30231,5.91661,39.94875000115621,-74.1895833333362,
30232,1.19465,39.94958333448943,-74.16375000000284,Long Swamp Creek
30233,0.838731,40.00208333449149,-74.13708333333636,
30234,0.148973,40.0237500011591,-74.12791666666965,Kettle Creek
30235,0.247841,40.02541667113695,-74.12833333333623,Kettle Creek
30236,1.10022,40.05625000116049,-74.09375000000301,Manasquan River
30237,0.124984,40.05708333449388,-74.12125000000276,South Branch Metedeconk River
30238,6.26788,40.06125000449845,-74.12166666666963,
30239,3.17078,40.10375000116244,-74.03458333333623,Manasquan Inlet
30240,1.22811,40.14125000455903,-74.02583333333621,Manasquan Inlet
30241,2.49625,40.18791666783278,-74.01125000000303,Musquash Brook
30242,0.593331,40.2045833345,-74.00625000000292,
30243,1.82406,40.22291666783411,-73.99791666666948,Musquash Brook
30244,1.66687,40.276250001169615,-73.98291666666955,Branchport Creek
30245,2.53915,40.36541666784012,-73.97041666666956,Shrewsbury River
30246,3.73411,40.40541666784179,-73.98291666666955,Shrewsbury River
30247,0.456646,40.4329166678429,-74.0770833333363,
30248,0.112105,40.43791666784324,-74.20541666666963,Matawan Creek
30249,1.35912,40.4400000040751,-74.20750000342076,Matawan Creek
30250,0.461178,40.442916667843406,-74.10791666666961,
30251,0.261483,40.44750000468304,-74.15791666666956,Matawan Creek
30252,0.110693,40.4487500011769,-74.18625000000299,Matawan Creek
30253,0.803771,40.4504166678438,-74.14625000000285,
30254,0.180414,40.46375000117757,-74.25875000000303,
30255,33.1488,40.50791666784608,-74.30375000000288,
30256,0.245425,40.51208333451291,-74.19958333333636,
30257,19.223,40.51791666784658,-74.25125000000298,Raritan River
30258,0.266532,40.52166667136197,-74.17625000000305,Lemon Creek
30259,0.233107,40.54708333451441,-74.11791666666966,Richmond Creek
30260,0.238453,40.57041666784869,-74.08958333333635,Richmond Creek
30261,0.278133,40.57375000118213,-74.08458333333618,
30262,5.11812,40.58208333451592,-73.93208333333621,
30263,13.2621,40.58541666784936,-73.9104166666695,
30264,16.1874,40.58791666784964,-73.99875000000304,Coney Island Creek
30265,15.7207,40.591250001182914,-73.75125000000298,Hook Creek
30266,0.355614,40.61708333451742,-73.6204166666696,
30267,1.39884,40.62291667151328,-124.2808333333341,Centerville Slough
30268,11.1327,40.62291666785097,-73.89625000000291,Gerritsen Creek
30269,0.534731,40.624583334517695,-73.60958333333616,
30270,14.4354,40.62625000118459,-73.77291666666957,Simonsons Creek
30271,0.385084,40.63125000118475,-74.07291666666958,
30272,8.69887,40.633749999587735,-73.58791666666957,East Meadow Brook
30273,3.56351,40.63458333451803,-73.87958333333631,Mill Basin
30274,10.5712,40.63708333451825,-73.793750000003,
30275,1.2147,40.64000000412938,-74.1408333299359,
30276,1.18867,40.640416667851696,-74.12708333333637,Port Elizabeth Branch Reach
30277,6.02714,40.64291666785181,-73.5287500000029,East Meadow Brook
30278,1.19131,40.64375000118514,-73.48958333333633,Cedar Creek
30279,2.40568,40.64458333451853,-73.54041666666967,
30280,14.4045,40.64708333451858,-74.18041666666954,
30281,0.874236,40.649583334518695,-73.83125000000291,Old Mill Creek
30282,3.18987,40.65125000118542,-73.85708333333639,Old Mill Creek
30283,1.11036,40.65125000118542,-73.47541666666973,Cedar Creek
30284,6.61793,40.65708333451892,-73.4304166666696,Massapequa Creek
30285,0.545715,40.65791666785248,-73.41291666666973,
30286,5.33193,40.666250001186086,-74.00625000000292,
30287,1.44447,40.6695833345197,-73.35541666666956,Carlls River
30288,1.39631,40.67208333451964,-73.34625000000295,Carlls River
30289,7.7092,40.681250001186754,-73.32875000000303,Carlls River
30290,4.32301,40.68708333452031,-73.3145833333362,Carlls River
30291,0.917998,40.68791666785364,-73.3004166666696,
30292,2.42223,40.69125000118726,-74.1354166666697,
30293,0.103381,40.69541666785409,-73.26625000000297,
30294,1.35184,40.69750000472459,-74.05208333333621,Hackensack River
30295,14.2391,40.7037500011877,-73.97291666666956,Gowanus Canal
30296,0.835919,40.71166667139363,-73.20291666666958,Champlins Creek
30297,2.79344,40.71375000118803,-73.23625000000305,Champlins Creek
30298,71.1464,40.71708333452165,-74.12291666666965,
30299,2.21327,40.71833333748873,-73.22416666328411,Champlins Creek
30300,0.492169,40.72250000472877,-73.0895833333363,Browns River West Branch
30301,2.02211,40.72458333452187,-73.07125000000298,
30302,2.96959,40.72708333452215,-73.13875000000291,Connetquot River
30303,0.129256,40.72708333452215,-73.12458333333632,Browns River West Branch
30304,1.66243,40.73208333452232,-74.03041666666968,Hackensack River
30305,22.5864,40.73375000118904,-74.09625000000301,Droyers Reach
30306,0.590423,40.7345833345222,-74.02208333333635,
30307,38.5001,40.73500000416129,-74.01916666328776,Hackensack River
30308,0.359679,40.73750000416226,-74.01333332995495,Newtown Creek
30309,16.7121,40.73791666785587,-73.96041666666957,
30310,1.94613,40.748750001189705,-73.02041666666963,
30311,0.725798,40.748750001189705,-72.99708333333626,Patchogue River
30312,0.390872,40.748750001189705,-72.976250000003,Patchogue River
30313,0.263971,40.75041666785643,-124.1987500000008,Martin Slough
30314,0.332925,40.76041666785693,-72.918750000003,
30315,28.6486,40.76125000119015,-73.84375000000296,
30316,2.38317,40.76625000119032,-73.7554166666697,Alley Creek
30317,0.445794,40.76708333452365,-73.84625000000284,
30318,3.97008,40.76958333452393,-72.89375000000302,
30319,3.43195,40.78208333452432,-73.87625000000298,Flushing Creek
30320,0.326319,40.782916667857705,-73.74958333333626,
30321,0.121799,40.78541666785776,-72.80625000000305,
30322,28.7568,40.78666667140607,-73.93541666666965,Dutch Kills
30323,0.162836,40.78791666785787,-72.8270833333363,Old Neck Creek
30324,0.717977,40.79625000119165,-72.82541666666975,Old Neck Creek
30325,0.633834,40.798750001191706,-73.75291666666965,
30326,0.146098,40.80125000119182,-72.61708333333627,
30327,0.682763,40.801666671408725,-73.7112500000029,Old Mill Brook
30328,0.18143,40.80958333452543,-124.11958333333416,
30329,34.8414,40.81041666785899,-73.86791666666954,182nd Street Dam
30330,0.245475,40.814583334525935,-73.70375000000291,Old Mill Brook
30331,1.32823,40.856250004937294,-73.64833333333627,Baxters Brook
30332,0.482328,40.85875000119427,-124.0987500000008,
30333,0.327199,40.8595833345276,-73.46291666666968,
30334,7.80601,40.86208333452771,-73.8129166666696,Hutchinson River
30335,0.128025,40.8695833345281,-73.46291666666968,
30336,0.204333,40.87791666786194,-73.54041666666967,Mill Pond Tributary
30337,0.329017,40.87750000475489,-73.52791666666963,Mill Pond Tributary
30338,0.917249,40.889583334528766,-73.77875000000301,Hutchinson River
30339,0.161647,40.90041666786266,-73.38041666666959,
30340,0.535576,40.90291666786294,-73.54875000000283,
30341,0.68291,40.90625000119638,-73.4329166666696,
30342,2.95009,40.90625000119638,-73.23208333333639,Nissequogue River
30343,0.103413,40.90625000119621,-72.28875000000312,
30344,0.956249,40.91125000119655,-73.76708333333625,Hutchinson River
30345,0.42758,40.91375000119661,-73.75458333333626,
30346,2.2282,40.92125000495668,-72.62083333333635,
30347,0.359261,40.92375000119711,-73.29541666666961,Crab Meadow
30348,0.223714,40.92625000119722,-72.61791666666977,Little River
30349,1.21826,40.92791666786394,-73.74208333333638,Sheldrake River
30350,0.12045,40.92875000119727,-73.32208333333631,
30351,0.204493,40.92875000119727,-73.14958333333641,
30352,0.72228,40.93958333453117,-124.13208333333417,
30353,2.91312,40.9404166678645,-73.7212500000029,Sheldrake River
30354,0.887487,40.94458333453133,-73.71541666666946,Sheldrake River
30355,0.19164,40.95291667163207,-124.12750000000084,Duke Creek
30356,2.1688,40.955000004767726,-73.69208333333631,Blind Brook
30357,0.109995,40.96625000119889,-124.12458333333416,
30358,0.317505,40.97041666786572,-73.0920833333364,
30359,0.546094,40.973750001199335,-73.11375000000305,Old Mill Creek
30360,2.10928,40.98875000119983,-73.66041666666968,
30361,0.102434,40.99541666786689,-72.32958333333619,(5' wide)
30362,1.00175,41.01125000120089,-73.62375000000304,
30363,0.755362,41.01125000120089,-73.6154166666696,Greenwich Creek
30364,0.195614,41.01708333453445,-72.55208333333633,James Creek
30365,0.40001,41.022916667867776,-73.57458333333625,Greenwich Creek
30366,1.10664,41.02927008215829,-73.59403128429886,
30367,4.91751,41.032916667868506,-73.54208333333634,
30368,0.918115,41.03375000120184,-73.53541666666962,Mill River
30369,0.296147,41.04541666786889,-73.48291666666955,
30370,1.17931,41.05708333453612,-73.50291666666948,Noroton River
30371,1.61813,41.05875000120284,-73.4454166666697,Stony Brook
30372,5.0997,41.09541666787106,-73.41041666666962,Betts Pond Brook
30373,1.48063,41.11291666787184,-73.37125000000299,
30374,0.129472,41.112916667872014,-73.3362500000029,Saugatuck River
30375,0.320696,41.12708333453918,-73.29541666666961,Sasco Brook
30376,2.19803,41.12708333453918,-73.28041666666968,
30377,0.378313,41.14375000120657,-73.23375000000306,Pine Creek
30378,3.9669,41.15875000120724,-73.20291666666958,Tanaka Stream
30379,1.3114,41.16791666787418,-73.16625000000295,Pequonnock River
30380,5.80969,41.1695833345409,-73.17708333333627,Pequonnock River
30381,0.8344,41.1787500012079,-73.11708333333632,
30382,18.9771,41.20125000120902,-73.10958333333633,
30383,0.848478,41.21291666787624,-73.04958333333633,
30384,0.6511,41.21291666787624,-73.04625000000306,
30385,0.370606,41.234583338348045,-72.98666666666958,Cove River
30386,1.14474,41.246250001211024,-72.8970833333363,Old Field Creek
30387,0.977376,41.25250000481793,-72.96041666666963,West River
30388,0.994985,41.26208333454508,-72.82041666666976,
30389,0.264754,41.26458333454514,-72.54375000000294,
30390,0.232311,41.26625000121186,-72.65041666666951,
30391,0.430334,41.26708333454525,-72.67458333333639,
30392,0.444031,41.2695833345453,-72.52375000000302,Hammonasset River
30393,0.304939,41.27208333454541,-72.62375000000304,East River
30394,0.242,41.27541666787886,-72.46291666666963,Patchogue River
30395,0.131508,41.27875000121247,-72.39791666666974,Patchogue River
30396,4.23441,41.28208333454592,-72.93708333333632,
30397,2.05671,41.297083334546414,-72.91541666666961,
30398,11.5348,41.297083334546414,-72.90541666666957,
30399,0.698153,41.298750001213136,-72.2212500000029,
30400,0.346313,41.30083333815946,-72.24291666666977,Bride Brook
30401,0.228604,41.30958333454697,-72.34541666666962,Connecticut River
30402,0.439369,41.30958333454697,-72.09958333333645,Birch Plain Creek
30403,27.5489,41.31083333816122,-72.34958333333634,Connecticut River
30404,0.450678,41.31916667149591,-72.14791666666974,
30405,0.198259,41.321250001214025,-71.99791666666965,
30406,2.31081,41.32958333454786,-71.84708333333634,
30407,0.43312,41.33750000483252,-72.03541666666979,Pohegnut Reservoir Dam
30408,0.662842,41.34208333454842,-71.97375000000306,
30409,0.199913,41.347083334548586,-71.88208333333637,
30410,0.110674,41.35166667150156,-72.17791666666955,Latimer Brook
30411,0.271237,41.35375000121565,-72.18958333333637,Latimer Brook
30412,0.933789,41.35958333454903,-72.09125000000313,
30413,0.730161,41.37625000121659,-71.51625000000314,
30414,0.143086,41.39958333455087,-72.1020833333364,Thames River
30415,9.81486,41.437916667885816,-72.09041666666951,
30416,0.616889,41.43958333835309,-72.09750000000298,Thames River
30417,0.368733,41.44291666788615,-71.44375000000304,
30418,0.316734,41.52291666788955,-124.0412500000009,Richardson Creek
30419,0.348483,41.54291666789038,-70.6095833333365,
30420,0.384554,41.54541666789066,-70.5879166666698,
30421,0.250627,41.54541666789066,-70.58541666666974,
30422,0.458377,41.54791666789072,-70.5279166666698,Childs River
30423,0.152443,41.55791667167739,-71.30916666666968,
30424,0.269934,41.587083334559054,-71.45625000000302,
30425,0.515189,41.588750001225776,-70.45041666666987,Santuit River
30426,0.131043,41.590416671673495,-70.96083333333632,Buttonwood Brook
30427,1.57655,41.59208333833982,-70.95833333333633,
30428,0.109215,41.62541666789417,-71.2079166666698,
30429,0.23242,41.6254166716684,-70.42416666666969,
30430,0.188384,41.62708333456072,-70.41541666666978,Santuit River
30431,0.254104,41.63041666789434,-70.91458333333651,
30432,2.70001,41.63291666789428,-70.91208333333623,
30433,0.242455,41.63375000122778,-70.35625000000312,
30434,0.528762,41.6354166678945,-70.29375000000306,
30435,0.139315,41.6354166678945,-70.2245833333364,Bass River
30436,0.151546,41.6462500012284,-70.25875000000315,Parkers River
30437,0.193697,41.65041667166429,-70.82416666666973,Mattapoisett River
30438,0.112512,41.65125000122856,-70.1495833333363,Herring River
30439,0.377384,41.65166667155296,-70.17208333333633,
30440,0.238371,41.662916667895786,-70.08708333333635,
30441,0.372137,41.70125000498791,-71.41500000000298,Pawtuxet River
30442,0.104338,41.70208333456412,-70.6162500000031,
30443,3.61261,41.70875000123101,-71.17125000000317,Taunton River
30444,0.18017,41.71208333456445,-70.76375000000314,
30445,0.164148,41.71291666789779,-70.75708333333648,Sippican River
30446,9.98376,41.71375000123135,-71.17125000000317,Taunton River
30447,0.683886,41.72625000123173,-70.728750000003,Sippican River
30448,0.555912,41.737083334565625,-70.62208333333638,
30449,0.219179,41.74291666789935,-70.62708333333637,
30450,0.187031,41.74625000123263,-71.20458333333642,Taunton River
30451,0.278008,41.75041666789957,-124.19125000000082,Elk Creek
30553,0.109275,44.39208333468736,-68.21458333333658,New Duck Brook
30554,0.114684,44.395000006001226,-68.98666666505113,
30555,0.112724,44.41291666802152,-68.58375000000314,
30556,0.319334,44.43000000599403,-69.00250000165289,
30557,0.161151,44.432916668022585,-124.04875000000078,
30558,0.198484,44.44958333516388,-64.37166666667002,Blockhouse Mill Brook
30559,0.157166,44.4966666720652,-63.772916666670085,
30560,0.639824,44.49875000135916,-68.42875000000322,Union River
30561,0.114411,44.51875000135999,-68.2187500000033,Smelt Brook
30562,0.226934,44.5329166680275,-63.796250000003454,Prospect River
30563,0.222012,44.53750000540629,-64.23791666667012,
30564,0.142654,44.53958333469439,-68.75291666666965,
30565,4.03237,44.56541666802889,-68.79958333333633,Narramissic River
30566,1.83643,44.56875000136256,-63.55375000000339,Porcupine Creek
30567,1.4288,44.6129166680314,-63.44291666667005,Smelt Brook
30568,0.433095,44.61958333469829,-124.0295833333342,
30569,2.21254,44.61958333469829,-63.57291666667015,Porcupine Creek
30570,0.134843,44.63041666803196,-65.76291666666987,Budds Brook
30571,0.394321,44.64041666803263,-63.5654166666701,McIntosh Run
30572,0.187287,44.64125000136585,-63.30958333333672,
30573,0.177475,44.64375000136607,-63.34875000000335,Smelt Brook
30574,0.400388,44.64875000136624,-63.4154166666699,Smelt Brook
30575,0.126166,44.66041666803369,-124.05708333333416,Yaquina River
30576,0.198558,44.665416668033856,-63.63458333333677,Beaverdam Brook
30577,0.753689,44.665416668033856,-63.62958333333677,
30578,1.59372,44.665416668033856,-63.56125000000338,Eisner Cove Brook
30579,0.150134,44.68333333876717,-63.65875000000341,
30580,0.835913,44.697083334702086,-63.609583333336616,Parkers Brook
30581,0.452299,44.69791666803525,-67.39208333333642,Meadow Brook
30582,0.105452,44.70458333470231,-63.61875000000333,Parkers Brook
30583,0.931498,44.71458333470287,-63.67375000000328,
30584,0.135467,44.72541666803687,-63.65791666667008,Parkers Brook
30585,1.87639,44.72625000136992,-63.6620833333368,
30601,0.142235,45.22541666806114,-66.11708333333672,
30602,3.33626,45.26208333472971,-66.07875000000331,Manawagonish Creek
30603,0.120512,45.26208333472954,-66.0170833333367,Marsh Creek
30604,0.344193,45.27125000139688,-66.02375000000325,Marsh Creek
30605,0.167389,45.27208333473004,-66.07458333333659,
30606,1.14496,45.275416668063656,-63.47291666667013,
30607,0.87821,45.27791666806377,-66.04375000000317,Marsh Creek
30608,1.66661,45.36125000140129,-63.37708333333672,Carter Creek
30609,0.199021,45.37625000140213,-63.5379166666699,
30610,1.00007,45.56541666807794,-123.95125000000088,Miami River
30611,0.146839,45.598750001413066,-62.75291666666993,
30612,0.103087,45.60791666808024,-61.8062500000035,Afton River
30613,0.105604,45.60874999928086,-61.35583333333676,
30614,1.49788,45.62541666808096,-62.652916666670194,
30615,0.768586,45.630416668081295,-61.958750000003306,Rights River
30616,0.284808,45.65791666808275,-123.94125000000088,
30740,0.715605,47.84125000153017,-69.551250000003,Cours d'eau Vaillancourt
30741,0.826769,47.84791666819706,-122.33875000000096,Lund's Gulch Creek
30742,0.195701,47.8666666727421,-122.33041666666765,Lund's Gulch Creek
30743,0.100312,47.87958333486563,-122.33208333333424,Lund's Gulch Creek
30744,0.257661,47.91250000608511,-122.32041666666764,
30745,0.812525,47.91875000153431,-124.63875000000088,
30746,0.17881,47.957916668203154,-122.26125000000089,Pigeon Creek #2
30747,0.370979,47.98708333012991,-66.76666666666995,
30748,0.103393,48.00208333487217,-52.97625000000392,
30749,0.5069,48.00541666820584,-66.65458333333663,Petite rivière du Loup
30750,0.136573,48.01375000153945,-69.34791666666979,Rivière à Girard
30751,5.37172,48.02041666820651,-122.20958333333424,Snohomish River
30752,0.218827,48.024583334873455,-66.38708333333653,
30753,3.05851,48.03291666820724,-122.2020833333342,Snohomish River
30754,0.168046,48.04874999678901,-122.77000000000088,
30755,0.130546,48.06458333487569,-65.1420833333367,Rivière Paspébiac
30756,0.144562,48.09625000154409,-69.21708333333646,Rivière des Trois Pistoles
30757,0.153681,48.11708333487866,-123.41791666666757,
30758,0.101659,48.11791666821205,-123.35208333333428,
30759,0.101143,48.12083333946339,-123.06791666666749,
30760,0.279047,48.12166667279695,-123.43208333333416,East Fork Lees Creek
30761,0.152948,48.12375000154572,-123.4404166666676,Lees Creek
30762,0.226756,48.12458333487911,-123.44625000000087,Ennis Creek
30763,0.123062,48.12750000613153,-123.08541666666748,
30764,1.40336,48.140416668212936,-69.76625000000303,
30765,0.192631,48.15208333488056,-123.1329166666676,Cassalery Creek
30766,0.22911,48.1529166634499,-53.95750000000385,Deep Bight River
30767,0.838438,48.191250001549406,-122.36458333333428,Hat Slough
30768,0.389849,48.22625000155125,-122.38125000000092,
30769,0.178834,48.28500000616572,-122.6545833333343,Loers Dam
30770,0.109909,48.34458333489101,-64.70458333333664,Rivière de l'Anse aux Canards
30771,2.12758,48.35958333489208,-122.47541666666756,North Fork Skagit River
30772,0.125575,48.38333333952028,-123.70541666666742,
30773,0.327529,48.40875000156126,-123.34625000000084,Bowker Creek
30774,5.01821,48.42583333772046,-123.38083334064538,Bowker Creek
30775,1.4225,48.428750001562605,-123.30791666666757,Bowker Creek
30776,0.645161,48.446250001563385,-68.53791666666979,Ruisseau Rhéel
30777,1.88545,48.45625000156389,-123.45625000000092,
30778,0.211571,48.48000000620823,-68.5062500000032,Ruisseau Rhéel
30779,0.138663,48.48875000156602,-68.49208333333661,Ruisseau Rhéel
30780,0.181064,48.495416668232906,-123.32958333333414,
30781,0.140092,48.53666667288729,-58.56541666667022,Blanche Brook
30782,0.122678,48.53875000156859,-123.01958333333424,
30783,0.257555,48.55625000156971,-122.4645833333343,Joe Leary Slough
30784,0.188275,48.57291666823727,-123.4645833333343,Durrance Creek
30785,0.249482,48.59458333490517,-123.39041666666752,Graham Creek
30786,0.226711,48.6104166682394,-68.23125000000323,Le Gros Ruisseau
30787,0.230478,48.6304166682404,-68.1312500000032,Ruisseau Deschênes
30788,0.326585,48.65791666824202,-123.55458333333416,Manley Creek
30789,0.144387,48.66750000624927,-123.40958333333413,Chalet Creek
30790,0.794214,48.72250000626161,-122.50625000000092,Chuckanut Creek
30791,0.12088,48.73458333491283,-69.06458333333643,
30792,2.43936,48.74958333491389,-122.49458333333416,
30793,2.11007,48.75875000158101,-123.63708333333416,Cowichan River
30794,1.52105,48.75875000158101,-122.51125000000091,Padden Creek
30795,0.137646,48.7637500015814,-122.51375000000098,Lincoln Creek
30796,3.84667,48.767916668248176,-122.59458333333424,
30797,0.370477,48.85458333491988,-67.5312500000033,Rivière Matane
30798,0.12039,48.90291666825584,-123.67958333333422,Chemainus River
30799,0.860117,48.95708333492559,-57.9537500000036,Bells Brook
30800,0.222562,48.96208333492592,-122.73458333333429,Dakota Creek
30801,0.318697,48.96208333492592,-57.89875000000353,Bells Brook
30802,0.136742,48.99625000159443,-123.80708333333428,Hokkanen Creek
30803,0.109075,48.99625000159443,-64.39125000000342,Petite rivière au Renard
30804,1.32377,49.014583334928886,-122.7837500000008,Kuhn Creek
30805,0.161342,49.02458333041693,-122.81583333333424,Titman Creek
30806,0.115154,49.03375000159656,-122.87625000000094,Nicomekl River
30807,0.661517,49.03541666826328,-55.40041666667048,Jumpers Brook
30808,0.468012,49.03708333493017,-123.05208333333428,Monastery Ditch
30809,5.44086,49.05875000159807,-122.86708333333416,Peacock Brook
30810,6.68537,49.08375000159947,-122.8537500000009,Hyland Creek
30811,0.406518,49.08708333493309,-122.8970833333342,Peacock Brook
30812,0.121406,49.088750001599806,-123.0945833333342,Fraser River (South Arm)
30813,0.241853,49.11541666826804,-123.1520833333343,Fraser River (South Arm)
30814,0.407942,49.11625000160143,-123.10708333333424,Fraser River (South Arm)
30815,0.179714,49.11708333493476,-123.10458333333412,Fraser River (South Arm)
30816,0.137637,49.12458333493504,-123.19041666666747,Fraser River (South Arm)
30817,0.104835,49.12416667301778,-123.07958333333433,Green Slough
30818,0.10313,49.12875000160221,-123.04958333333416,Green Slough
30819,0.689937,49.136250001602434,-123.91791666666757,Nanaimo River
30820,0.281038,49.13958333493605,-123.8962500000008,Nanaimo River
30821,0.230499,49.13958333493605,-123.1995833333342,Fraser River (South Arm)
30822,0.211945,49.14291666384037,-123.03500000000088,Tilbury Slough
30823,0.116626,49.15041666827011,-122.99375000000089,Sturgeon Slough
30824,0.205832,49.15291666827,-123.02458333333423,Glen-Lyon Creek
30825,42.3579,49.1570833305185,-122.96916666666748,Fraser River (North Arm)
30826,0.510165,49.16541666827095,-122.9787500000009,Fraser River (North Arm)
30827,1.57125,49.17375000160456,-123.94041666666747,Departure Creek
30828,11.1259,49.177083334938175,-123.19291666666754,
30829,0.195729,49.1887499972118,-68.24250000000325,Le Petit Bras
30830,0.357555,49.20375000160647,-123.96958333333424,Cottle Creek
30831,1.00142,49.21291666827364,-123.20375000000092,Cutthroat Creek
30832,0.501723,49.21458333494053,-123.20375000000092,Cutthroat Creek
30833,0.140497,49.21708333494041,-123.20875000000092,Cutthroat Creek
30834,0.116553,49.22208333494075,-123.94625000000087,
30835,0.195909,49.22291666827414,-124.81458333333416,Cous Creek
30836,0.157316,49.22291666827414,-68.1429166666698,Rivière à la Chasse
30837,0.342948,49.244583330594025,-124.81666666666746,Cous Creek
30838,1.76917,49.2466666730453,-124.81875000000076,Nook Creek
30839,0.110042,49.252916668275816,-124.0695833333342,
30840,2.40954,49.271250001610326,-123.1712500000009,
30841,0.268623,49.27208333494366,-123.16875000000078,Cutthroat Creek
30842,0.326731,49.27291666827705,-123.1920833333341,Cutthroat Creek
30843,0.171511,49.27625000161049,-123.2020833333342,Cutthroat Creek
30844,17.8367,49.27958333494428,-123.14041666666752,
30845,1.17578,49.28208333494433,-122.8587500000009,
30846,1.53417,49.28458333063088,-122.83666666666755,Suter Brook Creek
30847,0.984005,49.29041666827794,-123.03541666666752,
30848,1.15434,49.2912500016115,-123.03875000000096,
30849,0.16613,49.29625000161167,-123.12875000000088,Brookridge Spur
30850,0.168362,49.29874999731084,-122.86500000000092,Suter Brook Creek
30851,0.786213,49.29958333494528,-123.02458333333423,
30852,3.23198,49.301250001612,-123.04041666666744,McCartney Creek
30853,0.782634,49.31291666827923,-123.08708333333423,Brookridge Spur
30854,2.85431,49.31375000161279,-123.12541666666756,
30855,0.668722,49.3141666730607,-123.1054166666674,Brookridge Spur
30856,0.772307,49.31430535063521,-123.095196861756,
30857,0.70476,49.32208333494657,-123.1379166666676,
30954,0.332239,31.72208333418468,130.26291666665884,大里川
30955,1.07362,31.72875000085156,130.64041666665844,湯之谷川
30956,0.429659,31.72958333418489,130.66208333332543,
30957,0.521636,31.730000003401187,130.67041666665853,
30958,0.134107,31.81791666752116,131.45374999999171,熊野川
30959,4.86505,31.82875000085488,130.2570833333251,
30960,1.38998,31.837083334188662,131.44791666665856,熊野川
30961,0.148328,31.88958333419021,131.45208333332516,八重川
30962,2.45196,31.89291666752365,131.4387499999916,八重川
30963,1.96602,31.897083334190484,131.45708333332504,八重川
30964,0.685583,31.89958333419053,131.4462499999919,八重川
30965,9.65995,31.902916667523986,131.43374999999196,八重川
30966,1.44457,32.012916667527634,131.49291666665863,石崎川
30967,0.379536,32.02041666752791,130.19124999999178,山下川
30968,1.1519,32.04541666378242,131.49333333332515,猿ヶ瀬川
30969,0.28477,32.04875000086236,131.49708333332512,猿ヶ瀬川
30970,0.11123,32.0612500008628,130.20708333332504,
30971,0.112891,32.07958333419651,130.1912499999919,折口川
30972,0.346393,32.10875000086435,130.29374999999163,岩下川
30973,1.06192,32.12208333040826,130.3324999999918,犬童川
30974,0.871698,32.12875000086501,131.53624999999204,鴫野川
30975,0.322067,32.199583334200724,131.55541666665863,
30976,0.621376,32.223750000868165,130.39458333332504,小津奈木川
30977,0.101013,32.23541666753522,130.4354166666585,染竹川
30978,0.108083,32.23791666753533,131.57374999999183,都農川
30979,0.546909,32.299583334204044,130.48624999999174,佐敷川
30980,0.157364,32.302916663654344,130.0308333333253,路木川
30981,0.279575,32.339583334205145,131.61374999999168,田久保川
30982,0.253973,32.391250000873924,131.63458333332517,塩見川
30983,1.21734,32.407916667541144,131.64291666665827,塩見川
30984,0.160758,32.44541666754236,131.65624999999193,
30985,0.179974,32.45458333025749,130.2016666666584,広瀬川
30986,0.849173,32.46208333420958,130.19958333332522,広瀬川
30987,0.284106,32.466250000876414,131.6512499999917,浦上川
30988,0.222422,32.481249996913846,131.65666666665857,浦上川
30989,3.14113,32.50208333421091,130.58791666665843,
30990,0.575584,32.50500000350422,130.58874999999193,流藻川
30991,0.106911,32.51125000087774,131.68374999999173,浦上川
30992,0.693452,32.53791666754546,131.6812499999918,浦上川
30993,0.546896,32.57333333637246,130.59000000233505,鮟鱇川
30994,3.00731,32.582083334213564,131.701249999992,沖田川
31142,0.196962,33.842083330108665,136.0666666666582,市木川
31143,1.56804,33.867083334257984,132.70958333332487,大川
31144,0.50857,33.87708333425832,135.15458333332504,
31145,0.673111,33.88291666759187,135.1462499999916,土生川
31146,0.216071,33.88666667035886,136.10041666665825,宮川
31147,0.349271,33.88875000092537,130.88958333332516,境川
31148,8.33299,33.894583334258925,130.89041666665855,
31149,1.14392,33.90083333702739,132.7329166666584,
31150,4.07976,33.902916667592535,130.81624999999167,赤崎川
31151,0.302577,33.90375000092587,132.74041666665846,
31152,0.692631,33.911666670362365,132.04541666665818,田布施川
31153,0.535883,33.91291666759287,133.1570833333251,渦井川
31154,0.46058,33.93458333426025,134.6720833333252,
31155,0.179322,33.93458333426025,134.67791666665835,Ikushima River
31156,0.568263,33.93624999679497,134.67166666665833,Ikushima River
31157,0.712784,33.93791666759387,133.1187499999918,
31158,0.250198,33.94125000092731,133.2029166666582,渦井川
31159,0.331101,33.94666667075734,133.08833333211123,境川
31160,1.21825,33.9479166675942,131.22708333332503,中山川
31161,0.140856,33.94958333426075,131.30708333332495,
31162,0.146477,33.95000000370084,131.9554166666585,
31163,0.582975,33.950416667594084,132.12041666665868,土穂石川
31164,0.198577,33.951250000927644,133.08791666665843,境川
31165,0.113855,33.959583334261254,135.11291666665807,
31166,1.55865,33.962083334261365,131.9254166666583,西の河原川
31167,1.15102,33.97041666759475,133.26708333332522,
31168,0.200633,33.97416667078113,131.21666666784552,柳川
31169,1.06001,33.976250000928474,130.91791666665836,砂子多川
31170,0.932797,33.97833333703812,133.28958333332525,国領川
31171,0.801317,33.97958333426192,131.2195833333251,柳川
31172,0.195402,33.98125000092864,133.4445833333251,
31173,0.842497,33.99041666759564,131.1620833333252,有帆川
31174,0.710318,33.99791666759586,131.8687499999918,西光寺川
31175,0.818074,34.006249996812414,130.91583333332517,砂子多川
31176,0.645173,34.00625000092964,133.55291666665812,契川
31177,0.160516,34.00708333426303,131.36458333332496,由良川
31178,1.40549,34.00875000092958,131.85374999999192,西光寺川
31179,0.212993,34.017916667596694,130.91708333332542,砂子多川
31180,0.107662,34.017916667596694,133.0462499999917,龍登川
31181,0.672092,34.020416667596635,131.14874999999188,有帆川
31182,0.6601,34.020416667596635,133.57291666665844,本床川
31183,0.100345,34.02458333426341,131.37708333332523,由良川
31184,0.525667,34.02624999681768,131.8274999999917,西光寺川
31185,0.160636,34.03208333426369,135.1745833333248,山田川
31186,0.271225,34.03375000093041,135.17208333332474,山田川
31187,0.103094,34.036250000930465,131.4937499999918,佐波川
31188,1.18083,34.03708333015385,131.5058333333252,佐波川
31189,0.257913,34.03875000093075,131.60124999999186,佐波川
31190,0.905406,34.03875000093075,134.58624999999142,
31191,0.136014,34.0404166675973,131.59124999999153,佐波川
31192,0.878169,34.04375000093091,131.80624999999168,西光寺川
31193,0.191616,34.04791666759769,131.02958333332504,
31194,0.292316,34.05208333426452,133.02541666665832,龍登川
31195,0.204598,34.052916667597856,132.2137499999916,通津川
31196,1.42869,34.053750000931245,134.58708333332504,
31197,0.516678,34.05458333426458,131.7820833333251,夜市川
31198,0.145607,34.05458333426458,131.78874999999152,隅田川
31199,0.535196,34.05625000093113,131.04374999999197,
31200,0.123808,34.05708333426469,131.0370833333253,
31201,1.4333,34.059583334264744,133.0229166666585,
31202,0.295122,34.062083334264855,131.73041666665836,苔谷川
31203,4.01625,34.06708333426502,131.40208333332498,南若川
31204,0.436325,34.07125000093197,136.20458333332488,船津川
31205,0.152607,34.07291666759852,132.92208333332496,大谷川
31206,0.153019,34.07375000093191,133.63374999999166,
31207,0.243877,34.07375000093191,136.2037499999915,船津川
31208,0.984157,34.08208333426569,135.11374999999157,小島川
31209,2.05646,34.094583334265906,134.55291666665812,
31210,2.53465,34.09625000093263,134.55291666665812,
31211,0.231815,34.103750000932905,136.2329166666583,船津川
31212,0.140718,34.11291666760002,134.6020833333248,六岡川
31213,0.141336,34.11625000093346,132.97124999999164,
31214,0.199778,34.118750000933574,135.1404166666582,小島川
31215,0.239479,34.12541666760046,132.2029166666582,
31216,1.33225,34.12541666760046,133.63541666665833,柞田川
31217,1.28282,34.144583334267736,134.6170833333249,
31218,0.459922,34.14875000093457,135.2004166666586,
31219,0.139364,34.16041666760162,130.9162499999918,川棚川
31220,2.09329,34.16375000093507,132.2379166666583,瀬田川
31221,0.399604,34.167916667601844,135.18374999999173,和歌川
31222,0.935965,34.184583334269064,135.17124999999191,和歌川
31223,0.259671,34.203750000936566,136.33958333332475,
31224,0.78718,34.209583334270064,132.2345833333252,
31225,2.54147,34.22416667040574,132.61624999999162,
31226,0.128788,34.22458333427056,134.40958333332492,小坂川
31227,1.03629,34.23208333427067,135.1545833333248,打手川
31228,0.360495,34.23333333707359,133.6879166666581,高瀬川
31229,2.44869,34.24041666760445,132.55791666665846,三ッ石川
31230,0.150228,34.242916667604334,132.22541666665825,
31231,5.99288,34.243750000937894,135.17041666665818,長谷川
31232,0.164431,34.252083334271504,134.35624999999163,新川
31233,0.125411,34.25541666760495,132.23208333332502,小瀬川
31234,0.217836,34.268750000938894,134.32041666665816,
31235,0.945799,34.27541666356581,133.74416666665843,桜川
31236,0.283839,34.277916667605666,132.75458333332494,赤向坂川
31237,0.709759,34.28416667041415,133.76374999999166,桜川
31238,0.689374,34.28458333427278,133.7670833333251,
31239,0.319092,34.287083334272666,132.2812499999918,毛保川
31240,0.355778,34.29958333427328,136.81208333332518,後沖川
31241,1.06009,34.30625000093994,133.8004166666583,大束川
31242,0.118728,34.310416667606944,132.79958333332502,大丸目川
31243,0.105905,34.31583333708522,132.81458333332512,大丸目川
31244,0.774694,34.33208333427433,133.8629166666584,明神川
31245,0.451036,34.332500003754205,132.91624999999158,Kamo River
31246,0.818865,34.33458333427444,133.8687499999918,明神川
31247,0.548658,34.33625000094116,134.73291666665818,倭文川
31248,1.18548,34.340000003755165,132.32374999999183,高見川
31249,0.806785,34.343750000941554,134.20208333332505,滝川
31250,3.4116,34.35041666359604,134.08083333332502,相引川
31251,0.890217,34.35041666359604,134.89499999999157,Sumoto River
31253,1.58758,34.354583334275105,134.02208333332487,Old River
31254,0.158536,34.35875000094205,130.9654166666587,立目川
31255,0.192206,34.35958333427544,134.12041666665846,
31256,3.27038,34.360416667608604,132.50041666665834,下谷川
31257,2.33965,34.36125000094199,132.37791666665817,八幡川
31258,3.20999,34.36375000094222,132.51874999999177,下谷川
31259,0.438633,34.36458333427561,135.23958333332484,佐智川
31260,0.355542,34.36708333427566,136.86958333332495,
31261,0.396217,34.369583334275774,135.24458333332495,
31262,0.264751,34.374166670426746,131.17458333332502,五十鈴川
31263,0.170115,34.37458333427594,131.22041666665848,五十鈴川
31264,0.14155,34.377083334275824,131.0362499999917,掛淵川
31265,0.449576,34.37666667042697,135.25124999999173,佐智川
31266,0.121251,34.38041666760944,133.3287499999915,本谷川
31267,1.47098,34.386250000942994,133.0904166666586,奥山川
31268,1.10732,34.39291666760971,133.0904166666586,奥山川
31269,0.706846,34.39791666760988,133.1770833333253,内畠川
31270,0.785128,34.39958333427677,132.43041666665818,Ota River
31271,13.3018,34.404583334276936,132.43791666665857,Ota River
31272,0.141718,34.41208333427733,131.3779166666585,新川
31273,0.418673,34.41625000094399,131.39124999999183,新川
31274,0.917064,34.41958333427743,131.3970833333251,新川
31275,0.731888,34.42291666761105,135.3204166666585,Sano River
31276,0.213152,34.423750007981766,131.39958333332527,新川
31277,0.17211,34.43208333427799,134.90958333332526,西谷川
31278,0.806643,34.43375000094471,135.33541666665815,Sano River
31279,0.345978,34.437083334277986,133.24291666665852,鍋田川
31280,0.426526,34.437916667611375,133.25708333332489,鍋田川
31281,1.21536,34.44208333427832,135.33791666665843,Sano River
31282,0.893748,34.45708333427865,135.35791666665818,春木川
31283,4.471,34.46375000094571,133.36624999999162,芦谷川
31284,0.323378,34.46375000094571,133.8145833333249,仙随川
31285,0.214472,34.46500000377284,133.48708333332524,今立川
31286,1.25511,34.46708333427915,133.40874999999164,芦谷川
31287,0.285785,34.470000004499354,133.82166666742182,仙随川
31288,0.167009,34.47291666761271,134.8437499999917,池の内川
31379,8.5777,34.77625000095679,137.33874999999148,白川
31380,4.70871,34.77791666381859,134.65666666665834,水尾川
31381,0.205292,34.77750000381678,134.70958333332533,八家川
31382,0.116453,34.777916667623515,136.91624999999135,
31383,0.126967,34.7804166676238,136.85041666665813,白沢川
31384,0.350044,34.78083333715057,137.054583333325,鳥羽川
31385,1.24418,34.782083330488035,134.62333333332492,水尾川
31386,0.277782,34.78375000095707,137.32958333332476,白川
31387,0.159861,34.78541666762396,137.06541666665817,鳥羽川
31388,0.102008,34.78875000095724,131.9404166666584,神元川
31389,0.390897,34.79083333715215,134.46791666665808,Chikusa River
31390,0.920054,34.79625000095746,137.6454166666582,Iinoya River
31391,0.124105,34.80125000095779,139.06291666665788,Shizuma  River
31392,0.223992,34.80208333429118,137.3137499999916,白川
31393,0.120008,34.80458333429107,137.18958333332466,小原川
31394,0.766328,34.80625000095796,138.31958333332489,志太田中川
31395,0.580697,34.80875000095807,137.20041666665838,
31396,0.923994,34.811250000958125,136.57541666665827,白江野用水
31397,0.688532,34.8145833342914,137.23791666665807,豊川用水西部幹線
31398,0.506303,34.81791666762501,137.22374999999158,
31399,0.326661,34.828750000958735,136.99874999999156,蜆川
31400,0.225963,34.82958333429207,136.92708333332484,境川
31401,0.290143,34.8487500009594,136.93124999999145,
31402,1.10304,34.8487500009594,138.33124999999166,黒石川
31403,0.698995,34.852916667626175,136.61458333332496,白江野用水
31404,1.96394,34.852916667626175,138.32541666665793,
31405,1.27134,34.86291666762651,136.92708333332484,
31406,15.6767,34.86791666762667,137.005416666658,蜆川
31407,0.129155,34.871250000960345,132.02208333332533,蛇の谷川
31408,5.85687,34.87541666388165,138.33249999999134,
31409,2.09748,34.906250000961506,136.96958333332486,
31410,0.775299,34.90875000096173,132.07291666665833,高佐川
31411,0.1282,34.90958333429472,138.79041666665807,Akagawa River
31412,1.16914,34.926666671449084,136.98166666713257,
31413,5.86052,34.93125000096251,136.64041666665833,谷川
31414,6.07956,34.93125000096251,138.39291666665815,
31415,0.282662,34.93208333058698,136.82416666665813,
31416,0.161354,34.93291666762906,132.10458333332485,高佐川
31417,0.373669,34.94208333429617,138.41291666665836,
31418,0.588462,34.94708333429651,138.42791666665812,
31419,0.111446,34.9612500009635,136.98458333332496,石ヶ瀬川
31420,10.6711,34.970416667630445,136.9812499999914,石ヶ瀬川
31421,4.5648,34.971250000963835,136.98458333332496,
31500,2.58419,35.47166667058252,135.28124999999147,
31501,0.880856,35.47625000098219,140.01958333332482,
31502,0.214726,35.47657252292697,139.65129702754746,帷子川
31503,0.990264,35.479583331043955,135.3983333333249,鹿原川
31504,0.136614,35.487916667649245,139.6887499999914,入江川第2派川
31505,41.6821,35.49708333431636,139.72541666665802,Tama River
31506,0.189631,35.49958333431647,133.76874999999154,
31507,1.7348,35.50125000098319,133.8579166666584,天神川
31508,0.133946,35.50625000098336,133.8754166666581,
31509,0.797962,35.50625000098336,135.74541666665823,江古川
31510,0.17479,35.53208333431752,133.24541666665823,
31511,5.7145,35.537916667651075,134.19791666665833,
31512,0.101439,35.53875000098441,135.20124999999143,奥山川
31513,1.97792,35.53875000098441,140.07208333332483,
31514,87.3441,35.54041666765136,139.7512499999915,Tama River
31515,0.607909,35.54458333431813,140.4620833333248,Sakuda River
31516,1.06806,35.546250000984685,139.75874999999144,Tama River
31517,6.22056,35.54875000098474,133.24291666665852,斐伊川
31518,0.756414,35.55291666765157,140.10874999999146,
31519,2.16474,35.56874999779933,140.11166666665804,
31520,0.98724,35.569334913956084,135.1911657940634,畑川
31521,0.267702,35.57458333431913,134.29041666665864,相谷川
31522,0.397447,35.577916667652744,140.495416666658,Kidogawa River
31523,4.23685,35.592083331156914,140.11083333332488,葭川
31524,0.22782,35.60958333432046,135.9145833333248,
31525,0.761893,35.61041666765368,140.53374999999153,Kuriyama River
31526,1.0717,35.613750000987295,140.0820833333246,
31527,0.161236,35.61458333432063,135.94124999999167,耳川
31528,2.08839,35.622083334320905,140.05708333332473,Hanamigawa River
31529,0.357341,35.628749997861576,134.45333333332496,和田川
31530,3.4808,35.63208333432141,140.04458333332502,支川菊田川
31531,21.1924,35.63458333432129,139.75458333332472,Meguro River
31532,0.282518,35.639166670606755,134.62541666665834,矢田川
31533,0.236671,35.64541666765501,134.9112499999918,久美谷川
31534,3.3103,35.64624999788009,139.75999999999146,Meguro River
31535,3.19636,35.647916664548575,134.83416666665835,気比川
31536,0.102972,35.64791666765524,134.93374999999185,
31537,1.72176,35.65791666765557,136.04458333332468,助高川
31538,62.5947,35.65958333432229,139.7704166666581,
31539,0.60454,35.66041666765551,136.0729166666581,
31540,3.44859,35.66541666765568,140.00291666665817,支川菊田川
31541,0.603247,35.66500000394376,140.6120833333248,Shinkawa River
31542,3.67046,35.68208333432307,139.98541666665812,Edogawa Drainage
31543,0.197743,35.68958333432329,135.0212499999917,新庄川
31544,23.5033,35.695416667657014,139.9337499999915,Edogawa Drainage
31545,0.763081,35.70583333843308,139.85833333310336,小松川境川
31546,129.62,35.70958333432412,139.8554166666579,小松川境川
31547,0.329324,35.73458333432495,140.83374999999137,Shimizu River
31548,0.845798,35.74250000395506,135.10708333332525,宇川
31549,0.125752,35.75041666765884,140.80291666665812,Takada River
31550,23.2465,35.75291666765912,140.8029166666579,Takada River
31551,16.2018,36.195416667675374,136.1504166666582,竹田川
31552,0.190831,36.20291666767565,133.33208333332504,有木川
31553,0.321389,36.2070833343426,136.1504166666582,竹田川
31554,0.731839,36.29541666534686,136.24499999999148,
31555,11.1623,36.33625000101409,140.5912499999913,Naka River
31556,1.24642,36.36625000101509,136.3487499999917,御橋川
31557,3.34536,36.421250001017086,136.41958333332468,前川
31558,0.284894,36.44208333435131,140.60708333332468,
31559,2.49908,36.48250000519784,140.60916666635978,
31560,0.712384,36.48708333435314,136.48041666665847,西川
31561,0.184265,36.50125000102014,136.49374999999168,
31563,0.334104,36.5387500010217,140.63874999999143,Ayu River
31564,0.27535,36.542500004072224,136.53374999999164,四十九本川
31565,0.11025,36.542500004072224,140.64208333332454,Ayu River
31566,0.492862,36.556666670741095,136.547916666658,
31567,0.546431,36.57124999909013,140.651666666658,
31568,0.63756,36.59458333435691,140.6654166666583,所沢川
31569,11.6343,36.60124999913711,136.58749999999168,
31644,6.98099,38.17708333441777,140.95958333332464,北貞山運河
31645,1.04807,38.236250001086944,139.45041666665816,三面川
31646,8.90106,38.25416667099836,141.01541666665798,
31647,1.94349,38.3762500010925,141.1737499999913,北上運河
31648,0.217803,38.37791666775922,141.0762499999912,
31649,5.99168,38.420416667760776,141.3120833333246,
31650,0.139697,38.56416667104668,141.43374999999162,
31651,0.107882,38.67208333622818,141.44666666665796,折立川
31652,0.123107,38.76708333444145,141.5154166666581,港川
31653,2.86266,38.84791666777801,139.7845833333247,赤川
31654,5.39306,38.88958333444623,139.8420833333248,Mogami River
31655,0.765555,38.89208333444634,141.58958333332453,
31656,0.182874,38.89458333655279,141.58916666665812,
31657,0.154292,38.911250001113785,139.81874999999127,Mogami River
31658,1.26581,38.91291666778051,139.82624999999155,Mogami River
31659,0.368454,38.99125000335272,139.84333333332472,草田川
31660,0.392081,39.00708333445101,141.63708333332454,気仙川
31661,0.13878,39.0637500011199,141.7262499999913,
31662,0.417214,39.069583334453455,141.72791666665785,
31663,0.212308,39.07041666778679,139.8712499999914,
31664,0.722771,39.27125000371126,141.88833333332457,甲子川
31665,0.133677,39.29375000112918,139.9670833333247,白雪川
31666,0.174494,39.3520833344648,141.9129166666578,大槌川
31667,0.180593,39.37125000113247,140.00958333332505,子吉川
31668,1.86305,39.39041666779974,140.01624999999126,
31669,0.101511,39.5004166678043,140.04541666665796,二古川
31670,0.157392,39.58791666780792,141.94708333332494,津軽石川
31671,0.121785,39.62208333447603,141.9662499999913,八木沢川
31672,0.83171,39.6404166678102,141.96374999999136,八木沢川
31673,3.72176,39.691250001145534,140.06124999999145,Omono River
31674,5.50623,39.75125000114792,140.06041666665817,旧雄物川
31675,0.204636,39.76666667123828,140.04791666665824,旧雄物川
31676,0.132833,39.851250001152096,141.97374999999124,摂待川
31677,0.331555,39.87958333768114,139.9699999999915,小深見川
31678,1.39425,39.89375000115388,139.94958333332465,
31679,0.104063,40.11291666782961,141.82791666665798,玉川
31680,0.408229,40.193750001166336,141.7987499999913,玉の脇川
31681,0.113219,40.20875000460745,141.8008333333247,
31682,2.37593,40.2145833345005,140.04124999999135,
31683,0.133629,40.2245833379518,140.01833333332468,竹生川
31684,0.357006,40.52791666784691,141.54291666665836,馬淵川
31685,2.87023,40.54041666784752,141.50291666665805,馬淵川
31686,1.07761,40.54000000469836,141.5195833333246,馬淵川
31687,0.397638,40.60291666785031,141.46208333332447,奥入瀬川
31688,0.556745,40.60625000118375,141.4612499999912,奥入瀬川
31689,1.94283,40.83416667141404,140.76708333332476,
31690,0.865875,40.83625000119349,140.72874999999146,西滝川
31691,0.403695,40.847916667860375,140.7070833333246,二股川
31692,0.137699,40.87041666786149,141.11708333332467,馬門川
31693,0.485534,40.88625000119555,141.3929166666578,Takase River
31797,0.391594,49.177083334938175,142.06874999999138,Приозерная
31798,0.536401,49.23875000160831,143.11291666665784,Поронай
31799,0.668919,49.27416667305175,143.1487499999913,Поронай
31800,0.111719,49.35541666828192,143.52458333332447,Барановка
31801,0.132906,49.44958333079694,142.1283333333247,
31802,0.471396,49.64458333496543,142.15541666665786,
31803,1.52668,50.89875000170747,142.14041666665776,Малая Александровка
31804,0.19755,51.051250001716994,142.2537499999912,Большой Сартунай
31805,0.244281,51.31791666840036,142.1720833333245,Хоэ
31806,0.554682,51.84041666843365,143.19958333332477,Тымь
31807,0.110529,52.34041666846628,143.1112499999913,
31808,0.171687,52.691250001822766,156.2237499999909,
31809,4.78418,52.94125000183976,158.4137499999905,
31810,1.03311,52.96166667395522,158.6979166666572,Кабан-Ручей
31811,14.4062,52.9662500018415,158.8179166666573,Халактырка
31812,0.13648,53.00541666851069,158.65291666665712,Кирпичная
31813,0.491135,53.00625000184425,158.41708333332394,Paratunka
31814,3.93744,53.02625000184543,158.64124999999046,
31815,3.82171,53.02958333517904,158.48874999999055,Авача
31816,9.83613,53.051250001847166,158.6129166666576,
31817,1.69304,53.0679166685149,158.53208333332395,Авача
31818,1.88628,53.572916668549794,142.96124999999165,Оха
